[0.019s] Invoking command in '/home/ivan/Webots_YOLOv8/build/soccer_vision_2d_msgs': CMAKE_PREFIX_PATH=/home/ivan/Webots_YOLOv8/install/soccer_vision_attribute_msgs:/home/ivan/Webots_YOLOv8/install/soccer_interfaces:/home/ivan/Webots_YOLOv8/install/soccer_vision_3d_msgs:/home/ivan/Webots_YOLOv8/install/soccer_vision_2d_msgs:/home/ivan/Webots_YOLOv8/install/soccer_model_msgs:/home/ivan/Webots_YOLOv8/install/soccer_geometry_msgs:/home/ivan/Webots_YOLOv8/install/ipm_interfaces:/home/ivan/ros2_ws/install/edrom_msgs:/home/ivan/Webots_YOLOv8/install/soccer_ipm:/home/ivan/Webots_YOLOv8/install/Webots_YOLOv8:/home/ivan/Webots_YOLOv8/install/my_package:/home/ivan/Webots_YOLOv8/install/ipm_service:/home/ivan/Webots_YOLOv8/install/ipm_image_node:/home/ivan/Webots_YOLOv8/install/ipm_library:/home/ivan/ros2_ws/install/object_finder_onnx:/home/ivan/ros2_ws/install/object_finder:/home/ivan/ros2_ws/install/my_package:/home/ivan/ros2_ws/install/Webots_YOLOv8:/opt/ros/humble LD_LIBRARY_PATH=/home/ivan/Webots_YOLOv8/install/soccer_vision_attribute_msgs/lib:/home/ivan/Webots_YOLOv8/install/soccer_vision_3d_msgs/lib:/home/ivan/Webots_YOLOv8/install/soccer_vision_2d_msgs/lib:/home/ivan/Webots_YOLOv8/install/soccer_model_msgs/lib:/home/ivan/Webots_YOLOv8/install/soccer_geometry_msgs/lib:/home/ivan/Webots_YOLOv8/install/ipm_interfaces/lib:/home/ivan/ros2_ws/install/edrom_msgs/lib:/opt/ros/humble/opt/rviz_ogre_vendor/lib:/opt/ros/humble/lib/x86_64-linux-gnu:/opt/ros/humble/lib /usr/bin/cmake /home/ivan/Webots_YOLOv8/src/soccer_interfaces/soccer_vision_2d_msgs -DCMAKE_INSTALL_PREFIX=/home/ivan/Webots_YOLOv8/install/soccer_vision_2d_msgs
[0.091s] -- The C compiler identification is GNU 11.4.0
[0.168s] -- The CXX compiler identification is GNU 11.4.0
[0.182s] -- Detecting C compiler ABI info
[0.289s] -- Detecting C compiler ABI info - done
[0.296s] -- Check for working C compiler: /usr/bin/cc - skipped
[0.296s] -- Detecting C compile features
[0.297s] -- Detecting C compile features - done
[0.300s] -- Detecting CXX compiler ABI info
[0.404s] -- Detecting CXX compiler ABI info - done
[0.412s] -- Check for working CXX compiler: /usr/bin/c++ - skipped
[0.412s] -- Detecting CXX compile features
[0.412s] -- Detecting CXX compile features - done
[0.417s] -- Found ament_cmake: 1.3.11 (/opt/ros/humble/share/ament_cmake/cmake)
[0.606s] -- Found Python3: /usr/bin/python3 (found version "3.10.12") found components: Interpreter 
[0.726s] -- Found rosidl_default_generators: 1.2.0 (/opt/ros/humble/share/rosidl_default_generators/cmake)
[0.734s] -- Using all available rosidl_typesupport_c: rosidl_typesupport_fastrtps_c;rosidl_typesupport_introspection_c
[0.744s] -- Found rosidl_adapter: 3.1.6 (/opt/ros/humble/share/rosidl_adapter/cmake)
[0.797s] -- Using all available rosidl_typesupport_cpp: rosidl_typesupport_fastrtps_cpp;rosidl_typesupport_introspection_cpp
[0.843s] -- Found vision_msgs: 4.1.1 (/opt/ros/humble/share/vision_msgs/cmake)
[0.914s] -- Found soccer_vision_attribute_msgs: 1.0.0 (/home/ivan/Webots_YOLOv8/install/soccer_vision_attribute_msgs/share/soccer_vision_attribute_msgs/cmake)
[1.378s] -- Found ament_cmake_ros: 0.10.0 (/opt/ros/humble/share/ament_cmake_ros/cmake)
[1.706s] -- Using all available rosidl_typesupport_c: rosidl_typesupport_fastrtps_c;rosidl_typesupport_introspection_c
[2.138s] -- Using all available rosidl_typesupport_cpp: rosidl_typesupport_fastrtps_cpp;rosidl_typesupport_introspection_cpp
[2.169s] -- Found PythonInterp: /usr/bin/python3 (found suitable version "3.10.12", minimum required is "3.6") 
[2.172s] -- Found python_cmake_module: 0.10.0 (/opt/ros/humble/share/python_cmake_module/cmake)
[2.207s] -- Found PythonLibs: /usr/lib/x86_64-linux-gnu/libpython3.10.so (found suitable version "3.10.12", minimum required is "3.5") 
[2.208s] -- Using PYTHON_EXECUTABLE: /usr/bin/python3
[2.208s] -- Using PYTHON_INCLUDE_DIRS: /usr/include/python3.10
[2.208s] -- Using PYTHON_LIBRARIES: /usr/lib/x86_64-linux-gnu/libpython3.10.so
[2.235s] -- Found PythonExtra: .so  
[2.335s] -- Found ament_lint_auto: 0.12.12 (/opt/ros/humble/share/ament_lint_auto/cmake)
[2.375s] -- Added test 'copyright' to check source files copyright and LICENSE
[2.379s] -- Added test 'lint_cmake' to check CMake code style
[2.381s] -- Added test 'xmllint' to check XML markup files
[2.385s] -- Configuring done
[2.467s] -- Generating done
[2.488s] -- Build files have been written to: /home/ivan/Webots_YOLOv8/build/soccer_vision_2d_msgs
[2.512s] Invoked command in '/home/ivan/Webots_YOLOv8/build/soccer_vision_2d_msgs' returned '0': CMAKE_PREFIX_PATH=/home/ivan/Webots_YOLOv8/install/soccer_vision_attribute_msgs:/home/ivan/Webots_YOLOv8/install/soccer_interfaces:/home/ivan/Webots_YOLOv8/install/soccer_vision_3d_msgs:/home/ivan/Webots_YOLOv8/install/soccer_vision_2d_msgs:/home/ivan/Webots_YOLOv8/install/soccer_model_msgs:/home/ivan/Webots_YOLOv8/install/soccer_geometry_msgs:/home/ivan/Webots_YOLOv8/install/ipm_interfaces:/home/ivan/ros2_ws/install/edrom_msgs:/home/ivan/Webots_YOLOv8/install/soccer_ipm:/home/ivan/Webots_YOLOv8/install/Webots_YOLOv8:/home/ivan/Webots_YOLOv8/install/my_package:/home/ivan/Webots_YOLOv8/install/ipm_service:/home/ivan/Webots_YOLOv8/install/ipm_image_node:/home/ivan/Webots_YOLOv8/install/ipm_library:/home/ivan/ros2_ws/install/object_finder_onnx:/home/ivan/ros2_ws/install/object_finder:/home/ivan/ros2_ws/install/my_package:/home/ivan/ros2_ws/install/Webots_YOLOv8:/opt/ros/humble LD_LIBRARY_PATH=/home/ivan/Webots_YOLOv8/install/soccer_vision_attribute_msgs/lib:/home/ivan/Webots_YOLOv8/install/soccer_vision_3d_msgs/lib:/home/ivan/Webots_YOLOv8/install/soccer_vision_2d_msgs/lib:/home/ivan/Webots_YOLOv8/install/soccer_model_msgs/lib:/home/ivan/Webots_YOLOv8/install/soccer_geometry_msgs/lib:/home/ivan/Webots_YOLOv8/install/ipm_interfaces/lib:/home/ivan/ros2_ws/install/edrom_msgs/lib:/opt/ros/humble/opt/rviz_ogre_vendor/lib:/opt/ros/humble/lib/x86_64-linux-gnu:/opt/ros/humble/lib /usr/bin/cmake /home/ivan/Webots_YOLOv8/src/soccer_interfaces/soccer_vision_2d_msgs -DCMAKE_INSTALL_PREFIX=/home/ivan/Webots_YOLOv8/install/soccer_vision_2d_msgs
[2.515s] Invoking command in '/home/ivan/Webots_YOLOv8/build/soccer_vision_2d_msgs': CMAKE_PREFIX_PATH=/home/ivan/Webots_YOLOv8/install/soccer_vision_attribute_msgs:/home/ivan/Webots_YOLOv8/install/soccer_interfaces:/home/ivan/Webots_YOLOv8/install/soccer_vision_3d_msgs:/home/ivan/Webots_YOLOv8/install/soccer_vision_2d_msgs:/home/ivan/Webots_YOLOv8/install/soccer_model_msgs:/home/ivan/Webots_YOLOv8/install/soccer_geometry_msgs:/home/ivan/Webots_YOLOv8/install/ipm_interfaces:/home/ivan/ros2_ws/install/edrom_msgs:/home/ivan/Webots_YOLOv8/install/soccer_ipm:/home/ivan/Webots_YOLOv8/install/Webots_YOLOv8:/home/ivan/Webots_YOLOv8/install/my_package:/home/ivan/Webots_YOLOv8/install/ipm_service:/home/ivan/Webots_YOLOv8/install/ipm_image_node:/home/ivan/Webots_YOLOv8/install/ipm_library:/home/ivan/ros2_ws/install/object_finder_onnx:/home/ivan/ros2_ws/install/object_finder:/home/ivan/ros2_ws/install/my_package:/home/ivan/ros2_ws/install/Webots_YOLOv8:/opt/ros/humble LD_LIBRARY_PATH=/home/ivan/Webots_YOLOv8/install/soccer_vision_attribute_msgs/lib:/home/ivan/Webots_YOLOv8/install/soccer_vision_3d_msgs/lib:/home/ivan/Webots_YOLOv8/install/soccer_vision_2d_msgs/lib:/home/ivan/Webots_YOLOv8/install/soccer_model_msgs/lib:/home/ivan/Webots_YOLOv8/install/soccer_geometry_msgs/lib:/home/ivan/Webots_YOLOv8/install/ipm_interfaces/lib:/home/ivan/ros2_ws/install/edrom_msgs/lib:/opt/ros/humble/opt/rviz_ogre_vendor/lib:/opt/ros/humble/lib/x86_64-linux-gnu:/opt/ros/humble/lib /usr/bin/cmake --build /home/ivan/Webots_YOLOv8/build/soccer_vision_2d_msgs -- -j12 -l12
[2.598s] [  1%] [34m[1mGenerating C code for ROS interfaces[0m
[2.618s] [  1%] [34m[1mGenerating C++ code for ROS interfaces[0m
[2.635s] [  1%] Built target ament_cmake_python_copy_soccer_vision_2d_msgs
[3.184s] running egg_info
[3.186s] creating soccer_vision_2d_msgs.egg-info
[3.187s] writing soccer_vision_2d_msgs.egg-info/PKG-INFO
[3.189s] writing dependency_links to soccer_vision_2d_msgs.egg-info/dependency_links.txt
[3.190s] writing top-level names to soccer_vision_2d_msgs.egg-info/top_level.txt
[3.191s] writing manifest file 'soccer_vision_2d_msgs.egg-info/SOURCES.txt'
[3.194s] reading manifest file 'soccer_vision_2d_msgs.egg-info/SOURCES.txt'
[3.197s] writing manifest file 'soccer_vision_2d_msgs.egg-info/SOURCES.txt'
[3.265s] [  1%] Built target ament_cmake_python_build_soccer_vision_2d_msgs_egg
[5.602s] [  1%] Built target soccer_vision_2d_msgs__cpp
[5.645s] [  1%] [34m[1mGenerating C++ introspection for ROS interfaces[0m
[5.646s] [  2%] [34m[1mGenerating C++ type support dispatch for ROS interfaces[0m
[5.648s] [  3%] [34m[1mGenerating C++ type support for eProsima Fast-RTPS[0m
[5.724s] [  5%] [32mBuilding C object CMakeFiles/soccer_vision_2d_msgs__rosidl_generator_c.dir/rosidl_generator_c/soccer_vision_2d_msgs/msg/detail/ball__functions.c.o[0m
[5.724s] [  5%] [32mBuilding C object CMakeFiles/soccer_vision_2d_msgs__rosidl_generator_c.dir/rosidl_generator_c/soccer_vision_2d_msgs/msg/detail/goalpost__functions.c.o[0m
[5.735s] [  5%] [32mBuilding C object CMakeFiles/soccer_vision_2d_msgs__rosidl_generator_c.dir/rosidl_generator_c/soccer_vision_2d_msgs/msg/detail/ball_array__functions.c.o[0m
[5.741s] [  6%] [32mBuilding C object CMakeFiles/soccer_vision_2d_msgs__rosidl_generator_c.dir/rosidl_generator_c/soccer_vision_2d_msgs/msg/detail/field_boundary__functions.c.o[0m
[5.744s] [  7%] [32mBuilding C object CMakeFiles/soccer_vision_2d_msgs__rosidl_generator_c.dir/rosidl_generator_c/soccer_vision_2d_msgs/msg/detail/goalpost_array__functions.c.o[0m
[5.750s] [  8%] [32mBuilding C object CMakeFiles/soccer_vision_2d_msgs__rosidl_generator_c.dir/rosidl_generator_c/soccer_vision_2d_msgs/msg/detail/marking_ellipse__functions.c.o[0m
[5.751s] [  8%] [32mBuilding C object CMakeFiles/soccer_vision_2d_msgs__rosidl_generator_c.dir/rosidl_generator_c/soccer_vision_2d_msgs/msg/detail/marking_intersection__functions.c.o[0m
[5.763s] [  9%] [32mBuilding C object CMakeFiles/soccer_vision_2d_msgs__rosidl_generator_c.dir/rosidl_generator_c/soccer_vision_2d_msgs/msg/detail/marking_array__functions.c.o[0m
[5.763s] [ 10%] [32mBuilding C object CMakeFiles/soccer_vision_2d_msgs__rosidl_generator_c.dir/rosidl_generator_c/soccer_vision_2d_msgs/msg/detail/marking_segment__functions.c.o[0m
[5.907s] [ 11%] [32mBuilding C object CMakeFiles/soccer_vision_2d_msgs__rosidl_generator_c.dir/rosidl_generator_c/soccer_vision_2d_msgs/msg/detail/obstacle__functions.c.o[0m
[5.968s] [ 11%] [32mBuilding C object CMakeFiles/soccer_vision_2d_msgs__rosidl_generator_c.dir/rosidl_generator_c/soccer_vision_2d_msgs/msg/detail/robot__functions.c.o[0m
[5.982s] [ 13%] [32mBuilding C object CMakeFiles/soccer_vision_2d_msgs__rosidl_generator_c.dir/rosidl_generator_c/soccer_vision_2d_msgs/msg/detail/obstacle_array__functions.c.o[0m
[5.988s] [ 13%] [32mBuilding C object CMakeFiles/soccer_vision_2d_msgs__rosidl_generator_c.dir/rosidl_generator_c/soccer_vision_2d_msgs/msg/detail/robot_array__functions.c.o[0m
[6.191s] [ 14%] [32m[1mLinking C shared library libsoccer_vision_2d_msgs__rosidl_generator_c.so[0m
[6.409s] [ 14%] Built target soccer_vision_2d_msgs__rosidl_generator_c
[6.477s] [ 15%] [34m[1mGenerating C type support dispatch for ROS interfaces[0m
[6.487s] [ 16%] [34m[1mGenerating C type support for eProsima Fast-RTPS[0m
[6.491s] [ 17%] [34m[1mGenerating C introspection for ROS interfaces[0m
[8.344s] [ 18%] [32mBuilding CXX object CMakeFiles/soccer_vision_2d_msgs__rosidl_typesupport_cpp.dir/rosidl_typesupport_cpp/soccer_vision_2d_msgs/msg/ball__type_support.cpp.o[0m
[8.358s] [ 19%] [32mBuilding CXX object CMakeFiles/soccer_vision_2d_msgs__rosidl_typesupport_cpp.dir/rosidl_typesupport_cpp/soccer_vision_2d_msgs/msg/ball_array__type_support.cpp.o[0m
[8.364s] [ 19%] [32mBuilding CXX object CMakeFiles/soccer_vision_2d_msgs__rosidl_typesupport_cpp.dir/rosidl_typesupport_cpp/soccer_vision_2d_msgs/msg/field_boundary__type_support.cpp.o[0m
[8.409s] [ 20%] [32mBuilding CXX object CMakeFiles/soccer_vision_2d_msgs__rosidl_typesupport_cpp.dir/rosidl_typesupport_cpp/soccer_vision_2d_msgs/msg/goalpost__type_support.cpp.o[0m
[8.509s] [ 22%] [32mBuilding CXX object CMakeFiles/soccer_vision_2d_msgs__rosidl_typesupport_cpp.dir/rosidl_typesupport_cpp/soccer_vision_2d_msgs/msg/goalpost_array__type_support.cpp.o[0m
[8.512s] [ 21%] [32mBuilding CXX object CMakeFiles/soccer_vision_2d_msgs__rosidl_typesupport_cpp.dir/rosidl_typesupport_cpp/soccer_vision_2d_msgs/msg/marking_ellipse__type_support.cpp.o[0m
[8.560s] [ 23%] [32mBuilding CXX object CMakeFiles/soccer_vision_2d_msgs__rosidl_typesupport_cpp.dir/rosidl_typesupport_cpp/soccer_vision_2d_msgs/msg/marking_intersection__type_support.cpp.o[0m
[8.625s] [ 24%] [32mBuilding CXX object CMakeFiles/soccer_vision_2d_msgs__rosidl_typesupport_introspection_cpp.dir/rosidl_typesupport_introspection_cpp/soccer_vision_2d_msgs/msg/detail/ball__type_support.cpp.o[0m
[9.329s] [ 25%] [32mBuilding CXX object CMakeFiles/soccer_vision_2d_msgs__rosidl_typesupport_introspection_cpp.dir/rosidl_typesupport_introspection_cpp/soccer_vision_2d_msgs/msg/detail/ball_array__type_support.cpp.o[0m
[9.359s] [ 25%] [32mBuilding CXX object CMakeFiles/soccer_vision_2d_msgs__rosidl_typesupport_cpp.dir/rosidl_typesupport_cpp/soccer_vision_2d_msgs/msg/marking_segment__type_support.cpp.o[0m
[9.408s] [ 26%] [32mBuilding CXX object CMakeFiles/soccer_vision_2d_msgs__rosidl_typesupport_introspection_cpp.dir/rosidl_typesupport_introspection_cpp/soccer_vision_2d_msgs/msg/detail/field_boundary__type_support.cpp.o[0m
[9.422s] [ 27%] [32mBuilding CXX object CMakeFiles/soccer_vision_2d_msgs__rosidl_typesupport_cpp.dir/rosidl_typesupport_cpp/soccer_vision_2d_msgs/msg/marking_array__type_support.cpp.o[0m
[9.463s] [ 27%] [32mBuilding CXX object CMakeFiles/soccer_vision_2d_msgs__rosidl_typesupport_c.dir/rosidl_typesupport_c/soccer_vision_2d_msgs/msg/ball__type_support.cpp.o[0m
[9.578s] [ 28%] [32mBuilding CXX object CMakeFiles/soccer_vision_2d_msgs__rosidl_typesupport_introspection_cpp.dir/rosidl_typesupport_introspection_cpp/soccer_vision_2d_msgs/msg/detail/goalpost__type_support.cpp.o[0m
[9.578s] [ 29%] [32mBuilding CXX object CMakeFiles/soccer_vision_2d_msgs__rosidl_typesupport_fastrtps_cpp.dir/rosidl_typesupport_fastrtps_cpp/soccer_vision_2d_msgs/msg/detail/dds_fastrtps/ball__type_support.cpp.o[0m
[9.599s] [ 30%] [32mBuilding CXX object CMakeFiles/soccer_vision_2d_msgs__rosidl_typesupport_c.dir/rosidl_typesupport_c/soccer_vision_2d_msgs/msg/ball_array__type_support.cpp.o[0m
[9.600s] [ 31%] [32mBuilding CXX object CMakeFiles/soccer_vision_2d_msgs__rosidl_typesupport_fastrtps_cpp.dir/rosidl_typesupport_fastrtps_cpp/soccer_vision_2d_msgs/msg/detail/dds_fastrtps/ball_array__type_support.cpp.o[0m
[9.726s] [ 32%] [32mBuilding CXX object CMakeFiles/soccer_vision_2d_msgs__rosidl_typesupport_c.dir/rosidl_typesupport_c/soccer_vision_2d_msgs/msg/field_boundary__type_support.cpp.o[0m
[9.886s] [ 33%] [32mBuilding CXX object CMakeFiles/soccer_vision_2d_msgs__rosidl_typesupport_c.dir/rosidl_typesupport_c/soccer_vision_2d_msgs/msg/goalpost__type_support.cpp.o[0m
[9.912s] [ 33%] [32mBuilding CXX object CMakeFiles/soccer_vision_2d_msgs__rosidl_typesupport_introspection_cpp.dir/rosidl_typesupport_introspection_cpp/soccer_vision_2d_msgs/msg/detail/goalpost_array__type_support.cpp.o[0m
[10.071s] [ 34%] [32mBuilding CXX object CMakeFiles/soccer_vision_2d_msgs__rosidl_typesupport_c.dir/rosidl_typesupport_c/soccer_vision_2d_msgs/msg/goalpost_array__type_support.cpp.o[0m
[10.227s] [ 34%] [32mBuilding CXX object CMakeFiles/soccer_vision_2d_msgs__rosidl_typesupport_c.dir/rosidl_typesupport_c/soccer_vision_2d_msgs/msg/marking_ellipse__type_support.cpp.o[0m
[10.312s] [ 35%] [32mBuilding CXX object CMakeFiles/soccer_vision_2d_msgs__rosidl_typesupport_c.dir/rosidl_typesupport_c/soccer_vision_2d_msgs/msg/marking_intersection__type_support.cpp.o[0m
[10.329s] [ 36%] [32mBuilding CXX object CMakeFiles/soccer_vision_2d_msgs__rosidl_typesupport_c.dir/rosidl_typesupport_c/soccer_vision_2d_msgs/msg/marking_segment__type_support.cpp.o[0m
[10.412s] [ 37%] [32mBuilding CXX object CMakeFiles/soccer_vision_2d_msgs__rosidl_typesupport_introspection_cpp.dir/rosidl_typesupport_introspection_cpp/soccer_vision_2d_msgs/msg/detail/marking_ellipse__type_support.cpp.o[0m
[10.445s] [ 38%] [32mBuilding CXX object CMakeFiles/soccer_vision_2d_msgs__rosidl_typesupport_c.dir/rosidl_typesupport_c/soccer_vision_2d_msgs/msg/marking_array__type_support.cpp.o[0m
[10.494s] [ 39%] [32mBuilding CXX object CMakeFiles/soccer_vision_2d_msgs__rosidl_typesupport_cpp.dir/rosidl_typesupport_cpp/soccer_vision_2d_msgs/msg/obstacle__type_support.cpp.o[0m
[10.534s] [ 40%] [32mBuilding C object CMakeFiles/soccer_vision_2d_msgs__rosidl_typesupport_introspection_c.dir/rosidl_typesupport_introspection_c/soccer_vision_2d_msgs/msg/detail/ball__type_support.c.o[0m
[10.581s] [ 41%] [32mBuilding CXX object CMakeFiles/soccer_vision_2d_msgs__rosidl_typesupport_c.dir/rosidl_typesupport_c/soccer_vision_2d_msgs/msg/obstacle__type_support.cpp.o[0m
[10.692s] [ 41%] [32mBuilding CXX object CMakeFiles/soccer_vision_2d_msgs__rosidl_typesupport_c.dir/rosidl_typesupport_c/soccer_vision_2d_msgs/msg/obstacle_array__type_support.cpp.o[0m
[10.710s] [ 42%] [32mBuilding C object CMakeFiles/soccer_vision_2d_msgs__rosidl_typesupport_introspection_c.dir/rosidl_typesupport_introspection_c/soccer_vision_2d_msgs/msg/detail/ball_array__type_support.c.o[0m
[10.740s] [ 43%] [32mBuilding CXX object CMakeFiles/soccer_vision_2d_msgs__rosidl_typesupport_cpp.dir/rosidl_typesupport_cpp/soccer_vision_2d_msgs/msg/obstacle_array__type_support.cpp.o[0m
[10.831s] [ 44%] [32mBuilding CXX object CMakeFiles/soccer_vision_2d_msgs__rosidl_typesupport_c.dir/rosidl_typesupport_c/soccer_vision_2d_msgs/msg/robot__type_support.cpp.o[0m
[10.895s] [ 45%] [32mBuilding CXX object CMakeFiles/soccer_vision_2d_msgs__rosidl_typesupport_fastrtps_c.dir/rosidl_typesupport_fastrtps_c/soccer_vision_2d_msgs/msg/detail/ball__type_support_c.cpp.o[0m
[10.897s] [ 45%] [32mBuilding C object CMakeFiles/soccer_vision_2d_msgs__rosidl_typesupport_introspection_c.dir/rosidl_typesupport_introspection_c/soccer_vision_2d_msgs/msg/detail/field_boundary__type_support.c.o[0m
[10.938s] [ 46%] [32mBuilding CXX object CMakeFiles/soccer_vision_2d_msgs__rosidl_typesupport_introspection_cpp.dir/rosidl_typesupport_introspection_cpp/soccer_vision_2d_msgs/msg/detail/marking_intersection__type_support.cpp.o[0m
[11.006s] [ 46%] [32mBuilding CXX object CMakeFiles/soccer_vision_2d_msgs__rosidl_typesupport_fastrtps_c.dir/rosidl_typesupport_fastrtps_c/soccer_vision_2d_msgs/msg/detail/ball_array__type_support_c.cpp.o[0m
[11.006s] [ 47%] [32mBuilding CXX object CMakeFiles/soccer_vision_2d_msgs__rosidl_typesupport_c.dir/rosidl_typesupport_c/soccer_vision_2d_msgs/msg/robot_array__type_support.cpp.o[0m
[11.017s] [ 48%] [32mBuilding C object CMakeFiles/soccer_vision_2d_msgs__rosidl_typesupport_introspection_c.dir/rosidl_typesupport_introspection_c/soccer_vision_2d_msgs/msg/detail/goalpost__type_support.c.o[0m
[11.055s] [ 49%] [32mBuilding CXX object CMakeFiles/soccer_vision_2d_msgs__rosidl_typesupport_fastrtps_c.dir/rosidl_typesupport_fastrtps_c/soccer_vision_2d_msgs/msg/detail/field_boundary__type_support_c.cpp.o[0m
[11.200s] [ 50%] [32mBuilding C object CMakeFiles/soccer_vision_2d_msgs__rosidl_typesupport_introspection_c.dir/rosidl_typesupport_introspection_c/soccer_vision_2d_msgs/msg/detail/goalpost_array__type_support.c.o[0m
[11.223s] [ 51%] [32m[1mLinking CXX shared library libsoccer_vision_2d_msgs__rosidl_typesupport_c.so[0m
[11.331s] [ 52%] [32mBuilding CXX object CMakeFiles/soccer_vision_2d_msgs__rosidl_typesupport_fastrtps_cpp.dir/rosidl_typesupport_fastrtps_cpp/soccer_vision_2d_msgs/msg/detail/dds_fastrtps/field_boundary__type_support.cpp.o[0m
[11.354s] [ 53%] [32mBuilding CXX object CMakeFiles/soccer_vision_2d_msgs__rosidl_typesupport_introspection_cpp.dir/rosidl_typesupport_introspection_cpp/soccer_vision_2d_msgs/msg/detail/marking_segment__type_support.cpp.o[0m
[11.470s] [ 54%] [32mBuilding C object CMakeFiles/soccer_vision_2d_msgs__rosidl_typesupport_introspection_c.dir/rosidl_typesupport_introspection_c/soccer_vision_2d_msgs/msg/detail/marking_ellipse__type_support.c.o[0m
[11.524s] [ 54%] Built target soccer_vision_2d_msgs__rosidl_typesupport_c
[11.557s] [ 55%] [32mBuilding C object CMakeFiles/soccer_vision_2d_msgs__rosidl_typesupport_introspection_c.dir/rosidl_typesupport_introspection_c/soccer_vision_2d_msgs/msg/detail/marking_intersection__type_support.c.o[0m
[11.598s] [ 56%] [32mBuilding CXX object CMakeFiles/soccer_vision_2d_msgs__rosidl_typesupport_fastrtps_c.dir/rosidl_typesupport_fastrtps_c/soccer_vision_2d_msgs/msg/detail/goalpost__type_support_c.cpp.o[0m
[11.610s] [ 57%] [32mBuilding CXX object CMakeFiles/soccer_vision_2d_msgs__rosidl_typesupport_introspection_cpp.dir/rosidl_typesupport_introspection_cpp/soccer_vision_2d_msgs/msg/detail/marking_array__type_support.cpp.o[0m
[11.653s] [ 57%] [32mBuilding CXX object CMakeFiles/soccer_vision_2d_msgs__rosidl_typesupport_fastrtps_cpp.dir/rosidl_typesupport_fastrtps_cpp/soccer_vision_2d_msgs/msg/detail/dds_fastrtps/goalpost__type_support.cpp.o[0m
[11.770s] [ 57%] [32mBuilding CXX object CMakeFiles/soccer_vision_2d_msgs__rosidl_typesupport_introspection_cpp.dir/rosidl_typesupport_introspection_cpp/soccer_vision_2d_msgs/msg/detail/obstacle__type_support.cpp.o[0m
[11.803s] [ 57%] [32mBuilding C object CMakeFiles/soccer_vision_2d_msgs__rosidl_typesupport_introspection_c.dir/rosidl_typesupport_introspection_c/soccer_vision_2d_msgs/msg/detail/marking_segment__type_support.c.o[0m
[12.028s] [ 58%] [32mBuilding CXX object CMakeFiles/soccer_vision_2d_msgs__rosidl_typesupport_cpp.dir/rosidl_typesupport_cpp/soccer_vision_2d_msgs/msg/robot__type_support.cpp.o[0m
[12.050s] [ 59%] [32mBuilding C object CMakeFiles/soccer_vision_2d_msgs__rosidl_typesupport_introspection_c.dir/rosidl_typesupport_introspection_c/soccer_vision_2d_msgs/msg/detail/marking_array__type_support.c.o[0m
[12.272s] [ 60%] [32mBuilding C object CMakeFiles/soccer_vision_2d_msgs__rosidl_typesupport_introspection_c.dir/rosidl_typesupport_introspection_c/soccer_vision_2d_msgs/msg/detail/obstacle__type_support.c.o[0m
[12.382s] [ 61%] [32mBuilding C object CMakeFiles/soccer_vision_2d_msgs__rosidl_typesupport_introspection_c.dir/rosidl_typesupport_introspection_c/soccer_vision_2d_msgs/msg/detail/obstacle_array__type_support.c.o[0m
[12.393s] [ 61%] [32mBuilding CXX object CMakeFiles/soccer_vision_2d_msgs__rosidl_typesupport_cpp.dir/rosidl_typesupport_cpp/soccer_vision_2d_msgs/msg/robot_array__type_support.cpp.o[0m
[12.662s] [ 62%] [32mBuilding C object CMakeFiles/soccer_vision_2d_msgs__rosidl_typesupport_introspection_c.dir/rosidl_typesupport_introspection_c/soccer_vision_2d_msgs/msg/detail/robot__type_support.c.o[0m
[12.746s] [ 63%] [32mBuilding CXX object CMakeFiles/soccer_vision_2d_msgs__rosidl_typesupport_fastrtps_cpp.dir/rosidl_typesupport_fastrtps_cpp/soccer_vision_2d_msgs/msg/detail/dds_fastrtps/goalpost_array__type_support.cpp.o[0m
[12.778s] [ 63%] [32mBuilding C object CMakeFiles/soccer_vision_2d_msgs__rosidl_typesupport_introspection_c.dir/rosidl_typesupport_introspection_c/soccer_vision_2d_msgs/msg/detail/robot_array__type_support.c.o[0m
[12.786s] [ 64%] [32mBuilding CXX object CMakeFiles/soccer_vision_2d_msgs__rosidl_typesupport_introspection_cpp.dir/rosidl_typesupport_introspection_cpp/soccer_vision_2d_msgs/msg/detail/obstacle_array__type_support.cpp.o[0m
[12.899s] [ 65%] [32mBuilding CXX object CMakeFiles/soccer_vision_2d_msgs__rosidl_typesupport_introspection_cpp.dir/rosidl_typesupport_introspection_cpp/soccer_vision_2d_msgs/msg/detail/robot__type_support.cpp.o[0m
[13.003s] [ 66%] [32m[1mLinking C shared library libsoccer_vision_2d_msgs__rosidl_typesupport_introspection_c.so[0m
[13.232s] [ 66%] Built target soccer_vision_2d_msgs__rosidl_typesupport_introspection_c
[13.256s] [ 67%] [32mBuilding CXX object CMakeFiles/soccer_vision_2d_msgs__rosidl_typesupport_fastrtps_c.dir/rosidl_typesupport_fastrtps_c/soccer_vision_2d_msgs/msg/detail/goalpost_array__type_support_c.cpp.o[0m
[13.338s] [ 68%] [32mBuilding CXX object CMakeFiles/soccer_vision_2d_msgs__rosidl_typesupport_fastrtps_cpp.dir/rosidl_typesupport_fastrtps_cpp/soccer_vision_2d_msgs/msg/detail/dds_fastrtps/marking_ellipse__type_support.cpp.o[0m
[13.399s] [ 69%] [32mBuilding CXX object CMakeFiles/soccer_vision_2d_msgs__rosidl_typesupport_fastrtps_cpp.dir/rosidl_typesupport_fastrtps_cpp/soccer_vision_2d_msgs/msg/detail/dds_fastrtps/marking_intersection__type_support.cpp.o[0m
[13.481s] [ 70%] [32mBuilding CXX object CMakeFiles/soccer_vision_2d_msgs__rosidl_typesupport_fastrtps_c.dir/rosidl_typesupport_fastrtps_c/soccer_vision_2d_msgs/msg/detail/marking_ellipse__type_support_c.cpp.o[0m
[13.637s] [ 71%] [32m[1mLinking CXX shared library libsoccer_vision_2d_msgs__rosidl_typesupport_cpp.so[0m
[13.638s] [ 72%] [32mBuilding CXX object CMakeFiles/soccer_vision_2d_msgs__rosidl_typesupport_fastrtps_cpp.dir/rosidl_typesupport_fastrtps_cpp/soccer_vision_2d_msgs/msg/detail/dds_fastrtps/marking_segment__type_support.cpp.o[0m
[15.002s] [ 72%] Built target soccer_vision_2d_msgs__rosidl_typesupport_cpp
[15.009s] [ 73%] [32mBuilding CXX object CMakeFiles/soccer_vision_2d_msgs__rosidl_typesupport_introspection_cpp.dir/rosidl_typesupport_introspection_cpp/soccer_vision_2d_msgs/msg/detail/robot_array__type_support.cpp.o[0m
[15.048s] [ 73%] [32mBuilding CXX object CMakeFiles/soccer_vision_2d_msgs__rosidl_typesupport_fastrtps_c.dir/rosidl_typesupport_fastrtps_c/soccer_vision_2d_msgs/msg/detail/marking_intersection__type_support_c.cpp.o[0m
[15.201s] [ 73%] [32mBuilding CXX object CMakeFiles/soccer_vision_2d_msgs__rosidl_typesupport_fastrtps_cpp.dir/rosidl_typesupport_fastrtps_cpp/soccer_vision_2d_msgs/msg/detail/dds_fastrtps/marking_array__type_support.cpp.o[0m
[15.324s] [ 74%] [32mBuilding CXX object CMakeFiles/soccer_vision_2d_msgs__rosidl_typesupport_fastrtps_c.dir/rosidl_typesupport_fastrtps_c/soccer_vision_2d_msgs/msg/detail/marking_segment__type_support_c.cpp.o[0m
[15.538s] [ 75%] [32mBuilding CXX object CMakeFiles/soccer_vision_2d_msgs__rosidl_typesupport_fastrtps_c.dir/rosidl_typesupport_fastrtps_c/soccer_vision_2d_msgs/msg/detail/marking_array__type_support_c.cpp.o[0m
[15.908s] [ 76%] [32mBuilding CXX object CMakeFiles/soccer_vision_2d_msgs__rosidl_typesupport_fastrtps_cpp.dir/rosidl_typesupport_fastrtps_cpp/soccer_vision_2d_msgs/msg/detail/dds_fastrtps/obstacle__type_support.cpp.o[0m
[15.916s] [ 77%] [32mBuilding CXX object CMakeFiles/soccer_vision_2d_msgs__rosidl_typesupport_fastrtps_c.dir/rosidl_typesupport_fastrtps_c/soccer_vision_2d_msgs/msg/detail/obstacle__type_support_c.cpp.o[0m
[16.246s] [ 78%] [32mBuilding CXX object CMakeFiles/soccer_vision_2d_msgs__rosidl_typesupport_fastrtps_cpp.dir/rosidl_typesupport_fastrtps_cpp/soccer_vision_2d_msgs/msg/detail/dds_fastrtps/obstacle_array__type_support.cpp.o[0m
[16.252s] [ 79%] [32mBuilding CXX object CMakeFiles/soccer_vision_2d_msgs__rosidl_typesupport_fastrtps_c.dir/rosidl_typesupport_fastrtps_c/soccer_vision_2d_msgs/msg/detail/obstacle_array__type_support_c.cpp.o[0m
[16.338s] [ 80%] [32mBuilding CXX object CMakeFiles/soccer_vision_2d_msgs__rosidl_typesupport_fastrtps_cpp.dir/rosidl_typesupport_fastrtps_cpp/soccer_vision_2d_msgs/msg/detail/dds_fastrtps/robot__type_support.cpp.o[0m
[16.490s] [ 81%] [32mBuilding CXX object CMakeFiles/soccer_vision_2d_msgs__rosidl_typesupport_fastrtps_cpp.dir/rosidl_typesupport_fastrtps_cpp/soccer_vision_2d_msgs/msg/detail/dds_fastrtps/robot_array__type_support.cpp.o[0m
[16.637s] [ 81%] [32mBuilding CXX object CMakeFiles/soccer_vision_2d_msgs__rosidl_typesupport_fastrtps_c.dir/rosidl_typesupport_fastrtps_c/soccer_vision_2d_msgs/msg/detail/robot__type_support_c.cpp.o[0m
[16.894s] [ 82%] [32mBuilding CXX object CMakeFiles/soccer_vision_2d_msgs__rosidl_typesupport_fastrtps_c.dir/rosidl_typesupport_fastrtps_c/soccer_vision_2d_msgs/msg/detail/robot_array__type_support_c.cpp.o[0m
[17.226s] [ 83%] [32m[1mLinking CXX shared library libsoccer_vision_2d_msgs__rosidl_typesupport_introspection_cpp.so[0m
[17.543s] [ 83%] Built target soccer_vision_2d_msgs__rosidl_typesupport_introspection_cpp
[17.652s] [ 84%] [32m[1mLinking CXX shared library libsoccer_vision_2d_msgs__rosidl_typesupport_fastrtps_c.so[0m
[17.689s] [ 84%] [32m[1mLinking CXX shared library libsoccer_vision_2d_msgs__rosidl_typesupport_fastrtps_cpp.so[0m
[17.815s] [ 84%] Built target soccer_vision_2d_msgs__rosidl_typesupport_fastrtps_c
[17.846s] [ 84%] Built target soccer_vision_2d_msgs__rosidl_typesupport_fastrtps_cpp
[17.873s] [ 84%] Built target soccer_vision_2d_msgs
[17.900s] [ 85%] [34m[1mGenerating Python code for ROS interfaces[0m
[19.860s] [ 85%] Built target soccer_vision_2d_msgs__py
[19.908s] [ 86%] [32mBuilding C object CMakeFiles/soccer_vision_2d_msgs__rosidl_generator_py.dir/rosidl_generator_py/soccer_vision_2d_msgs/msg/_goalpost_s.c.o[0m
[19.910s] [ 87%] [32mBuilding C object CMakeFiles/soccer_vision_2d_msgs__rosidl_generator_py.dir/rosidl_generator_py/soccer_vision_2d_msgs/msg/_ball_s.c.o[0m
[19.912s] [ 87%] [32mBuilding C object CMakeFiles/soccer_vision_2d_msgs__rosidl_generator_py.dir/rosidl_generator_py/soccer_vision_2d_msgs/msg/_ball_array_s.c.o[0m
[19.912s] [ 89%] [32mBuilding C object CMakeFiles/soccer_vision_2d_msgs__rosidl_generator_py.dir/rosidl_generator_py/soccer_vision_2d_msgs/msg/_marking_ellipse_s.c.o[0m
[19.913s] [ 89%] [32mBuilding C object CMakeFiles/soccer_vision_2d_msgs__rosidl_generator_py.dir/rosidl_generator_py/soccer_vision_2d_msgs/msg/_goalpost_array_s.c.o[0m
[19.921s] [ 90%] [32mBuilding C object CMakeFiles/soccer_vision_2d_msgs__rosidl_generator_py.dir/rosidl_generator_py/soccer_vision_2d_msgs/msg/_marking_segment_s.c.o[0m
[19.923s] [ 90%] [32mBuilding C object CMakeFiles/soccer_vision_2d_msgs__rosidl_generator_py.dir/rosidl_generator_py/soccer_vision_2d_msgs/msg/_marking_intersection_s.c.o[0m
[19.924s] [ 91%] [32mBuilding C object CMakeFiles/soccer_vision_2d_msgs__rosidl_generator_py.dir/rosidl_generator_py/soccer_vision_2d_msgs/msg/_field_boundary_s.c.o[0m
[19.928s] [ 93%] [32mBuilding C object CMakeFiles/soccer_vision_2d_msgs__rosidl_generator_py.dir/rosidl_generator_py/soccer_vision_2d_msgs/msg/_obstacle_array_s.c.o[0m
[19.928s] [ 93%] [32mBuilding C object CMakeFiles/soccer_vision_2d_msgs__rosidl_generator_py.dir/rosidl_generator_py/soccer_vision_2d_msgs/msg/_marking_array_s.c.o[0m
[19.930s] [ 94%] [32mBuilding C object CMakeFiles/soccer_vision_2d_msgs__rosidl_generator_py.dir/rosidl_generator_py/soccer_vision_2d_msgs/msg/_obstacle_s.c.o[0m
[19.931s] [ 94%] [32mBuilding C object CMakeFiles/soccer_vision_2d_msgs__rosidl_generator_py.dir/rosidl_generator_py/soccer_vision_2d_msgs/msg/_robot_s.c.o[0m
[20.144s] [ 95%] [32mBuilding C object CMakeFiles/soccer_vision_2d_msgs__rosidl_generator_py.dir/rosidl_generator_py/soccer_vision_2d_msgs/msg/_robot_array_s.c.o[0m
[20.275s] [ 96%] [32m[1mLinking C shared library rosidl_generator_py/soccer_vision_2d_msgs/libsoccer_vision_2d_msgs__rosidl_generator_py.so[0m
[20.336s] [ 96%] Built target soccer_vision_2d_msgs__rosidl_generator_py
[20.364s] [ 98%] [32mBuilding C object CMakeFiles/soccer_vision_2d_msgs__rosidl_typesupport_fastrtps_c__pyext.dir/rosidl_generator_py/soccer_vision_2d_msgs/_soccer_vision_2d_msgs_s.ep.rosidl_typesupport_fastrtps_c.c.o[0m
[20.364s] [ 98%] [32mBuilding C object CMakeFiles/soccer_vision_2d_msgs__rosidl_typesupport_introspection_c__pyext.dir/rosidl_generator_py/soccer_vision_2d_msgs/_soccer_vision_2d_msgs_s.ep.rosidl_typesupport_introspection_c.c.o[0m
[20.365s] [ 99%] [32mBuilding C object CMakeFiles/soccer_vision_2d_msgs__rosidl_typesupport_c__pyext.dir/rosidl_generator_py/soccer_vision_2d_msgs/_soccer_vision_2d_msgs_s.ep.rosidl_typesupport_c.c.o[0m
[20.520s] [100%] [32m[1mLinking C shared library rosidl_generator_py/soccer_vision_2d_msgs/soccer_vision_2d_msgs_s__rosidl_typesupport_c.cpython-310-x86_64-linux-gnu.so[0m
[20.521s] [100%] [32m[1mLinking C shared library rosidl_generator_py/soccer_vision_2d_msgs/soccer_vision_2d_msgs_s__rosidl_typesupport_introspection_c.cpython-310-x86_64-linux-gnu.so[0m
[20.525s] [100%] [32m[1mLinking C shared library rosidl_generator_py/soccer_vision_2d_msgs/soccer_vision_2d_msgs_s__rosidl_typesupport_fastrtps_c.cpython-310-x86_64-linux-gnu.so[0m
[20.577s] [100%] Built target soccer_vision_2d_msgs__rosidl_typesupport_introspection_c__pyext
[20.577s] [100%] Built target soccer_vision_2d_msgs__rosidl_typesupport_c__pyext
[20.582s] [100%] Built target soccer_vision_2d_msgs__rosidl_typesupport_fastrtps_c__pyext
[20.606s] Invoked command in '/home/ivan/Webots_YOLOv8/build/soccer_vision_2d_msgs' returned '0': CMAKE_PREFIX_PATH=/home/ivan/Webots_YOLOv8/install/soccer_vision_attribute_msgs:/home/ivan/Webots_YOLOv8/install/soccer_interfaces:/home/ivan/Webots_YOLOv8/install/soccer_vision_3d_msgs:/home/ivan/Webots_YOLOv8/install/soccer_vision_2d_msgs:/home/ivan/Webots_YOLOv8/install/soccer_model_msgs:/home/ivan/Webots_YOLOv8/install/soccer_geometry_msgs:/home/ivan/Webots_YOLOv8/install/ipm_interfaces:/home/ivan/ros2_ws/install/edrom_msgs:/home/ivan/Webots_YOLOv8/install/soccer_ipm:/home/ivan/Webots_YOLOv8/install/Webots_YOLOv8:/home/ivan/Webots_YOLOv8/install/my_package:/home/ivan/Webots_YOLOv8/install/ipm_service:/home/ivan/Webots_YOLOv8/install/ipm_image_node:/home/ivan/Webots_YOLOv8/install/ipm_library:/home/ivan/ros2_ws/install/object_finder_onnx:/home/ivan/ros2_ws/install/object_finder:/home/ivan/ros2_ws/install/my_package:/home/ivan/ros2_ws/install/Webots_YOLOv8:/opt/ros/humble LD_LIBRARY_PATH=/home/ivan/Webots_YOLOv8/install/soccer_vision_attribute_msgs/lib:/home/ivan/Webots_YOLOv8/install/soccer_vision_3d_msgs/lib:/home/ivan/Webots_YOLOv8/install/soccer_vision_2d_msgs/lib:/home/ivan/Webots_YOLOv8/install/soccer_model_msgs/lib:/home/ivan/Webots_YOLOv8/install/soccer_geometry_msgs/lib:/home/ivan/Webots_YOLOv8/install/ipm_interfaces/lib:/home/ivan/ros2_ws/install/edrom_msgs/lib:/opt/ros/humble/opt/rviz_ogre_vendor/lib:/opt/ros/humble/lib/x86_64-linux-gnu:/opt/ros/humble/lib /usr/bin/cmake --build /home/ivan/Webots_YOLOv8/build/soccer_vision_2d_msgs -- -j12 -l12
[20.608s] Invoking command in '/home/ivan/Webots_YOLOv8/build/soccer_vision_2d_msgs': CMAKE_PREFIX_PATH=/home/ivan/Webots_YOLOv8/install/soccer_vision_attribute_msgs:/home/ivan/Webots_YOLOv8/install/soccer_interfaces:/home/ivan/Webots_YOLOv8/install/soccer_vision_3d_msgs:/home/ivan/Webots_YOLOv8/install/soccer_vision_2d_msgs:/home/ivan/Webots_YOLOv8/install/soccer_model_msgs:/home/ivan/Webots_YOLOv8/install/soccer_geometry_msgs:/home/ivan/Webots_YOLOv8/install/ipm_interfaces:/home/ivan/ros2_ws/install/edrom_msgs:/home/ivan/Webots_YOLOv8/install/soccer_ipm:/home/ivan/Webots_YOLOv8/install/Webots_YOLOv8:/home/ivan/Webots_YOLOv8/install/my_package:/home/ivan/Webots_YOLOv8/install/ipm_service:/home/ivan/Webots_YOLOv8/install/ipm_image_node:/home/ivan/Webots_YOLOv8/install/ipm_library:/home/ivan/ros2_ws/install/object_finder_onnx:/home/ivan/ros2_ws/install/object_finder:/home/ivan/ros2_ws/install/my_package:/home/ivan/ros2_ws/install/Webots_YOLOv8:/opt/ros/humble LD_LIBRARY_PATH=/home/ivan/Webots_YOLOv8/install/soccer_vision_attribute_msgs/lib:/home/ivan/Webots_YOLOv8/install/soccer_vision_3d_msgs/lib:/home/ivan/Webots_YOLOv8/install/soccer_vision_2d_msgs/lib:/home/ivan/Webots_YOLOv8/install/soccer_model_msgs/lib:/home/ivan/Webots_YOLOv8/install/soccer_geometry_msgs/lib:/home/ivan/Webots_YOLOv8/install/ipm_interfaces/lib:/home/ivan/ros2_ws/install/edrom_msgs/lib:/opt/ros/humble/opt/rviz_ogre_vendor/lib:/opt/ros/humble/lib/x86_64-linux-gnu:/opt/ros/humble/lib /usr/bin/cmake --install /home/ivan/Webots_YOLOv8/build/soccer_vision_2d_msgs
[20.617s] -- Install configuration: ""
[20.618s] -- Installing: /home/ivan/Webots_YOLOv8/install/soccer_vision_2d_msgs/share/ament_index/resource_index/rosidl_interfaces/soccer_vision_2d_msgs
[20.618s] -- Installing: /home/ivan/Webots_YOLOv8/install/soccer_vision_2d_msgs/include/soccer_vision_2d_msgs/soccer_vision_2d_msgs
[20.618s] -- Installing: /home/ivan/Webots_YOLOv8/install/soccer_vision_2d_msgs/include/soccer_vision_2d_msgs/soccer_vision_2d_msgs/msg
[20.618s] -- Installing: /home/ivan/Webots_YOLOv8/install/soccer_vision_2d_msgs/include/soccer_vision_2d_msgs/soccer_vision_2d_msgs/msg/detail
[20.618s] -- Installing: /home/ivan/Webots_YOLOv8/install/soccer_vision_2d_msgs/include/soccer_vision_2d_msgs/soccer_vision_2d_msgs/msg/detail/marking_intersection__functions.h
[20.618s] -- Installing: /home/ivan/Webots_YOLOv8/install/soccer_vision_2d_msgs/include/soccer_vision_2d_msgs/soccer_vision_2d_msgs/msg/detail/robot__functions.h
[20.618s] -- Installing: /home/ivan/Webots_YOLOv8/install/soccer_vision_2d_msgs/include/soccer_vision_2d_msgs/soccer_vision_2d_msgs/msg/detail/robot__struct.h
[20.619s] -- Installing: /home/ivan/Webots_YOLOv8/install/soccer_vision_2d_msgs/include/soccer_vision_2d_msgs/soccer_vision_2d_msgs/msg/detail/obstacle_array__functions.c
[20.619s] -- Installing: /home/ivan/Webots_YOLOv8/install/soccer_vision_2d_msgs/include/soccer_vision_2d_msgs/soccer_vision_2d_msgs/msg/detail/obstacle__struct.h
[20.619s] -- Installing: /home/ivan/Webots_YOLOv8/install/soccer_vision_2d_msgs/include/soccer_vision_2d_msgs/soccer_vision_2d_msgs/msg/detail/marking_segment__struct.h
[20.619s] -- Installing: /home/ivan/Webots_YOLOv8/install/soccer_vision_2d_msgs/include/soccer_vision_2d_msgs/soccer_vision_2d_msgs/msg/detail/field_boundary__type_support.h
[20.619s] -- Installing: /home/ivan/Webots_YOLOv8/install/soccer_vision_2d_msgs/include/soccer_vision_2d_msgs/soccer_vision_2d_msgs/msg/detail/obstacle_array__functions.h
[20.619s] -- Installing: /home/ivan/Webots_YOLOv8/install/soccer_vision_2d_msgs/include/soccer_vision_2d_msgs/soccer_vision_2d_msgs/msg/detail/marking_array__functions.h
[20.619s] -- Installing: /home/ivan/Webots_YOLOv8/install/soccer_vision_2d_msgs/include/soccer_vision_2d_msgs/soccer_vision_2d_msgs/msg/detail/robot_array__struct.h
[20.619s] -- Installing: /home/ivan/Webots_YOLOv8/install/soccer_vision_2d_msgs/include/soccer_vision_2d_msgs/soccer_vision_2d_msgs/msg/detail/obstacle_array__type_support.h
[20.619s] -- Installing: /home/ivan/Webots_YOLOv8/install/soccer_vision_2d_msgs/include/soccer_vision_2d_msgs/soccer_vision_2d_msgs/msg/detail/marking_segment__type_support.h
[20.620s] -- Installing: /home/ivan/Webots_YOLOv8/install/soccer_vision_2d_msgs/include/soccer_vision_2d_msgs/soccer_vision_2d_msgs/msg/detail/marking_array__functions.c
[20.620s] -- Installing: /home/ivan/Webots_YOLOv8/install/soccer_vision_2d_msgs/include/soccer_vision_2d_msgs/soccer_vision_2d_msgs/msg/detail/marking_segment__functions.h
[20.620s] -- Installing: /home/ivan/Webots_YOLOv8/install/soccer_vision_2d_msgs/include/soccer_vision_2d_msgs/soccer_vision_2d_msgs/msg/detail/obstacle__functions.c
[20.620s] -- Installing: /home/ivan/Webots_YOLOv8/install/soccer_vision_2d_msgs/include/soccer_vision_2d_msgs/soccer_vision_2d_msgs/msg/detail/marking_intersection__type_support.h
[20.620s] -- Installing: /home/ivan/Webots_YOLOv8/install/soccer_vision_2d_msgs/include/soccer_vision_2d_msgs/soccer_vision_2d_msgs/msg/detail/robot_array__type_support.h
[20.620s] -- Installing: /home/ivan/Webots_YOLOv8/install/soccer_vision_2d_msgs/include/soccer_vision_2d_msgs/soccer_vision_2d_msgs/msg/detail/ball__functions.h
[20.620s] -- Installing: /home/ivan/Webots_YOLOv8/install/soccer_vision_2d_msgs/include/soccer_vision_2d_msgs/soccer_vision_2d_msgs/msg/detail/obstacle_array__struct.h
[20.620s] -- Installing: /home/ivan/Webots_YOLOv8/install/soccer_vision_2d_msgs/include/soccer_vision_2d_msgs/soccer_vision_2d_msgs/msg/detail/goalpost_array__functions.h
[20.621s] -- Installing: /home/ivan/Webots_YOLOv8/install/soccer_vision_2d_msgs/include/soccer_vision_2d_msgs/soccer_vision_2d_msgs/msg/detail/marking_segment__functions.c
[20.621s] -- Installing: /home/ivan/Webots_YOLOv8/install/soccer_vision_2d_msgs/include/soccer_vision_2d_msgs/soccer_vision_2d_msgs/msg/detail/goalpost_array__type_support.h
[20.621s] -- Installing: /home/ivan/Webots_YOLOv8/install/soccer_vision_2d_msgs/include/soccer_vision_2d_msgs/soccer_vision_2d_msgs/msg/detail/robot__functions.c
[20.621s] -- Installing: /home/ivan/Webots_YOLOv8/install/soccer_vision_2d_msgs/include/soccer_vision_2d_msgs/soccer_vision_2d_msgs/msg/detail/goalpost_array__functions.c
[20.621s] -- Installing: /home/ivan/Webots_YOLOv8/install/soccer_vision_2d_msgs/include/soccer_vision_2d_msgs/soccer_vision_2d_msgs/msg/detail/robot_array__functions.h
[20.621s] -- Installing: /home/ivan/Webots_YOLOv8/install/soccer_vision_2d_msgs/include/soccer_vision_2d_msgs/soccer_vision_2d_msgs/msg/detail/obstacle__type_support.h
[20.621s] -- Installing: /home/ivan/Webots_YOLOv8/install/soccer_vision_2d_msgs/include/soccer_vision_2d_msgs/soccer_vision_2d_msgs/msg/detail/robot_array__functions.c
[20.622s] -- Installing: /home/ivan/Webots_YOLOv8/install/soccer_vision_2d_msgs/include/soccer_vision_2d_msgs/soccer_vision_2d_msgs/msg/detail/ball__struct.h
[20.622s] -- Installing: /home/ivan/Webots_YOLOv8/install/soccer_vision_2d_msgs/include/soccer_vision_2d_msgs/soccer_vision_2d_msgs/msg/detail/field_boundary__struct.h
[20.622s] -- Installing: /home/ivan/Webots_YOLOv8/install/soccer_vision_2d_msgs/include/soccer_vision_2d_msgs/soccer_vision_2d_msgs/msg/detail/marking_ellipse__functions.c
[20.622s] -- Installing: /home/ivan/Webots_YOLOv8/install/soccer_vision_2d_msgs/include/soccer_vision_2d_msgs/soccer_vision_2d_msgs/msg/detail/field_boundary__functions.c
[20.622s] -- Installing: /home/ivan/Webots_YOLOv8/install/soccer_vision_2d_msgs/include/soccer_vision_2d_msgs/soccer_vision_2d_msgs/msg/detail/marking_ellipse__struct.h
[20.622s] -- Installing: /home/ivan/Webots_YOLOv8/install/soccer_vision_2d_msgs/include/soccer_vision_2d_msgs/soccer_vision_2d_msgs/msg/detail/ball__type_support.h
[20.622s] -- Installing: /home/ivan/Webots_YOLOv8/install/soccer_vision_2d_msgs/include/soccer_vision_2d_msgs/soccer_vision_2d_msgs/msg/detail/marking_array__type_support.h
[20.622s] -- Installing: /home/ivan/Webots_YOLOv8/install/soccer_vision_2d_msgs/include/soccer_vision_2d_msgs/soccer_vision_2d_msgs/msg/detail/ball_array__functions.h
[20.623s] -- Installing: /home/ivan/Webots_YOLOv8/install/soccer_vision_2d_msgs/include/soccer_vision_2d_msgs/soccer_vision_2d_msgs/msg/detail/marking_ellipse__type_support.h
[20.623s] -- Installing: /home/ivan/Webots_YOLOv8/install/soccer_vision_2d_msgs/include/soccer_vision_2d_msgs/soccer_vision_2d_msgs/msg/detail/marking_array__struct.h
[20.623s] -- Installing: /home/ivan/Webots_YOLOv8/install/soccer_vision_2d_msgs/include/soccer_vision_2d_msgs/soccer_vision_2d_msgs/msg/detail/marking_intersection__functions.c
[20.623s] -- Installing: /home/ivan/Webots_YOLOv8/install/soccer_vision_2d_msgs/include/soccer_vision_2d_msgs/soccer_vision_2d_msgs/msg/detail/robot__type_support.h
[20.623s] -- Installing: /home/ivan/Webots_YOLOv8/install/soccer_vision_2d_msgs/include/soccer_vision_2d_msgs/soccer_vision_2d_msgs/msg/detail/goalpost__functions.h
[20.623s] -- Installing: /home/ivan/Webots_YOLOv8/install/soccer_vision_2d_msgs/include/soccer_vision_2d_msgs/soccer_vision_2d_msgs/msg/detail/goalpost__functions.c
[20.623s] -- Installing: /home/ivan/Webots_YOLOv8/install/soccer_vision_2d_msgs/include/soccer_vision_2d_msgs/soccer_vision_2d_msgs/msg/detail/ball__functions.c
[20.624s] -- Installing: /home/ivan/Webots_YOLOv8/install/soccer_vision_2d_msgs/include/soccer_vision_2d_msgs/soccer_vision_2d_msgs/msg/detail/marking_intersection__struct.h
[20.624s] -- Installing: /home/ivan/Webots_YOLOv8/install/soccer_vision_2d_msgs/include/soccer_vision_2d_msgs/soccer_vision_2d_msgs/msg/detail/goalpost__type_support.h
[20.624s] -- Installing: /home/ivan/Webots_YOLOv8/install/soccer_vision_2d_msgs/include/soccer_vision_2d_msgs/soccer_vision_2d_msgs/msg/detail/ball_array__struct.h
[20.624s] -- Installing: /home/ivan/Webots_YOLOv8/install/soccer_vision_2d_msgs/include/soccer_vision_2d_msgs/soccer_vision_2d_msgs/msg/detail/field_boundary__functions.h
[20.624s] -- Installing: /home/ivan/Webots_YOLOv8/install/soccer_vision_2d_msgs/include/soccer_vision_2d_msgs/soccer_vision_2d_msgs/msg/detail/goalpost_array__struct.h
[20.624s] -- Installing: /home/ivan/Webots_YOLOv8/install/soccer_vision_2d_msgs/include/soccer_vision_2d_msgs/soccer_vision_2d_msgs/msg/detail/marking_ellipse__functions.h
[20.624s] -- Installing: /home/ivan/Webots_YOLOv8/install/soccer_vision_2d_msgs/include/soccer_vision_2d_msgs/soccer_vision_2d_msgs/msg/detail/obstacle__functions.h
[20.625s] -- Installing: /home/ivan/Webots_YOLOv8/install/soccer_vision_2d_msgs/include/soccer_vision_2d_msgs/soccer_vision_2d_msgs/msg/detail/ball_array__type_support.h
[20.625s] -- Installing: /home/ivan/Webots_YOLOv8/install/soccer_vision_2d_msgs/include/soccer_vision_2d_msgs/soccer_vision_2d_msgs/msg/detail/goalpost__struct.h
[20.625s] -- Installing: /home/ivan/Webots_YOLOv8/install/soccer_vision_2d_msgs/include/soccer_vision_2d_msgs/soccer_vision_2d_msgs/msg/detail/ball_array__functions.c
[20.625s] -- Installing: /home/ivan/Webots_YOLOv8/install/soccer_vision_2d_msgs/include/soccer_vision_2d_msgs/soccer_vision_2d_msgs/msg/marking_ellipse.h
[20.625s] -- Installing: /home/ivan/Webots_YOLOv8/install/soccer_vision_2d_msgs/include/soccer_vision_2d_msgs/soccer_vision_2d_msgs/msg/marking_array.h
[20.625s] -- Installing: /home/ivan/Webots_YOLOv8/install/soccer_vision_2d_msgs/include/soccer_vision_2d_msgs/soccer_vision_2d_msgs/msg/marking_intersection.h
[20.625s] -- Installing: /home/ivan/Webots_YOLOv8/install/soccer_vision_2d_msgs/include/soccer_vision_2d_msgs/soccer_vision_2d_msgs/msg/field_boundary.h
[20.625s] -- Installing: /home/ivan/Webots_YOLOv8/install/soccer_vision_2d_msgs/include/soccer_vision_2d_msgs/soccer_vision_2d_msgs/msg/ball.h
[20.626s] -- Installing: /home/ivan/Webots_YOLOv8/install/soccer_vision_2d_msgs/include/soccer_vision_2d_msgs/soccer_vision_2d_msgs/msg/rosidl_generator_c__visibility_control.h
[20.626s] -- Installing: /home/ivan/Webots_YOLOv8/install/soccer_vision_2d_msgs/include/soccer_vision_2d_msgs/soccer_vision_2d_msgs/msg/goalpost.h
[20.626s] -- Installing: /home/ivan/Webots_YOLOv8/install/soccer_vision_2d_msgs/include/soccer_vision_2d_msgs/soccer_vision_2d_msgs/msg/obstacle_array.h
[20.626s] -- Installing: /home/ivan/Webots_YOLOv8/install/soccer_vision_2d_msgs/include/soccer_vision_2d_msgs/soccer_vision_2d_msgs/msg/marking_segment.h
[20.626s] -- Installing: /home/ivan/Webots_YOLOv8/install/soccer_vision_2d_msgs/include/soccer_vision_2d_msgs/soccer_vision_2d_msgs/msg/robot_array.h
[20.626s] -- Installing: /home/ivan/Webots_YOLOv8/install/soccer_vision_2d_msgs/include/soccer_vision_2d_msgs/soccer_vision_2d_msgs/msg/obstacle.h
[20.627s] -- Installing: /home/ivan/Webots_YOLOv8/install/soccer_vision_2d_msgs/include/soccer_vision_2d_msgs/soccer_vision_2d_msgs/msg/robot.h
[20.627s] -- Installing: /home/ivan/Webots_YOLOv8/install/soccer_vision_2d_msgs/include/soccer_vision_2d_msgs/soccer_vision_2d_msgs/msg/goalpost_array.h
[20.627s] -- Installing: /home/ivan/Webots_YOLOv8/install/soccer_vision_2d_msgs/include/soccer_vision_2d_msgs/soccer_vision_2d_msgs/msg/ball_array.h
[20.627s] -- Installing: /home/ivan/Webots_YOLOv8/install/soccer_vision_2d_msgs/share/soccer_vision_2d_msgs/environment/library_path.sh
[20.627s] -- Installing: /home/ivan/Webots_YOLOv8/install/soccer_vision_2d_msgs/share/soccer_vision_2d_msgs/environment/library_path.dsv
[20.627s] -- Installing: /home/ivan/Webots_YOLOv8/install/soccer_vision_2d_msgs/lib/libsoccer_vision_2d_msgs__rosidl_generator_c.so
[20.628s] -- Set runtime path of "/home/ivan/Webots_YOLOv8/install/soccer_vision_2d_msgs/lib/libsoccer_vision_2d_msgs__rosidl_generator_c.so" to ""
[20.628s] -- Up-to-date: /home/ivan/Webots_YOLOv8/install/soccer_vision_2d_msgs/include/soccer_vision_2d_msgs/soccer_vision_2d_msgs
[20.628s] -- Up-to-date: /home/ivan/Webots_YOLOv8/install/soccer_vision_2d_msgs/include/soccer_vision_2d_msgs/soccer_vision_2d_msgs/msg
[20.628s] -- Up-to-date: /home/ivan/Webots_YOLOv8/install/soccer_vision_2d_msgs/include/soccer_vision_2d_msgs/soccer_vision_2d_msgs/msg/detail
[20.628s] -- Installing: /home/ivan/Webots_YOLOv8/install/soccer_vision_2d_msgs/include/soccer_vision_2d_msgs/soccer_vision_2d_msgs/msg/detail/obstacle__rosidl_typesupport_fastrtps_c.h
[20.628s] -- Installing: /home/ivan/Webots_YOLOv8/install/soccer_vision_2d_msgs/include/soccer_vision_2d_msgs/soccer_vision_2d_msgs/msg/detail/goalpost__rosidl_typesupport_fastrtps_c.h
[20.628s] -- Installing: /home/ivan/Webots_YOLOv8/install/soccer_vision_2d_msgs/include/soccer_vision_2d_msgs/soccer_vision_2d_msgs/msg/detail/marking_intersection__rosidl_typesupport_fastrtps_c.h
[20.628s] -- Installing: /home/ivan/Webots_YOLOv8/install/soccer_vision_2d_msgs/include/soccer_vision_2d_msgs/soccer_vision_2d_msgs/msg/detail/obstacle_array__rosidl_typesupport_fastrtps_c.h
[20.629s] -- Installing: /home/ivan/Webots_YOLOv8/install/soccer_vision_2d_msgs/include/soccer_vision_2d_msgs/soccer_vision_2d_msgs/msg/detail/ball_array__rosidl_typesupport_fastrtps_c.h
[20.629s] -- Installing: /home/ivan/Webots_YOLOv8/install/soccer_vision_2d_msgs/include/soccer_vision_2d_msgs/soccer_vision_2d_msgs/msg/detail/marking_segment__rosidl_typesupport_fastrtps_c.h
[20.629s] -- Installing: /home/ivan/Webots_YOLOv8/install/soccer_vision_2d_msgs/include/soccer_vision_2d_msgs/soccer_vision_2d_msgs/msg/detail/marking_ellipse__rosidl_typesupport_fastrtps_c.h
[20.629s] -- Installing: /home/ivan/Webots_YOLOv8/install/soccer_vision_2d_msgs/include/soccer_vision_2d_msgs/soccer_vision_2d_msgs/msg/detail/goalpost_array__rosidl_typesupport_fastrtps_c.h
[20.629s] -- Installing: /home/ivan/Webots_YOLOv8/install/soccer_vision_2d_msgs/include/soccer_vision_2d_msgs/soccer_vision_2d_msgs/msg/detail/ball__rosidl_typesupport_fastrtps_c.h
[20.629s] -- Installing: /home/ivan/Webots_YOLOv8/install/soccer_vision_2d_msgs/include/soccer_vision_2d_msgs/soccer_vision_2d_msgs/msg/detail/field_boundary__rosidl_typesupport_fastrtps_c.h
[20.629s] -- Installing: /home/ivan/Webots_YOLOv8/install/soccer_vision_2d_msgs/include/soccer_vision_2d_msgs/soccer_vision_2d_msgs/msg/detail/robot_array__rosidl_typesupport_fastrtps_c.h
[20.630s] -- Installing: /home/ivan/Webots_YOLOv8/install/soccer_vision_2d_msgs/include/soccer_vision_2d_msgs/soccer_vision_2d_msgs/msg/detail/marking_array__rosidl_typesupport_fastrtps_c.h
[20.630s] -- Installing: /home/ivan/Webots_YOLOv8/install/soccer_vision_2d_msgs/include/soccer_vision_2d_msgs/soccer_vision_2d_msgs/msg/detail/robot__rosidl_typesupport_fastrtps_c.h
[20.630s] -- Installing: /home/ivan/Webots_YOLOv8/install/soccer_vision_2d_msgs/include/soccer_vision_2d_msgs/soccer_vision_2d_msgs/msg/rosidl_typesupport_fastrtps_c__visibility_control.h
[20.630s] -- Installing: /home/ivan/Webots_YOLOv8/install/soccer_vision_2d_msgs/lib/libsoccer_vision_2d_msgs__rosidl_typesupport_fastrtps_c.so
[20.630s] -- Set runtime path of "/home/ivan/Webots_YOLOv8/install/soccer_vision_2d_msgs/lib/libsoccer_vision_2d_msgs__rosidl_typesupport_fastrtps_c.so" to ""
[20.631s] -- Up-to-date: /home/ivan/Webots_YOLOv8/install/soccer_vision_2d_msgs/include/soccer_vision_2d_msgs/soccer_vision_2d_msgs
[20.631s] -- Up-to-date: /home/ivan/Webots_YOLOv8/install/soccer_vision_2d_msgs/include/soccer_vision_2d_msgs/soccer_vision_2d_msgs/msg
[20.631s] -- Up-to-date: /home/ivan/Webots_YOLOv8/install/soccer_vision_2d_msgs/include/soccer_vision_2d_msgs/soccer_vision_2d_msgs/msg/detail
[20.631s] -- Installing: /home/ivan/Webots_YOLOv8/install/soccer_vision_2d_msgs/include/soccer_vision_2d_msgs/soccer_vision_2d_msgs/msg/detail/ball_array__type_support.c
[20.631s] -- Installing: /home/ivan/Webots_YOLOv8/install/soccer_vision_2d_msgs/include/soccer_vision_2d_msgs/soccer_vision_2d_msgs/msg/detail/marking_array__rosidl_typesupport_introspection_c.h
[20.631s] -- Installing: /home/ivan/Webots_YOLOv8/install/soccer_vision_2d_msgs/include/soccer_vision_2d_msgs/soccer_vision_2d_msgs/msg/detail/marking_ellipse__type_support.c
[20.631s] -- Installing: /home/ivan/Webots_YOLOv8/install/soccer_vision_2d_msgs/include/soccer_vision_2d_msgs/soccer_vision_2d_msgs/msg/detail/robot__rosidl_typesupport_introspection_c.h
[20.631s] -- Installing: /home/ivan/Webots_YOLOv8/install/soccer_vision_2d_msgs/include/soccer_vision_2d_msgs/soccer_vision_2d_msgs/msg/detail/field_boundary__type_support.c
[20.632s] -- Installing: /home/ivan/Webots_YOLOv8/install/soccer_vision_2d_msgs/include/soccer_vision_2d_msgs/soccer_vision_2d_msgs/msg/detail/obstacle_array__type_support.c
[20.632s] -- Installing: /home/ivan/Webots_YOLOv8/install/soccer_vision_2d_msgs/include/soccer_vision_2d_msgs/soccer_vision_2d_msgs/msg/detail/ball__type_support.c
[20.632s] -- Installing: /home/ivan/Webots_YOLOv8/install/soccer_vision_2d_msgs/include/soccer_vision_2d_msgs/soccer_vision_2d_msgs/msg/detail/obstacle__rosidl_typesupport_introspection_c.h
[20.632s] -- Installing: /home/ivan/Webots_YOLOv8/install/soccer_vision_2d_msgs/include/soccer_vision_2d_msgs/soccer_vision_2d_msgs/msg/detail/marking_segment__rosidl_typesupport_introspection_c.h
[20.632s] -- Installing: /home/ivan/Webots_YOLOv8/install/soccer_vision_2d_msgs/include/soccer_vision_2d_msgs/soccer_vision_2d_msgs/msg/detail/goalpost__type_support.c
[20.632s] -- Installing: /home/ivan/Webots_YOLOv8/install/soccer_vision_2d_msgs/include/soccer_vision_2d_msgs/soccer_vision_2d_msgs/msg/detail/goalpost_array__type_support.c
[20.632s] -- Installing: /home/ivan/Webots_YOLOv8/install/soccer_vision_2d_msgs/include/soccer_vision_2d_msgs/soccer_vision_2d_msgs/msg/detail/ball_array__rosidl_typesupport_introspection_c.h
[20.632s] -- Installing: /home/ivan/Webots_YOLOv8/install/soccer_vision_2d_msgs/include/soccer_vision_2d_msgs/soccer_vision_2d_msgs/msg/detail/marking_array__type_support.c
[20.633s] -- Installing: /home/ivan/Webots_YOLOv8/install/soccer_vision_2d_msgs/include/soccer_vision_2d_msgs/soccer_vision_2d_msgs/msg/detail/marking_intersection__type_support.c
[20.633s] -- Installing: /home/ivan/Webots_YOLOv8/install/soccer_vision_2d_msgs/include/soccer_vision_2d_msgs/soccer_vision_2d_msgs/msg/detail/marking_ellipse__rosidl_typesupport_introspection_c.h
[20.633s] -- Installing: /home/ivan/Webots_YOLOv8/install/soccer_vision_2d_msgs/include/soccer_vision_2d_msgs/soccer_vision_2d_msgs/msg/detail/goalpost__rosidl_typesupport_introspection_c.h
[20.633s] -- Installing: /home/ivan/Webots_YOLOv8/install/soccer_vision_2d_msgs/include/soccer_vision_2d_msgs/soccer_vision_2d_msgs/msg/detail/robot__type_support.c
[20.633s] -- Installing: /home/ivan/Webots_YOLOv8/install/soccer_vision_2d_msgs/include/soccer_vision_2d_msgs/soccer_vision_2d_msgs/msg/detail/robot_array__rosidl_typesupport_introspection_c.h
[20.633s] -- Installing: /home/ivan/Webots_YOLOv8/install/soccer_vision_2d_msgs/include/soccer_vision_2d_msgs/soccer_vision_2d_msgs/msg/detail/robot_array__type_support.c
[20.633s] -- Installing: /home/ivan/Webots_YOLOv8/install/soccer_vision_2d_msgs/include/soccer_vision_2d_msgs/soccer_vision_2d_msgs/msg/detail/marking_intersection__rosidl_typesupport_introspection_c.h
[20.634s] -- Installing: /home/ivan/Webots_YOLOv8/install/soccer_vision_2d_msgs/include/soccer_vision_2d_msgs/soccer_vision_2d_msgs/msg/detail/obstacle_array__rosidl_typesupport_introspection_c.h
[20.634s] -- Installing: /home/ivan/Webots_YOLOv8/install/soccer_vision_2d_msgs/include/soccer_vision_2d_msgs/soccer_vision_2d_msgs/msg/detail/ball__rosidl_typesupport_introspection_c.h
[20.634s] -- Installing: /home/ivan/Webots_YOLOv8/install/soccer_vision_2d_msgs/include/soccer_vision_2d_msgs/soccer_vision_2d_msgs/msg/detail/obstacle__type_support.c
[20.634s] -- Installing: /home/ivan/Webots_YOLOv8/install/soccer_vision_2d_msgs/include/soccer_vision_2d_msgs/soccer_vision_2d_msgs/msg/detail/field_boundary__rosidl_typesupport_introspection_c.h
[20.634s] -- Installing: /home/ivan/Webots_YOLOv8/install/soccer_vision_2d_msgs/include/soccer_vision_2d_msgs/soccer_vision_2d_msgs/msg/detail/marking_segment__type_support.c
[20.634s] -- Installing: /home/ivan/Webots_YOLOv8/install/soccer_vision_2d_msgs/include/soccer_vision_2d_msgs/soccer_vision_2d_msgs/msg/detail/goalpost_array__rosidl_typesupport_introspection_c.h
[20.634s] -- Installing: /home/ivan/Webots_YOLOv8/install/soccer_vision_2d_msgs/include/soccer_vision_2d_msgs/soccer_vision_2d_msgs/msg/rosidl_typesupport_introspection_c__visibility_control.h
[20.635s] -- Installing: /home/ivan/Webots_YOLOv8/install/soccer_vision_2d_msgs/lib/libsoccer_vision_2d_msgs__rosidl_typesupport_introspection_c.so
[20.635s] -- Set runtime path of "/home/ivan/Webots_YOLOv8/install/soccer_vision_2d_msgs/lib/libsoccer_vision_2d_msgs__rosidl_typesupport_introspection_c.so" to ""
[20.635s] -- Installing: /home/ivan/Webots_YOLOv8/install/soccer_vision_2d_msgs/lib/libsoccer_vision_2d_msgs__rosidl_typesupport_c.so
[20.636s] -- Set runtime path of "/home/ivan/Webots_YOLOv8/install/soccer_vision_2d_msgs/lib/libsoccer_vision_2d_msgs__rosidl_typesupport_c.so" to ""
[20.636s] -- Up-to-date: /home/ivan/Webots_YOLOv8/install/soccer_vision_2d_msgs/include/soccer_vision_2d_msgs/soccer_vision_2d_msgs
[20.636s] -- Up-to-date: /home/ivan/Webots_YOLOv8/install/soccer_vision_2d_msgs/include/soccer_vision_2d_msgs/soccer_vision_2d_msgs/msg
[20.636s] -- Up-to-date: /home/ivan/Webots_YOLOv8/install/soccer_vision_2d_msgs/include/soccer_vision_2d_msgs/soccer_vision_2d_msgs/msg/detail
[20.636s] -- Installing: /home/ivan/Webots_YOLOv8/install/soccer_vision_2d_msgs/include/soccer_vision_2d_msgs/soccer_vision_2d_msgs/msg/detail/obstacle_array__type_support.hpp
[20.636s] -- Installing: /home/ivan/Webots_YOLOv8/install/soccer_vision_2d_msgs/include/soccer_vision_2d_msgs/soccer_vision_2d_msgs/msg/detail/ball__builder.hpp
[20.636s] -- Installing: /home/ivan/Webots_YOLOv8/install/soccer_vision_2d_msgs/include/soccer_vision_2d_msgs/soccer_vision_2d_msgs/msg/detail/ball__struct.hpp
[20.636s] -- Installing: /home/ivan/Webots_YOLOv8/install/soccer_vision_2d_msgs/include/soccer_vision_2d_msgs/soccer_vision_2d_msgs/msg/detail/robot__traits.hpp
[20.636s] -- Installing: /home/ivan/Webots_YOLOv8/install/soccer_vision_2d_msgs/include/soccer_vision_2d_msgs/soccer_vision_2d_msgs/msg/detail/ball_array__builder.hpp
[20.637s] -- Installing: /home/ivan/Webots_YOLOv8/install/soccer_vision_2d_msgs/include/soccer_vision_2d_msgs/soccer_vision_2d_msgs/msg/detail/robot__struct.hpp
[20.637s] -- Installing: /home/ivan/Webots_YOLOv8/install/soccer_vision_2d_msgs/include/soccer_vision_2d_msgs/soccer_vision_2d_msgs/msg/detail/marking_ellipse__traits.hpp
[20.637s] -- Installing: /home/ivan/Webots_YOLOv8/install/soccer_vision_2d_msgs/include/soccer_vision_2d_msgs/soccer_vision_2d_msgs/msg/detail/marking_intersection__traits.hpp
[20.637s] -- Installing: /home/ivan/Webots_YOLOv8/install/soccer_vision_2d_msgs/include/soccer_vision_2d_msgs/soccer_vision_2d_msgs/msg/detail/ball_array__traits.hpp
[20.637s] -- Installing: /home/ivan/Webots_YOLOv8/install/soccer_vision_2d_msgs/include/soccer_vision_2d_msgs/soccer_vision_2d_msgs/msg/detail/robot_array__type_support.hpp
[20.637s] -- Installing: /home/ivan/Webots_YOLOv8/install/soccer_vision_2d_msgs/include/soccer_vision_2d_msgs/soccer_vision_2d_msgs/msg/detail/goalpost_array__type_support.hpp
[20.638s] -- Installing: /home/ivan/Webots_YOLOv8/install/soccer_vision_2d_msgs/include/soccer_vision_2d_msgs/soccer_vision_2d_msgs/msg/detail/marking_segment__builder.hpp
[20.638s] -- Installing: /home/ivan/Webots_YOLOv8/install/soccer_vision_2d_msgs/include/soccer_vision_2d_msgs/soccer_vision_2d_msgs/msg/detail/obstacle__builder.hpp
[20.638s] -- Installing: /home/ivan/Webots_YOLOv8/install/soccer_vision_2d_msgs/include/soccer_vision_2d_msgs/soccer_vision_2d_msgs/msg/detail/marking_intersection__builder.hpp
[20.638s] -- Installing: /home/ivan/Webots_YOLOv8/install/soccer_vision_2d_msgs/include/soccer_vision_2d_msgs/soccer_vision_2d_msgs/msg/detail/obstacle__type_support.hpp
[20.638s] -- Installing: /home/ivan/Webots_YOLOv8/install/soccer_vision_2d_msgs/include/soccer_vision_2d_msgs/soccer_vision_2d_msgs/msg/detail/goalpost__builder.hpp
[20.639s] -- Installing: /home/ivan/Webots_YOLOv8/install/soccer_vision_2d_msgs/include/soccer_vision_2d_msgs/soccer_vision_2d_msgs/msg/detail/field_boundary__builder.hpp
[20.639s] -- Installing: /home/ivan/Webots_YOLOv8/install/soccer_vision_2d_msgs/include/soccer_vision_2d_msgs/soccer_vision_2d_msgs/msg/detail/marking_array__builder.hpp
[20.639s] -- Installing: /home/ivan/Webots_YOLOv8/install/soccer_vision_2d_msgs/include/soccer_vision_2d_msgs/soccer_vision_2d_msgs/msg/detail/marking_ellipse__type_support.hpp
[20.639s] -- Installing: /home/ivan/Webots_YOLOv8/install/soccer_vision_2d_msgs/include/soccer_vision_2d_msgs/soccer_vision_2d_msgs/msg/detail/field_boundary__type_support.hpp
[20.639s] -- Installing: /home/ivan/Webots_YOLOv8/install/soccer_vision_2d_msgs/include/soccer_vision_2d_msgs/soccer_vision_2d_msgs/msg/detail/goalpost_array__struct.hpp
[20.639s] -- Installing: /home/ivan/Webots_YOLOv8/install/soccer_vision_2d_msgs/include/soccer_vision_2d_msgs/soccer_vision_2d_msgs/msg/detail/robot_array__traits.hpp
[20.639s] -- Installing: /home/ivan/Webots_YOLOv8/install/soccer_vision_2d_msgs/include/soccer_vision_2d_msgs/soccer_vision_2d_msgs/msg/detail/obstacle_array__builder.hpp
[20.639s] -- Installing: /home/ivan/Webots_YOLOv8/install/soccer_vision_2d_msgs/include/soccer_vision_2d_msgs/soccer_vision_2d_msgs/msg/detail/ball_array__type_support.hpp
[20.639s] -- Installing: /home/ivan/Webots_YOLOv8/install/soccer_vision_2d_msgs/include/soccer_vision_2d_msgs/soccer_vision_2d_msgs/msg/detail/marking_array__struct.hpp
[20.640s] -- Installing: /home/ivan/Webots_YOLOv8/install/soccer_vision_2d_msgs/include/soccer_vision_2d_msgs/soccer_vision_2d_msgs/msg/detail/field_boundary__traits.hpp
[20.640s] -- Installing: /home/ivan/Webots_YOLOv8/install/soccer_vision_2d_msgs/include/soccer_vision_2d_msgs/soccer_vision_2d_msgs/msg/detail/goalpost__type_support.hpp
[20.640s] -- Installing: /home/ivan/Webots_YOLOv8/install/soccer_vision_2d_msgs/include/soccer_vision_2d_msgs/soccer_vision_2d_msgs/msg/detail/marking_segment__struct.hpp
[20.640s] -- Installing: /home/ivan/Webots_YOLOv8/install/soccer_vision_2d_msgs/include/soccer_vision_2d_msgs/soccer_vision_2d_msgs/msg/detail/marking_intersection__struct.hpp
[20.640s] -- Installing: /home/ivan/Webots_YOLOv8/install/soccer_vision_2d_msgs/include/soccer_vision_2d_msgs/soccer_vision_2d_msgs/msg/detail/ball_array__struct.hpp
[20.640s] -- Installing: /home/ivan/Webots_YOLOv8/install/soccer_vision_2d_msgs/include/soccer_vision_2d_msgs/soccer_vision_2d_msgs/msg/detail/marking_array__type_support.hpp
[20.640s] -- Installing: /home/ivan/Webots_YOLOv8/install/soccer_vision_2d_msgs/include/soccer_vision_2d_msgs/soccer_vision_2d_msgs/msg/detail/marking_intersection__type_support.hpp
[20.641s] -- Installing: /home/ivan/Webots_YOLOv8/install/soccer_vision_2d_msgs/include/soccer_vision_2d_msgs/soccer_vision_2d_msgs/msg/detail/obstacle_array__traits.hpp
[20.641s] -- Installing: /home/ivan/Webots_YOLOv8/install/soccer_vision_2d_msgs/include/soccer_vision_2d_msgs/soccer_vision_2d_msgs/msg/detail/goalpost__traits.hpp
[20.641s] -- Installing: /home/ivan/Webots_YOLOv8/install/soccer_vision_2d_msgs/include/soccer_vision_2d_msgs/soccer_vision_2d_msgs/msg/detail/ball__type_support.hpp
[20.641s] -- Installing: /home/ivan/Webots_YOLOv8/install/soccer_vision_2d_msgs/include/soccer_vision_2d_msgs/soccer_vision_2d_msgs/msg/detail/goalpost_array__traits.hpp
[20.641s] -- Installing: /home/ivan/Webots_YOLOv8/install/soccer_vision_2d_msgs/include/soccer_vision_2d_msgs/soccer_vision_2d_msgs/msg/detail/robot_array__builder.hpp
[20.641s] -- Installing: /home/ivan/Webots_YOLOv8/install/soccer_vision_2d_msgs/include/soccer_vision_2d_msgs/soccer_vision_2d_msgs/msg/detail/field_boundary__struct.hpp
[20.641s] -- Installing: /home/ivan/Webots_YOLOv8/install/soccer_vision_2d_msgs/include/soccer_vision_2d_msgs/soccer_vision_2d_msgs/msg/detail/obstacle__traits.hpp
[20.641s] -- Installing: /home/ivan/Webots_YOLOv8/install/soccer_vision_2d_msgs/include/soccer_vision_2d_msgs/soccer_vision_2d_msgs/msg/detail/goalpost__struct.hpp
[20.642s] -- Installing: /home/ivan/Webots_YOLOv8/install/soccer_vision_2d_msgs/include/soccer_vision_2d_msgs/soccer_vision_2d_msgs/msg/detail/robot_array__struct.hpp
[20.642s] -- Installing: /home/ivan/Webots_YOLOv8/install/soccer_vision_2d_msgs/include/soccer_vision_2d_msgs/soccer_vision_2d_msgs/msg/detail/obstacle__struct.hpp
[20.642s] -- Installing: /home/ivan/Webots_YOLOv8/install/soccer_vision_2d_msgs/include/soccer_vision_2d_msgs/soccer_vision_2d_msgs/msg/detail/marking_ellipse__builder.hpp
[20.642s] -- Installing: /home/ivan/Webots_YOLOv8/install/soccer_vision_2d_msgs/include/soccer_vision_2d_msgs/soccer_vision_2d_msgs/msg/detail/marking_ellipse__struct.hpp
[20.642s] -- Installing: /home/ivan/Webots_YOLOv8/install/soccer_vision_2d_msgs/include/soccer_vision_2d_msgs/soccer_vision_2d_msgs/msg/detail/obstacle_array__struct.hpp
[20.642s] -- Installing: /home/ivan/Webots_YOLOv8/install/soccer_vision_2d_msgs/include/soccer_vision_2d_msgs/soccer_vision_2d_msgs/msg/detail/ball__traits.hpp
[20.642s] -- Installing: /home/ivan/Webots_YOLOv8/install/soccer_vision_2d_msgs/include/soccer_vision_2d_msgs/soccer_vision_2d_msgs/msg/detail/marking_array__traits.hpp
[20.643s] -- Installing: /home/ivan/Webots_YOLOv8/install/soccer_vision_2d_msgs/include/soccer_vision_2d_msgs/soccer_vision_2d_msgs/msg/detail/marking_segment__traits.hpp
[20.643s] -- Installing: /home/ivan/Webots_YOLOv8/install/soccer_vision_2d_msgs/include/soccer_vision_2d_msgs/soccer_vision_2d_msgs/msg/detail/robot__builder.hpp
[20.643s] -- Installing: /home/ivan/Webots_YOLOv8/install/soccer_vision_2d_msgs/include/soccer_vision_2d_msgs/soccer_vision_2d_msgs/msg/detail/robot__type_support.hpp
[20.643s] -- Installing: /home/ivan/Webots_YOLOv8/install/soccer_vision_2d_msgs/include/soccer_vision_2d_msgs/soccer_vision_2d_msgs/msg/detail/marking_segment__type_support.hpp
[20.643s] -- Installing: /home/ivan/Webots_YOLOv8/install/soccer_vision_2d_msgs/include/soccer_vision_2d_msgs/soccer_vision_2d_msgs/msg/detail/goalpost_array__builder.hpp
[20.644s] -- Installing: /home/ivan/Webots_YOLOv8/install/soccer_vision_2d_msgs/include/soccer_vision_2d_msgs/soccer_vision_2d_msgs/msg/ball_array.hpp
[20.644s] -- Installing: /home/ivan/Webots_YOLOv8/install/soccer_vision_2d_msgs/include/soccer_vision_2d_msgs/soccer_vision_2d_msgs/msg/goalpost_array.hpp
[20.644s] -- Installing: /home/ivan/Webots_YOLOv8/install/soccer_vision_2d_msgs/include/soccer_vision_2d_msgs/soccer_vision_2d_msgs/msg/ball.hpp
[20.644s] -- Installing: /home/ivan/Webots_YOLOv8/install/soccer_vision_2d_msgs/include/soccer_vision_2d_msgs/soccer_vision_2d_msgs/msg/rosidl_generator_cpp__visibility_control.hpp
[20.644s] -- Installing: /home/ivan/Webots_YOLOv8/install/soccer_vision_2d_msgs/include/soccer_vision_2d_msgs/soccer_vision_2d_msgs/msg/marking_ellipse.hpp
[20.644s] -- Installing: /home/ivan/Webots_YOLOv8/install/soccer_vision_2d_msgs/include/soccer_vision_2d_msgs/soccer_vision_2d_msgs/msg/robot.hpp
[20.645s] -- Installing: /home/ivan/Webots_YOLOv8/install/soccer_vision_2d_msgs/include/soccer_vision_2d_msgs/soccer_vision_2d_msgs/msg/obstacle_array.hpp
[20.645s] -- Installing: /home/ivan/Webots_YOLOv8/install/soccer_vision_2d_msgs/include/soccer_vision_2d_msgs/soccer_vision_2d_msgs/msg/marking_array.hpp
[20.645s] -- Installing: /home/ivan/Webots_YOLOv8/install/soccer_vision_2d_msgs/include/soccer_vision_2d_msgs/soccer_vision_2d_msgs/msg/marking_segment.hpp
[20.645s] -- Installing: /home/ivan/Webots_YOLOv8/install/soccer_vision_2d_msgs/include/soccer_vision_2d_msgs/soccer_vision_2d_msgs/msg/goalpost.hpp
[20.645s] -- Installing: /home/ivan/Webots_YOLOv8/install/soccer_vision_2d_msgs/include/soccer_vision_2d_msgs/soccer_vision_2d_msgs/msg/obstacle.hpp
[20.645s] -- Installing: /home/ivan/Webots_YOLOv8/install/soccer_vision_2d_msgs/include/soccer_vision_2d_msgs/soccer_vision_2d_msgs/msg/marking_intersection.hpp
[20.646s] -- Installing: /home/ivan/Webots_YOLOv8/install/soccer_vision_2d_msgs/include/soccer_vision_2d_msgs/soccer_vision_2d_msgs/msg/robot_array.hpp
[20.646s] -- Installing: /home/ivan/Webots_YOLOv8/install/soccer_vision_2d_msgs/include/soccer_vision_2d_msgs/soccer_vision_2d_msgs/msg/field_boundary.hpp
[20.646s] -- Up-to-date: /home/ivan/Webots_YOLOv8/install/soccer_vision_2d_msgs/include/soccer_vision_2d_msgs/soccer_vision_2d_msgs
[20.646s] -- Up-to-date: /home/ivan/Webots_YOLOv8/install/soccer_vision_2d_msgs/include/soccer_vision_2d_msgs/soccer_vision_2d_msgs/msg
[20.646s] -- Up-to-date: /home/ivan/Webots_YOLOv8/install/soccer_vision_2d_msgs/include/soccer_vision_2d_msgs/soccer_vision_2d_msgs/msg/detail
[20.646s] -- Installing: /home/ivan/Webots_YOLOv8/install/soccer_vision_2d_msgs/include/soccer_vision_2d_msgs/soccer_vision_2d_msgs/msg/detail/robot_array__rosidl_typesupport_fastrtps_cpp.hpp
[20.646s] -- Installing: /home/ivan/Webots_YOLOv8/install/soccer_vision_2d_msgs/include/soccer_vision_2d_msgs/soccer_vision_2d_msgs/msg/detail/obstacle_array__rosidl_typesupport_fastrtps_cpp.hpp
[20.647s] -- Installing: /home/ivan/Webots_YOLOv8/install/soccer_vision_2d_msgs/include/soccer_vision_2d_msgs/soccer_vision_2d_msgs/msg/detail/dds_fastrtps
[20.647s] -- Installing: /home/ivan/Webots_YOLOv8/install/soccer_vision_2d_msgs/include/soccer_vision_2d_msgs/soccer_vision_2d_msgs/msg/detail/marking_ellipse__rosidl_typesupport_fastrtps_cpp.hpp
[20.647s] -- Installing: /home/ivan/Webots_YOLOv8/install/soccer_vision_2d_msgs/include/soccer_vision_2d_msgs/soccer_vision_2d_msgs/msg/detail/obstacle__rosidl_typesupport_fastrtps_cpp.hpp
[20.647s] -- Installing: /home/ivan/Webots_YOLOv8/install/soccer_vision_2d_msgs/include/soccer_vision_2d_msgs/soccer_vision_2d_msgs/msg/detail/robot__rosidl_typesupport_fastrtps_cpp.hpp
[20.647s] -- Installing: /home/ivan/Webots_YOLOv8/install/soccer_vision_2d_msgs/include/soccer_vision_2d_msgs/soccer_vision_2d_msgs/msg/detail/marking_array__rosidl_typesupport_fastrtps_cpp.hpp
[20.647s] -- Installing: /home/ivan/Webots_YOLOv8/install/soccer_vision_2d_msgs/include/soccer_vision_2d_msgs/soccer_vision_2d_msgs/msg/detail/ball__rosidl_typesupport_fastrtps_cpp.hpp
[20.648s] -- Installing: /home/ivan/Webots_YOLOv8/install/soccer_vision_2d_msgs/include/soccer_vision_2d_msgs/soccer_vision_2d_msgs/msg/detail/field_boundary__rosidl_typesupport_fastrtps_cpp.hpp
[20.648s] -- Installing: /home/ivan/Webots_YOLOv8/install/soccer_vision_2d_msgs/include/soccer_vision_2d_msgs/soccer_vision_2d_msgs/msg/detail/goalpost__rosidl_typesupport_fastrtps_cpp.hpp
[20.648s] -- Installing: /home/ivan/Webots_YOLOv8/install/soccer_vision_2d_msgs/include/soccer_vision_2d_msgs/soccer_vision_2d_msgs/msg/detail/marking_segment__rosidl_typesupport_fastrtps_cpp.hpp
[20.648s] -- Installing: /home/ivan/Webots_YOLOv8/install/soccer_vision_2d_msgs/include/soccer_vision_2d_msgs/soccer_vision_2d_msgs/msg/detail/goalpost_array__rosidl_typesupport_fastrtps_cpp.hpp
[20.648s] -- Installing: /home/ivan/Webots_YOLOv8/install/soccer_vision_2d_msgs/include/soccer_vision_2d_msgs/soccer_vision_2d_msgs/msg/detail/ball_array__rosidl_typesupport_fastrtps_cpp.hpp
[20.648s] -- Installing: /home/ivan/Webots_YOLOv8/install/soccer_vision_2d_msgs/include/soccer_vision_2d_msgs/soccer_vision_2d_msgs/msg/detail/marking_intersection__rosidl_typesupport_fastrtps_cpp.hpp
[20.648s] -- Installing: /home/ivan/Webots_YOLOv8/install/soccer_vision_2d_msgs/include/soccer_vision_2d_msgs/soccer_vision_2d_msgs/msg/rosidl_typesupport_fastrtps_cpp__visibility_control.h
[20.649s] -- Installing: /home/ivan/Webots_YOLOv8/install/soccer_vision_2d_msgs/lib/libsoccer_vision_2d_msgs__rosidl_typesupport_fastrtps_cpp.so
[20.650s] -- Set runtime path of "/home/ivan/Webots_YOLOv8/install/soccer_vision_2d_msgs/lib/libsoccer_vision_2d_msgs__rosidl_typesupport_fastrtps_cpp.so" to ""
[20.650s] -- Up-to-date: /home/ivan/Webots_YOLOv8/install/soccer_vision_2d_msgs/include/soccer_vision_2d_msgs/soccer_vision_2d_msgs
[20.650s] -- Up-to-date: /home/ivan/Webots_YOLOv8/install/soccer_vision_2d_msgs/include/soccer_vision_2d_msgs/soccer_vision_2d_msgs/msg
[20.650s] -- Up-to-date: /home/ivan/Webots_YOLOv8/install/soccer_vision_2d_msgs/include/soccer_vision_2d_msgs/soccer_vision_2d_msgs/msg/detail
[20.650s] -- Installing: /home/ivan/Webots_YOLOv8/install/soccer_vision_2d_msgs/include/soccer_vision_2d_msgs/soccer_vision_2d_msgs/msg/detail/marking_ellipse__type_support.cpp
[20.650s] -- Installing: /home/ivan/Webots_YOLOv8/install/soccer_vision_2d_msgs/include/soccer_vision_2d_msgs/soccer_vision_2d_msgs/msg/detail/robot_array__type_support.cpp
[20.650s] -- Installing: /home/ivan/Webots_YOLOv8/install/soccer_vision_2d_msgs/include/soccer_vision_2d_msgs/soccer_vision_2d_msgs/msg/detail/goalpost_array__type_support.cpp
[20.650s] -- Installing: /home/ivan/Webots_YOLOv8/install/soccer_vision_2d_msgs/include/soccer_vision_2d_msgs/soccer_vision_2d_msgs/msg/detail/ball_array__type_support.cpp
[20.651s] -- Installing: /home/ivan/Webots_YOLOv8/install/soccer_vision_2d_msgs/include/soccer_vision_2d_msgs/soccer_vision_2d_msgs/msg/detail/marking_segment__type_support.cpp
[20.651s] -- Installing: /home/ivan/Webots_YOLOv8/install/soccer_vision_2d_msgs/include/soccer_vision_2d_msgs/soccer_vision_2d_msgs/msg/detail/robot__rosidl_typesupport_introspection_cpp.hpp
[20.651s] -- Installing: /home/ivan/Webots_YOLOv8/install/soccer_vision_2d_msgs/include/soccer_vision_2d_msgs/soccer_vision_2d_msgs/msg/detail/field_boundary__rosidl_typesupport_introspection_cpp.hpp
[20.651s] -- Installing: /home/ivan/Webots_YOLOv8/install/soccer_vision_2d_msgs/include/soccer_vision_2d_msgs/soccer_vision_2d_msgs/msg/detail/ball__rosidl_typesupport_introspection_cpp.hpp
[20.651s] -- Installing: /home/ivan/Webots_YOLOv8/install/soccer_vision_2d_msgs/include/soccer_vision_2d_msgs/soccer_vision_2d_msgs/msg/detail/ball_array__rosidl_typesupport_introspection_cpp.hpp
[20.651s] -- Installing: /home/ivan/Webots_YOLOv8/install/soccer_vision_2d_msgs/include/soccer_vision_2d_msgs/soccer_vision_2d_msgs/msg/detail/obstacle__rosidl_typesupport_introspection_cpp.hpp
[20.651s] -- Installing: /home/ivan/Webots_YOLOv8/install/soccer_vision_2d_msgs/include/soccer_vision_2d_msgs/soccer_vision_2d_msgs/msg/detail/obstacle__type_support.cpp
[20.652s] -- Installing: /home/ivan/Webots_YOLOv8/install/soccer_vision_2d_msgs/include/soccer_vision_2d_msgs/soccer_vision_2d_msgs/msg/detail/robot_array__rosidl_typesupport_introspection_cpp.hpp
[20.652s] -- Installing: /home/ivan/Webots_YOLOv8/install/soccer_vision_2d_msgs/include/soccer_vision_2d_msgs/soccer_vision_2d_msgs/msg/detail/obstacle_array__type_support.cpp
[20.652s] -- Installing: /home/ivan/Webots_YOLOv8/install/soccer_vision_2d_msgs/include/soccer_vision_2d_msgs/soccer_vision_2d_msgs/msg/detail/marking_segment__rosidl_typesupport_introspection_cpp.hpp
[20.652s] -- Installing: /home/ivan/Webots_YOLOv8/install/soccer_vision_2d_msgs/include/soccer_vision_2d_msgs/soccer_vision_2d_msgs/msg/detail/goalpost__rosidl_typesupport_introspection_cpp.hpp
[20.652s] -- Installing: /home/ivan/Webots_YOLOv8/install/soccer_vision_2d_msgs/include/soccer_vision_2d_msgs/soccer_vision_2d_msgs/msg/detail/marking_intersection__rosidl_typesupport_introspection_cpp.hpp
[20.653s] -- Installing: /home/ivan/Webots_YOLOv8/install/soccer_vision_2d_msgs/include/soccer_vision_2d_msgs/soccer_vision_2d_msgs/msg/detail/marking_array__type_support.cpp
[20.653s] -- Installing: /home/ivan/Webots_YOLOv8/install/soccer_vision_2d_msgs/include/soccer_vision_2d_msgs/soccer_vision_2d_msgs/msg/detail/marking_ellipse__rosidl_typesupport_introspection_cpp.hpp
[20.653s] -- Installing: /home/ivan/Webots_YOLOv8/install/soccer_vision_2d_msgs/include/soccer_vision_2d_msgs/soccer_vision_2d_msgs/msg/detail/goalpost_array__rosidl_typesupport_introspection_cpp.hpp
[20.653s] -- Installing: /home/ivan/Webots_YOLOv8/install/soccer_vision_2d_msgs/include/soccer_vision_2d_msgs/soccer_vision_2d_msgs/msg/detail/field_boundary__type_support.cpp
[20.653s] -- Installing: /home/ivan/Webots_YOLOv8/install/soccer_vision_2d_msgs/include/soccer_vision_2d_msgs/soccer_vision_2d_msgs/msg/detail/ball__type_support.cpp
[20.653s] -- Installing: /home/ivan/Webots_YOLOv8/install/soccer_vision_2d_msgs/include/soccer_vision_2d_msgs/soccer_vision_2d_msgs/msg/detail/goalpost__type_support.cpp
[20.654s] -- Installing: /home/ivan/Webots_YOLOv8/install/soccer_vision_2d_msgs/include/soccer_vision_2d_msgs/soccer_vision_2d_msgs/msg/detail/obstacle_array__rosidl_typesupport_introspection_cpp.hpp
[20.654s] -- Installing: /home/ivan/Webots_YOLOv8/install/soccer_vision_2d_msgs/include/soccer_vision_2d_msgs/soccer_vision_2d_msgs/msg/detail/marking_intersection__type_support.cpp
[20.654s] -- Installing: /home/ivan/Webots_YOLOv8/install/soccer_vision_2d_msgs/include/soccer_vision_2d_msgs/soccer_vision_2d_msgs/msg/detail/marking_array__rosidl_typesupport_introspection_cpp.hpp
[20.654s] -- Installing: /home/ivan/Webots_YOLOv8/install/soccer_vision_2d_msgs/include/soccer_vision_2d_msgs/soccer_vision_2d_msgs/msg/detail/robot__type_support.cpp
[20.654s] -- Installing: /home/ivan/Webots_YOLOv8/install/soccer_vision_2d_msgs/lib/libsoccer_vision_2d_msgs__rosidl_typesupport_introspection_cpp.so
[20.655s] -- Set runtime path of "/home/ivan/Webots_YOLOv8/install/soccer_vision_2d_msgs/lib/libsoccer_vision_2d_msgs__rosidl_typesupport_introspection_cpp.so" to ""
[20.655s] -- Installing: /home/ivan/Webots_YOLOv8/install/soccer_vision_2d_msgs/lib/libsoccer_vision_2d_msgs__rosidl_typesupport_cpp.so
[20.656s] -- Set runtime path of "/home/ivan/Webots_YOLOv8/install/soccer_vision_2d_msgs/lib/libsoccer_vision_2d_msgs__rosidl_typesupport_cpp.so" to ""
[20.656s] -- Installing: /home/ivan/Webots_YOLOv8/install/soccer_vision_2d_msgs/share/soccer_vision_2d_msgs/environment/pythonpath.sh
[20.656s] -- Installing: /home/ivan/Webots_YOLOv8/install/soccer_vision_2d_msgs/share/soccer_vision_2d_msgs/environment/pythonpath.dsv
[20.656s] -- Installing: /home/ivan/Webots_YOLOv8/install/soccer_vision_2d_msgs/local/lib/python3.10/dist-packages/soccer_vision_2d_msgs-1.0.0-py3.10.egg-info
[20.656s] -- Installing: /home/ivan/Webots_YOLOv8/install/soccer_vision_2d_msgs/local/lib/python3.10/dist-packages/soccer_vision_2d_msgs-1.0.0-py3.10.egg-info/top_level.txt
[20.656s] -- Installing: /home/ivan/Webots_YOLOv8/install/soccer_vision_2d_msgs/local/lib/python3.10/dist-packages/soccer_vision_2d_msgs-1.0.0-py3.10.egg-info/dependency_links.txt
[20.657s] -- Installing: /home/ivan/Webots_YOLOv8/install/soccer_vision_2d_msgs/local/lib/python3.10/dist-packages/soccer_vision_2d_msgs-1.0.0-py3.10.egg-info/SOURCES.txt
[20.657s] -- Installing: /home/ivan/Webots_YOLOv8/install/soccer_vision_2d_msgs/local/lib/python3.10/dist-packages/soccer_vision_2d_msgs-1.0.0-py3.10.egg-info/PKG-INFO
[20.657s] -- Installing: /home/ivan/Webots_YOLOv8/install/soccer_vision_2d_msgs/local/lib/python3.10/dist-packages/soccer_vision_2d_msgs
[20.657s] -- Installing: /home/ivan/Webots_YOLOv8/install/soccer_vision_2d_msgs/local/lib/python3.10/dist-packages/soccer_vision_2d_msgs/soccer_vision_2d_msgs_s__rosidl_typesupport_c.cpython-310-x86_64-linux-gnu.so
[20.657s] -- Installing: /home/ivan/Webots_YOLOv8/install/soccer_vision_2d_msgs/local/lib/python3.10/dist-packages/soccer_vision_2d_msgs/msg
[20.657s] -- Installing: /home/ivan/Webots_YOLOv8/install/soccer_vision_2d_msgs/local/lib/python3.10/dist-packages/soccer_vision_2d_msgs/msg/_ball_array.py
[20.657s] -- Installing: /home/ivan/Webots_YOLOv8/install/soccer_vision_2d_msgs/local/lib/python3.10/dist-packages/soccer_vision_2d_msgs/msg/_marking_segment.py
[20.657s] -- Installing: /home/ivan/Webots_YOLOv8/install/soccer_vision_2d_msgs/local/lib/python3.10/dist-packages/soccer_vision_2d_msgs/msg/_goalpost.py
[20.658s] -- Installing: /home/ivan/Webots_YOLOv8/install/soccer_vision_2d_msgs/local/lib/python3.10/dist-packages/soccer_vision_2d_msgs/msg/_obstacle_s.c
[20.658s] -- Installing: /home/ivan/Webots_YOLOv8/install/soccer_vision_2d_msgs/local/lib/python3.10/dist-packages/soccer_vision_2d_msgs/msg/_robot_s.c
[20.658s] -- Installing: /home/ivan/Webots_YOLOv8/install/soccer_vision_2d_msgs/local/lib/python3.10/dist-packages/soccer_vision_2d_msgs/msg/_robot_array.py
[20.658s] -- Installing: /home/ivan/Webots_YOLOv8/install/soccer_vision_2d_msgs/local/lib/python3.10/dist-packages/soccer_vision_2d_msgs/msg/_marking_array_s.c
[20.658s] -- Installing: /home/ivan/Webots_YOLOv8/install/soccer_vision_2d_msgs/local/lib/python3.10/dist-packages/soccer_vision_2d_msgs/msg/_marking_array.py
[20.658s] -- Installing: /home/ivan/Webots_YOLOv8/install/soccer_vision_2d_msgs/local/lib/python3.10/dist-packages/soccer_vision_2d_msgs/msg/_marking_intersection.py
[20.659s] -- Installing: /home/ivan/Webots_YOLOv8/install/soccer_vision_2d_msgs/local/lib/python3.10/dist-packages/soccer_vision_2d_msgs/msg/_goalpost_array.py
[20.659s] -- Installing: /home/ivan/Webots_YOLOv8/install/soccer_vision_2d_msgs/local/lib/python3.10/dist-packages/soccer_vision_2d_msgs/msg/_ball_array_s.c
[20.659s] -- Installing: /home/ivan/Webots_YOLOv8/install/soccer_vision_2d_msgs/local/lib/python3.10/dist-packages/soccer_vision_2d_msgs/msg/_obstacle_array.py
[20.659s] -- Installing: /home/ivan/Webots_YOLOv8/install/soccer_vision_2d_msgs/local/lib/python3.10/dist-packages/soccer_vision_2d_msgs/msg/__init__.py
[20.659s] -- Installing: /home/ivan/Webots_YOLOv8/install/soccer_vision_2d_msgs/local/lib/python3.10/dist-packages/soccer_vision_2d_msgs/msg/_goalpost_array_s.c
[20.659s] -- Installing: /home/ivan/Webots_YOLOv8/install/soccer_vision_2d_msgs/local/lib/python3.10/dist-packages/soccer_vision_2d_msgs/msg/_ball_s.c
[20.659s] -- Installing: /home/ivan/Webots_YOLOv8/install/soccer_vision_2d_msgs/local/lib/python3.10/dist-packages/soccer_vision_2d_msgs/msg/_marking_intersection_s.c
[20.660s] -- Installing: /home/ivan/Webots_YOLOv8/install/soccer_vision_2d_msgs/local/lib/python3.10/dist-packages/soccer_vision_2d_msgs/msg/_obstacle_array_s.c
[20.660s] -- Installing: /home/ivan/Webots_YOLOv8/install/soccer_vision_2d_msgs/local/lib/python3.10/dist-packages/soccer_vision_2d_msgs/msg/_field_boundary_s.c
[20.660s] -- Installing: /home/ivan/Webots_YOLOv8/install/soccer_vision_2d_msgs/local/lib/python3.10/dist-packages/soccer_vision_2d_msgs/msg/_obstacle.py
[20.660s] -- Installing: /home/ivan/Webots_YOLOv8/install/soccer_vision_2d_msgs/local/lib/python3.10/dist-packages/soccer_vision_2d_msgs/msg/_marking_segment_s.c
[20.660s] -- Installing: /home/ivan/Webots_YOLOv8/install/soccer_vision_2d_msgs/local/lib/python3.10/dist-packages/soccer_vision_2d_msgs/msg/_marking_ellipse_s.c
[20.660s] -- Installing: /home/ivan/Webots_YOLOv8/install/soccer_vision_2d_msgs/local/lib/python3.10/dist-packages/soccer_vision_2d_msgs/msg/_field_boundary.py
[20.660s] -- Installing: /home/ivan/Webots_YOLOv8/install/soccer_vision_2d_msgs/local/lib/python3.10/dist-packages/soccer_vision_2d_msgs/msg/_robot_array_s.c
[20.661s] -- Installing: /home/ivan/Webots_YOLOv8/install/soccer_vision_2d_msgs/local/lib/python3.10/dist-packages/soccer_vision_2d_msgs/msg/_robot.py
[20.661s] -- Installing: /home/ivan/Webots_YOLOv8/install/soccer_vision_2d_msgs/local/lib/python3.10/dist-packages/soccer_vision_2d_msgs/msg/_goalpost_s.c
[20.661s] -- Installing: /home/ivan/Webots_YOLOv8/install/soccer_vision_2d_msgs/local/lib/python3.10/dist-packages/soccer_vision_2d_msgs/msg/_marking_ellipse.py
[20.661s] -- Installing: /home/ivan/Webots_YOLOv8/install/soccer_vision_2d_msgs/local/lib/python3.10/dist-packages/soccer_vision_2d_msgs/msg/_ball.py
[20.661s] -- Installing: /home/ivan/Webots_YOLOv8/install/soccer_vision_2d_msgs/local/lib/python3.10/dist-packages/soccer_vision_2d_msgs/soccer_vision_2d_msgs_s__rosidl_typesupport_introspection_c.cpython-310-x86_64-linux-gnu.so
[20.661s] -- Installing: /home/ivan/Webots_YOLOv8/install/soccer_vision_2d_msgs/local/lib/python3.10/dist-packages/soccer_vision_2d_msgs/__init__.py
[20.661s] -- Installing: /home/ivan/Webots_YOLOv8/install/soccer_vision_2d_msgs/local/lib/python3.10/dist-packages/soccer_vision_2d_msgs/_soccer_vision_2d_msgs_s.ep.rosidl_typesupport_introspection_c.c
[20.662s] -- Installing: /home/ivan/Webots_YOLOv8/install/soccer_vision_2d_msgs/local/lib/python3.10/dist-packages/soccer_vision_2d_msgs/libsoccer_vision_2d_msgs__rosidl_generator_py.so
[20.662s] -- Installing: /home/ivan/Webots_YOLOv8/install/soccer_vision_2d_msgs/local/lib/python3.10/dist-packages/soccer_vision_2d_msgs/soccer_vision_2d_msgs_s__rosidl_typesupport_fastrtps_c.cpython-310-x86_64-linux-gnu.so
[20.662s] -- Installing: /home/ivan/Webots_YOLOv8/install/soccer_vision_2d_msgs/local/lib/python3.10/dist-packages/soccer_vision_2d_msgs/_soccer_vision_2d_msgs_s.ep.rosidl_typesupport_fastrtps_c.c
[20.662s] -- Installing: /home/ivan/Webots_YOLOv8/install/soccer_vision_2d_msgs/local/lib/python3.10/dist-packages/soccer_vision_2d_msgs/_soccer_vision_2d_msgs_s.ep.rosidl_typesupport_c.c
[20.717s] Listing '/home/ivan/Webots_YOLOv8/install/soccer_vision_2d_msgs/local/lib/python3.10/dist-packages/soccer_vision_2d_msgs'...
[20.717s] Compiling '/home/ivan/Webots_YOLOv8/install/soccer_vision_2d_msgs/local/lib/python3.10/dist-packages/soccer_vision_2d_msgs/__init__.py'...
[20.718s] Listing '/home/ivan/Webots_YOLOv8/install/soccer_vision_2d_msgs/local/lib/python3.10/dist-packages/soccer_vision_2d_msgs/msg'...
[20.718s] Compiling '/home/ivan/Webots_YOLOv8/install/soccer_vision_2d_msgs/local/lib/python3.10/dist-packages/soccer_vision_2d_msgs/msg/__init__.py'...
[20.718s] Compiling '/home/ivan/Webots_YOLOv8/install/soccer_vision_2d_msgs/local/lib/python3.10/dist-packages/soccer_vision_2d_msgs/msg/_ball.py'...
[20.718s] Compiling '/home/ivan/Webots_YOLOv8/install/soccer_vision_2d_msgs/local/lib/python3.10/dist-packages/soccer_vision_2d_msgs/msg/_ball_array.py'...
[20.718s] Compiling '/home/ivan/Webots_YOLOv8/install/soccer_vision_2d_msgs/local/lib/python3.10/dist-packages/soccer_vision_2d_msgs/msg/_field_boundary.py'...
[20.718s] Compiling '/home/ivan/Webots_YOLOv8/install/soccer_vision_2d_msgs/local/lib/python3.10/dist-packages/soccer_vision_2d_msgs/msg/_goalpost.py'...
[20.718s] Compiling '/home/ivan/Webots_YOLOv8/install/soccer_vision_2d_msgs/local/lib/python3.10/dist-packages/soccer_vision_2d_msgs/msg/_goalpost_array.py'...
[20.718s] Compiling '/home/ivan/Webots_YOLOv8/install/soccer_vision_2d_msgs/local/lib/python3.10/dist-packages/soccer_vision_2d_msgs/msg/_marking_array.py'...
[20.718s] Compiling '/home/ivan/Webots_YOLOv8/install/soccer_vision_2d_msgs/local/lib/python3.10/dist-packages/soccer_vision_2d_msgs/msg/_marking_ellipse.py'...
[20.718s] Compiling '/home/ivan/Webots_YOLOv8/install/soccer_vision_2d_msgs/local/lib/python3.10/dist-packages/soccer_vision_2d_msgs/msg/_marking_intersection.py'...
[20.718s] Compiling '/home/ivan/Webots_YOLOv8/install/soccer_vision_2d_msgs/local/lib/python3.10/dist-packages/soccer_vision_2d_msgs/msg/_marking_segment.py'...
[20.718s] Compiling '/home/ivan/Webots_YOLOv8/install/soccer_vision_2d_msgs/local/lib/python3.10/dist-packages/soccer_vision_2d_msgs/msg/_obstacle.py'...
[20.718s] Compiling '/home/ivan/Webots_YOLOv8/install/soccer_vision_2d_msgs/local/lib/python3.10/dist-packages/soccer_vision_2d_msgs/msg/_obstacle_array.py'...
[20.718s] Compiling '/home/ivan/Webots_YOLOv8/install/soccer_vision_2d_msgs/local/lib/python3.10/dist-packages/soccer_vision_2d_msgs/msg/_robot.py'...
[20.718s] Compiling '/home/ivan/Webots_YOLOv8/install/soccer_vision_2d_msgs/local/lib/python3.10/dist-packages/soccer_vision_2d_msgs/msg/_robot_array.py'...
[20.725s] -- Installing: /home/ivan/Webots_YOLOv8/install/soccer_vision_2d_msgs/local/lib/python3.10/dist-packages/soccer_vision_2d_msgs/soccer_vision_2d_msgs_s__rosidl_typesupport_fastrtps_c.cpython-310-x86_64-linux-gnu.so
[20.726s] -- Set runtime path of "/home/ivan/Webots_YOLOv8/install/soccer_vision_2d_msgs/local/lib/python3.10/dist-packages/soccer_vision_2d_msgs/soccer_vision_2d_msgs_s__rosidl_typesupport_fastrtps_c.cpython-310-x86_64-linux-gnu.so" to ""
[20.726s] -- Installing: /home/ivan/Webots_YOLOv8/install/soccer_vision_2d_msgs/local/lib/python3.10/dist-packages/soccer_vision_2d_msgs/soccer_vision_2d_msgs_s__rosidl_typesupport_introspection_c.cpython-310-x86_64-linux-gnu.so
[20.727s] -- Set runtime path of "/home/ivan/Webots_YOLOv8/install/soccer_vision_2d_msgs/local/lib/python3.10/dist-packages/soccer_vision_2d_msgs/soccer_vision_2d_msgs_s__rosidl_typesupport_introspection_c.cpython-310-x86_64-linux-gnu.so" to ""
[20.727s] -- Installing: /home/ivan/Webots_YOLOv8/install/soccer_vision_2d_msgs/local/lib/python3.10/dist-packages/soccer_vision_2d_msgs/soccer_vision_2d_msgs_s__rosidl_typesupport_c.cpython-310-x86_64-linux-gnu.so
[20.727s] -- Set runtime path of "/home/ivan/Webots_YOLOv8/install/soccer_vision_2d_msgs/local/lib/python3.10/dist-packages/soccer_vision_2d_msgs/soccer_vision_2d_msgs_s__rosidl_typesupport_c.cpython-310-x86_64-linux-gnu.so" to ""
[20.727s] -- Installing: /home/ivan/Webots_YOLOv8/install/soccer_vision_2d_msgs/lib/libsoccer_vision_2d_msgs__rosidl_generator_py.so
[20.728s] -- Set runtime path of "/home/ivan/Webots_YOLOv8/install/soccer_vision_2d_msgs/lib/libsoccer_vision_2d_msgs__rosidl_generator_py.so" to ""
[20.728s] -- Installing: /home/ivan/Webots_YOLOv8/install/soccer_vision_2d_msgs/share/soccer_vision_2d_msgs/msg/Ball.idl
[20.728s] -- Installing: /home/ivan/Webots_YOLOv8/install/soccer_vision_2d_msgs/share/soccer_vision_2d_msgs/msg/BallArray.idl
[20.728s] -- Installing: /home/ivan/Webots_YOLOv8/install/soccer_vision_2d_msgs/share/soccer_vision_2d_msgs/msg/FieldBoundary.idl
[20.728s] -- Installing: /home/ivan/Webots_YOLOv8/install/soccer_vision_2d_msgs/share/soccer_vision_2d_msgs/msg/Goalpost.idl
[20.729s] -- Installing: /home/ivan/Webots_YOLOv8/install/soccer_vision_2d_msgs/share/soccer_vision_2d_msgs/msg/GoalpostArray.idl
[20.729s] -- Installing: /home/ivan/Webots_YOLOv8/install/soccer_vision_2d_msgs/share/soccer_vision_2d_msgs/msg/MarkingEllipse.idl
[20.729s] -- Installing: /home/ivan/Webots_YOLOv8/install/soccer_vision_2d_msgs/share/soccer_vision_2d_msgs/msg/MarkingIntersection.idl
[20.729s] -- Installing: /home/ivan/Webots_YOLOv8/install/soccer_vision_2d_msgs/share/soccer_vision_2d_msgs/msg/MarkingSegment.idl
[20.729s] -- Installing: /home/ivan/Webots_YOLOv8/install/soccer_vision_2d_msgs/share/soccer_vision_2d_msgs/msg/MarkingArray.idl
[20.729s] -- Installing: /home/ivan/Webots_YOLOv8/install/soccer_vision_2d_msgs/share/soccer_vision_2d_msgs/msg/Obstacle.idl
[20.729s] -- Installing: /home/ivan/Webots_YOLOv8/install/soccer_vision_2d_msgs/share/soccer_vision_2d_msgs/msg/ObstacleArray.idl
[20.730s] -- Installing: /home/ivan/Webots_YOLOv8/install/soccer_vision_2d_msgs/share/soccer_vision_2d_msgs/msg/Robot.idl
[20.730s] -- Installing: /home/ivan/Webots_YOLOv8/install/soccer_vision_2d_msgs/share/soccer_vision_2d_msgs/msg/RobotArray.idl
[20.730s] -- Installing: /home/ivan/Webots_YOLOv8/install/soccer_vision_2d_msgs/share/soccer_vision_2d_msgs/msg/Ball.msg
[20.730s] -- Installing: /home/ivan/Webots_YOLOv8/install/soccer_vision_2d_msgs/share/soccer_vision_2d_msgs/msg/BallArray.msg
[20.730s] -- Installing: /home/ivan/Webots_YOLOv8/install/soccer_vision_2d_msgs/share/soccer_vision_2d_msgs/msg/FieldBoundary.msg
[20.731s] -- Installing: /home/ivan/Webots_YOLOv8/install/soccer_vision_2d_msgs/share/soccer_vision_2d_msgs/msg/Goalpost.msg
[20.731s] -- Installing: /home/ivan/Webots_YOLOv8/install/soccer_vision_2d_msgs/share/soccer_vision_2d_msgs/msg/GoalpostArray.msg
[20.731s] -- Installing: /home/ivan/Webots_YOLOv8/install/soccer_vision_2d_msgs/share/soccer_vision_2d_msgs/msg/MarkingEllipse.msg
[20.731s] -- Installing: /home/ivan/Webots_YOLOv8/install/soccer_vision_2d_msgs/share/soccer_vision_2d_msgs/msg/MarkingIntersection.msg
[20.731s] -- Installing: /home/ivan/Webots_YOLOv8/install/soccer_vision_2d_msgs/share/soccer_vision_2d_msgs/msg/MarkingSegment.msg
[20.732s] -- Installing: /home/ivan/Webots_YOLOv8/install/soccer_vision_2d_msgs/share/soccer_vision_2d_msgs/msg/MarkingArray.msg
[20.732s] -- Installing: /home/ivan/Webots_YOLOv8/install/soccer_vision_2d_msgs/share/soccer_vision_2d_msgs/msg/Obstacle.msg
[20.732s] -- Installing: /home/ivan/Webots_YOLOv8/install/soccer_vision_2d_msgs/share/soccer_vision_2d_msgs/msg/ObstacleArray.msg
[20.732s] -- Installing: /home/ivan/Webots_YOLOv8/install/soccer_vision_2d_msgs/share/soccer_vision_2d_msgs/msg/Robot.msg
[20.732s] -- Installing: /home/ivan/Webots_YOLOv8/install/soccer_vision_2d_msgs/share/soccer_vision_2d_msgs/msg/RobotArray.msg
[20.733s] -- Installing: /home/ivan/Webots_YOLOv8/install/soccer_vision_2d_msgs/share/ament_index/resource_index/package_run_dependencies/soccer_vision_2d_msgs
[20.733s] -- Installing: /home/ivan/Webots_YOLOv8/install/soccer_vision_2d_msgs/share/ament_index/resource_index/parent_prefix_path/soccer_vision_2d_msgs
[20.733s] -- Installing: /home/ivan/Webots_YOLOv8/install/soccer_vision_2d_msgs/share/soccer_vision_2d_msgs/environment/ament_prefix_path.sh
[20.733s] -- Installing: /home/ivan/Webots_YOLOv8/install/soccer_vision_2d_msgs/share/soccer_vision_2d_msgs/environment/ament_prefix_path.dsv
[20.733s] -- Installing: /home/ivan/Webots_YOLOv8/install/soccer_vision_2d_msgs/share/soccer_vision_2d_msgs/environment/path.sh
[20.733s] -- Installing: /home/ivan/Webots_YOLOv8/install/soccer_vision_2d_msgs/share/soccer_vision_2d_msgs/environment/path.dsv
[20.734s] -- Installing: /home/ivan/Webots_YOLOv8/install/soccer_vision_2d_msgs/share/soccer_vision_2d_msgs/local_setup.bash
[20.734s] -- Installing: /home/ivan/Webots_YOLOv8/install/soccer_vision_2d_msgs/share/soccer_vision_2d_msgs/local_setup.sh
[20.734s] -- Installing: /home/ivan/Webots_YOLOv8/install/soccer_vision_2d_msgs/share/soccer_vision_2d_msgs/local_setup.zsh
[20.734s] -- Installing: /home/ivan/Webots_YOLOv8/install/soccer_vision_2d_msgs/share/soccer_vision_2d_msgs/local_setup.dsv
[20.734s] -- Installing: /home/ivan/Webots_YOLOv8/install/soccer_vision_2d_msgs/share/soccer_vision_2d_msgs/package.dsv
[20.734s] -- Installing: /home/ivan/Webots_YOLOv8/install/soccer_vision_2d_msgs/share/ament_index/resource_index/packages/soccer_vision_2d_msgs
[20.735s] -- Installing: /home/ivan/Webots_YOLOv8/install/soccer_vision_2d_msgs/share/soccer_vision_2d_msgs/cmake/export_soccer_vision_2d_msgs__rosidl_generator_cExport.cmake
[20.735s] -- Installing: /home/ivan/Webots_YOLOv8/install/soccer_vision_2d_msgs/share/soccer_vision_2d_msgs/cmake/export_soccer_vision_2d_msgs__rosidl_generator_cExport-noconfig.cmake
[20.735s] -- Installing: /home/ivan/Webots_YOLOv8/install/soccer_vision_2d_msgs/share/soccer_vision_2d_msgs/cmake/export_soccer_vision_2d_msgs__rosidl_typesupport_fastrtps_cExport.cmake
[20.735s] -- Installing: /home/ivan/Webots_YOLOv8/install/soccer_vision_2d_msgs/share/soccer_vision_2d_msgs/cmake/export_soccer_vision_2d_msgs__rosidl_typesupport_fastrtps_cExport-noconfig.cmake
[20.735s] -- Installing: /home/ivan/Webots_YOLOv8/install/soccer_vision_2d_msgs/share/soccer_vision_2d_msgs/cmake/soccer_vision_2d_msgs__rosidl_typesupport_introspection_cExport.cmake
[20.736s] -- Installing: /home/ivan/Webots_YOLOv8/install/soccer_vision_2d_msgs/share/soccer_vision_2d_msgs/cmake/soccer_vision_2d_msgs__rosidl_typesupport_introspection_cExport-noconfig.cmake
[20.736s] -- Installing: /home/ivan/Webots_YOLOv8/install/soccer_vision_2d_msgs/share/soccer_vision_2d_msgs/cmake/soccer_vision_2d_msgs__rosidl_typesupport_cExport.cmake
[20.736s] -- Installing: /home/ivan/Webots_YOLOv8/install/soccer_vision_2d_msgs/share/soccer_vision_2d_msgs/cmake/soccer_vision_2d_msgs__rosidl_typesupport_cExport-noconfig.cmake
[20.736s] -- Installing: /home/ivan/Webots_YOLOv8/install/soccer_vision_2d_msgs/share/soccer_vision_2d_msgs/cmake/export_soccer_vision_2d_msgs__rosidl_generator_cppExport.cmake
[20.736s] -- Installing: /home/ivan/Webots_YOLOv8/install/soccer_vision_2d_msgs/share/soccer_vision_2d_msgs/cmake/export_soccer_vision_2d_msgs__rosidl_typesupport_fastrtps_cppExport.cmake
[20.736s] -- Installing: /home/ivan/Webots_YOLOv8/install/soccer_vision_2d_msgs/share/soccer_vision_2d_msgs/cmake/export_soccer_vision_2d_msgs__rosidl_typesupport_fastrtps_cppExport-noconfig.cmake
[20.737s] -- Installing: /home/ivan/Webots_YOLOv8/install/soccer_vision_2d_msgs/share/soccer_vision_2d_msgs/cmake/soccer_vision_2d_msgs__rosidl_typesupport_introspection_cppExport.cmake
[20.737s] -- Installing: /home/ivan/Webots_YOLOv8/install/soccer_vision_2d_msgs/share/soccer_vision_2d_msgs/cmake/soccer_vision_2d_msgs__rosidl_typesupport_introspection_cppExport-noconfig.cmake
[20.737s] -- Installing: /home/ivan/Webots_YOLOv8/install/soccer_vision_2d_msgs/share/soccer_vision_2d_msgs/cmake/soccer_vision_2d_msgs__rosidl_typesupport_cppExport.cmake
[20.737s] -- Installing: /home/ivan/Webots_YOLOv8/install/soccer_vision_2d_msgs/share/soccer_vision_2d_msgs/cmake/soccer_vision_2d_msgs__rosidl_typesupport_cppExport-noconfig.cmake
[20.737s] -- Installing: /home/ivan/Webots_YOLOv8/install/soccer_vision_2d_msgs/share/soccer_vision_2d_msgs/cmake/export_soccer_vision_2d_msgs__rosidl_generator_pyExport.cmake
[20.737s] -- Installing: /home/ivan/Webots_YOLOv8/install/soccer_vision_2d_msgs/share/soccer_vision_2d_msgs/cmake/export_soccer_vision_2d_msgs__rosidl_generator_pyExport-noconfig.cmake
[20.738s] -- Installing: /home/ivan/Webots_YOLOv8/install/soccer_vision_2d_msgs/share/soccer_vision_2d_msgs/cmake/rosidl_cmake-extras.cmake
[20.738s] -- Installing: /home/ivan/Webots_YOLOv8/install/soccer_vision_2d_msgs/share/soccer_vision_2d_msgs/cmake/ament_cmake_export_dependencies-extras.cmake
[20.738s] -- Installing: /home/ivan/Webots_YOLOv8/install/soccer_vision_2d_msgs/share/soccer_vision_2d_msgs/cmake/ament_cmake_export_include_directories-extras.cmake
[20.738s] -- Installing: /home/ivan/Webots_YOLOv8/install/soccer_vision_2d_msgs/share/soccer_vision_2d_msgs/cmake/ament_cmake_export_libraries-extras.cmake
[20.738s] -- Installing: /home/ivan/Webots_YOLOv8/install/soccer_vision_2d_msgs/share/soccer_vision_2d_msgs/cmake/ament_cmake_export_targets-extras.cmake
[20.739s] -- Installing: /home/ivan/Webots_YOLOv8/install/soccer_vision_2d_msgs/share/soccer_vision_2d_msgs/cmake/rosidl_cmake_export_typesupport_targets-extras.cmake
[20.739s] -- Installing: /home/ivan/Webots_YOLOv8/install/soccer_vision_2d_msgs/share/soccer_vision_2d_msgs/cmake/rosidl_cmake_export_typesupport_libraries-extras.cmake
[20.739s] -- Installing: /home/ivan/Webots_YOLOv8/install/soccer_vision_2d_msgs/share/soccer_vision_2d_msgs/cmake/soccer_vision_2d_msgsConfig.cmake
[20.739s] -- Installing: /home/ivan/Webots_YOLOv8/install/soccer_vision_2d_msgs/share/soccer_vision_2d_msgs/cmake/soccer_vision_2d_msgsConfig-version.cmake
[20.739s] -- Installing: /home/ivan/Webots_YOLOv8/install/soccer_vision_2d_msgs/share/soccer_vision_2d_msgs/package.xml
[20.743s] Invoked command in '/home/ivan/Webots_YOLOv8/build/soccer_vision_2d_msgs' returned '0': CMAKE_PREFIX_PATH=/home/ivan/Webots_YOLOv8/install/soccer_vision_attribute_msgs:/home/ivan/Webots_YOLOv8/install/soccer_interfaces:/home/ivan/Webots_YOLOv8/install/soccer_vision_3d_msgs:/home/ivan/Webots_YOLOv8/install/soccer_vision_2d_msgs:/home/ivan/Webots_YOLOv8/install/soccer_model_msgs:/home/ivan/Webots_YOLOv8/install/soccer_geometry_msgs:/home/ivan/Webots_YOLOv8/install/ipm_interfaces:/home/ivan/ros2_ws/install/edrom_msgs:/home/ivan/Webots_YOLOv8/install/soccer_ipm:/home/ivan/Webots_YOLOv8/install/Webots_YOLOv8:/home/ivan/Webots_YOLOv8/install/my_package:/home/ivan/Webots_YOLOv8/install/ipm_service:/home/ivan/Webots_YOLOv8/install/ipm_image_node:/home/ivan/Webots_YOLOv8/install/ipm_library:/home/ivan/ros2_ws/install/object_finder_onnx:/home/ivan/ros2_ws/install/object_finder:/home/ivan/ros2_ws/install/my_package:/home/ivan/ros2_ws/install/Webots_YOLOv8:/opt/ros/humble LD_LIBRARY_PATH=/home/ivan/Webots_YOLOv8/install/soccer_vision_attribute_msgs/lib:/home/ivan/Webots_YOLOv8/install/soccer_vision_3d_msgs/lib:/home/ivan/Webots_YOLOv8/install/soccer_vision_2d_msgs/lib:/home/ivan/Webots_YOLOv8/install/soccer_model_msgs/lib:/home/ivan/Webots_YOLOv8/install/soccer_geometry_msgs/lib:/home/ivan/Webots_YOLOv8/install/ipm_interfaces/lib:/home/ivan/ros2_ws/install/edrom_msgs/lib:/opt/ros/humble/opt/rviz_ogre_vendor/lib:/opt/ros/humble/lib/x86_64-linux-gnu:/opt/ros/humble/lib /usr/bin/cmake --install /home/ivan/Webots_YOLOv8/build/soccer_vision_2d_msgs
