[0.327s] [34mcolcon[0m [1;30mDEBUG[0m [32mCommand line arguments: ['/usr/bin/colcon', 'build'][0m
[0.327s] [34mcolcon[0m [1;30mDEBUG[0m [32mParsed command line arguments: Namespace(log_base=None, log_level=None, verb_name='build', build_base='build', install_base='install', merge_install=False, symlink_install=False, test_result_base=None, continue_on_error=False, executor='parallel', parallel_workers=12, event_handlers=None, ignore_user_meta=False, metas=['./colcon.meta'], base_paths=['.'], packages_ignore=None, packages_ignore_regex=None, paths=None, packages_up_to=None, packages_up_to_regex=None, packages_above=None, packages_above_and_dependencies=None, packages_above_depth=None, packages_select_by_dep=None, packages_skip_by_dep=None, packages_skip_up_to=None, packages_select_build_failed=False, packages_skip_build_finished=False, packages_select_test_failures=False, packages_skip_test_passed=False, packages_select=None, packages_skip=None, packages_select_regex=None, packages_skip_regex=None, packages_start=None, packages_end=None, allow_overriding=[], cmake_args=None, cmake_target=None, cmake_target_skip_unavailable=False, cmake_clean_cache=False, cmake_clean_first=False, cmake_force_configure=False, ament_cmake_args=None, catkin_cmake_args=None, catkin_skip_building_tests=False, mixin_files=None, mixin=None, verb_parser=<colcon_mixin.mixin.mixin_argument.MixinArgumentDecorator object at 0x757a57c3b8b0>, verb_extension=<colcon_core.verb.build.BuildVerb object at 0x757a57de9000>, main=<bound method BuildVerb.main of <colcon_core.verb.build.BuildVerb object at 0x757a57de9000>>, mixin_verb=('build',))[0m
[0.657s] [34mcolcon.colcon_core.package_discovery[0m [1;30mLevel 1[0m discover_packages(colcon_meta) check parameters
[0.657s] [34mcolcon.colcon_core.package_discovery[0m [1;30mLevel 1[0m discover_packages(recursive) check parameters
[0.657s] [34mcolcon.colcon_core.package_discovery[0m [1;30mLevel 1[0m discover_packages(ignore) check parameters
[0.657s] [34mcolcon.colcon_core.package_discovery[0m [1;30mLevel 1[0m discover_packages(path) check parameters
[0.657s] [34mcolcon.colcon_core.package_discovery[0m [1;30mLevel 1[0m discover_packages(colcon_meta) discover
[0.657s] [34mcolcon.colcon_core.package_discovery[0m [1;30mLevel 1[0m discover_packages(recursive) discover
[0.657s] [34mcolcon.colcon_core.package_discovery[0m [1;30mINFO[0m Crawling recursively for packages in '/home/ivan/Webots_YOLOv8'
[0.657s] [34mcolcon.colcon_core.package_identification[0m [1;30mLevel 1[0m _identify(.) by extensions ['ignore', 'ignore_ament_install']
[0.657s] [34mcolcon.colcon_core.package_identification[0m [1;30mLevel 1[0m _identify(.) by extension 'ignore'
[0.657s] [34mcolcon.colcon_core.package_identification[0m [1;30mLevel 1[0m _identify(.) by extension 'ignore_ament_install'
[0.657s] [34mcolcon.colcon_core.package_identification[0m [1;30mLevel 1[0m _identify(.) by extensions ['colcon_pkg']
[0.657s] [34mcolcon.colcon_core.package_identification[0m [1;30mLevel 1[0m _identify(.) by extension 'colcon_pkg'
[0.657s] [34mcolcon.colcon_core.package_identification[0m [1;30mLevel 1[0m _identify(.) by extensions ['colcon_meta']
[0.657s] [34mcolcon.colcon_core.package_identification[0m [1;30mLevel 1[0m _identify(.) by extension 'colcon_meta'
[0.657s] [34mcolcon.colcon_core.package_identification[0m [1;30mLevel 1[0m _identify(.) by extensions ['ros']
[0.657s] [34mcolcon.colcon_core.package_identification[0m [1;30mLevel 1[0m _identify(.) by extension 'ros'
[0.671s] [34mcolcon.colcon_core.package_identification[0m [1;30mLevel 1[0m _identify(.) by extensions ['cmake', 'python']
[0.671s] [34mcolcon.colcon_core.package_identification[0m [1;30mLevel 1[0m _identify(.) by extension 'cmake'
[0.671s] [34mcolcon.colcon_core.package_identification[0m [1;30mLevel 1[0m _identify(.) by extension 'python'
[0.671s] [34mcolcon.colcon_core.package_identification[0m [1;30mLevel 1[0m _identify(.) by extensions ['python_setup_py']
[0.671s] [34mcolcon.colcon_core.package_identification[0m [1;30mLevel 1[0m _identify(.) by extension 'python_setup_py'
[0.671s] [34mcolcon.colcon_core.package_identification[0m [1;30mLevel 1[0m _identify(build) by extensions ['ignore', 'ignore_ament_install']
[0.671s] [34mcolcon.colcon_core.package_identification[0m [1;30mLevel 1[0m _identify(build) by extension 'ignore'
[0.671s] [34mcolcon.colcon_core.package_identification[0m [1;30mLevel 1[0m _identify(build) ignored
[0.674s] [34mcolcon.colcon_core.package_identification[0m [1;30mLevel 1[0m _identify(calibracao) by extensions ['ignore', 'ignore_ament_install']
[0.674s] [34mcolcon.colcon_core.package_identification[0m [1;30mLevel 1[0m _identify(calibracao) by extension 'ignore'
[0.674s] [34mcolcon.colcon_core.package_identification[0m [1;30mLevel 1[0m _identify(calibracao) by extension 'ignore_ament_install'
[0.674s] [34mcolcon.colcon_core.package_identification[0m [1;30mLevel 1[0m _identify(calibracao) by extensions ['colcon_pkg']
[0.674s] [34mcolcon.colcon_core.package_identification[0m [1;30mLevel 1[0m _identify(calibracao) by extension 'colcon_pkg'
[0.674s] [34mcolcon.colcon_core.package_identification[0m [1;30mLevel 1[0m _identify(calibracao) by extensions ['colcon_meta']
[0.674s] [34mcolcon.colcon_core.package_identification[0m [1;30mLevel 1[0m _identify(calibracao) by extension 'colcon_meta'
[0.674s] [34mcolcon.colcon_core.package_identification[0m [1;30mLevel 1[0m _identify(calibracao) by extensions ['ros']
[0.674s] [34mcolcon.colcon_core.package_identification[0m [1;30mLevel 1[0m _identify(calibracao) by extension 'ros'
[0.674s] [34mcolcon.colcon_core.package_identification[0m [1;30mLevel 1[0m _identify(calibracao) by extensions ['cmake', 'python']
[0.674s] [34mcolcon.colcon_core.package_identification[0m [1;30mLevel 1[0m _identify(calibracao) by extension 'cmake'
[0.675s] [34mcolcon.colcon_core.package_identification[0m [1;30mLevel 1[0m _identify(calibracao) by extension 'python'
[0.675s] [34mcolcon.colcon_core.package_identification[0m [1;30mLevel 1[0m _identify(calibracao) by extensions ['python_setup_py']
[0.675s] [34mcolcon.colcon_core.package_identification[0m [1;30mLevel 1[0m _identify(calibracao) by extension 'python_setup_py'
[0.675s] [34mcolcon.colcon_core.package_identification[0m [1;30mLevel 1[0m _identify(image) by extensions ['ignore', 'ignore_ament_install']
[0.675s] [34mcolcon.colcon_core.package_identification[0m [1;30mLevel 1[0m _identify(image) by extension 'ignore'
[0.675s] [34mcolcon.colcon_core.package_identification[0m [1;30mLevel 1[0m _identify(image) by extension 'ignore_ament_install'
[0.675s] [34mcolcon.colcon_core.package_identification[0m [1;30mLevel 1[0m _identify(image) by extensions ['colcon_pkg']
[0.675s] [34mcolcon.colcon_core.package_identification[0m [1;30mLevel 1[0m _identify(image) by extension 'colcon_pkg'
[0.675s] [34mcolcon.colcon_core.package_identification[0m [1;30mLevel 1[0m _identify(image) by extensions ['colcon_meta']
[0.675s] [34mcolcon.colcon_core.package_identification[0m [1;30mLevel 1[0m _identify(image) by extension 'colcon_meta'
[0.675s] [34mcolcon.colcon_core.package_identification[0m [1;30mLevel 1[0m _identify(image) by extensions ['ros']
[0.675s] [34mcolcon.colcon_core.package_identification[0m [1;30mLevel 1[0m _identify(image) by extension 'ros'
[0.675s] [34mcolcon.colcon_core.package_identification[0m [1;30mLevel 1[0m _identify(image) by extensions ['cmake', 'python']
[0.675s] [34mcolcon.colcon_core.package_identification[0m [1;30mLevel 1[0m _identify(image) by extension 'cmake'
[0.675s] [34mcolcon.colcon_core.package_identification[0m [1;30mLevel 1[0m _identify(image) by extension 'python'
[0.675s] [34mcolcon.colcon_core.package_identification[0m [1;30mLevel 1[0m _identify(image) by extensions ['python_setup_py']
[0.675s] [34mcolcon.colcon_core.package_identification[0m [1;30mLevel 1[0m _identify(image) by extension 'python_setup_py'
[0.676s] [34mcolcon.colcon_core.package_identification[0m [1;30mLevel 1[0m _identify(install) by extensions ['ignore', 'ignore_ament_install']
[0.676s] [34mcolcon.colcon_core.package_identification[0m [1;30mLevel 1[0m _identify(install) by extension 'ignore'
[0.676s] [34mcolcon.colcon_core.package_identification[0m [1;30mLevel 1[0m _identify(install) ignored
[0.676s] [34mcolcon.colcon_core.package_identification[0m [1;30mLevel 1[0m _identify(log) by extensions ['ignore', 'ignore_ament_install']
[0.676s] [34mcolcon.colcon_core.package_identification[0m [1;30mLevel 1[0m _identify(log) by extension 'ignore'
[0.676s] [34mcolcon.colcon_core.package_identification[0m [1;30mLevel 1[0m _identify(log) ignored
[0.676s] [34mcolcon.colcon_core.package_identification[0m [1;30mLevel 1[0m _identify(src) by extensions ['ignore', 'ignore_ament_install']
[0.676s] [34mcolcon.colcon_core.package_identification[0m [1;30mLevel 1[0m _identify(src) by extension 'ignore'
[0.676s] [34mcolcon.colcon_core.package_identification[0m [1;30mLevel 1[0m _identify(src) by extension 'ignore_ament_install'
[0.676s] [34mcolcon.colcon_core.package_identification[0m [1;30mLevel 1[0m _identify(src) by extensions ['colcon_pkg']
[0.676s] [34mcolcon.colcon_core.package_identification[0m [1;30mLevel 1[0m _identify(src) by extension 'colcon_pkg'
[0.676s] [34mcolcon.colcon_core.package_identification[0m [1;30mLevel 1[0m _identify(src) by extensions ['colcon_meta']
[0.676s] [34mcolcon.colcon_core.package_identification[0m [1;30mLevel 1[0m _identify(src) by extension 'colcon_meta'
[0.676s] [34mcolcon.colcon_core.package_identification[0m [1;30mLevel 1[0m _identify(src) by extensions ['ros']
[0.676s] [34mcolcon.colcon_core.package_identification[0m [1;30mLevel 1[0m _identify(src) by extension 'ros'
[0.676s] [34mcolcon.colcon_core.package_identification[0m [1;30mLevel 1[0m _identify(src) by extensions ['cmake', 'python']
[0.676s] [34mcolcon.colcon_core.package_identification[0m [1;30mLevel 1[0m _identify(src) by extension 'cmake'
[0.676s] [34mcolcon.colcon_core.package_identification[0m [1;30mLevel 1[0m _identify(src) by extension 'python'
[0.676s] [34mcolcon.colcon_core.package_identification[0m [1;30mLevel 1[0m _identify(src) by extensions ['python_setup_py']
[0.676s] [34mcolcon.colcon_core.package_identification[0m [1;30mLevel 1[0m _identify(src) by extension 'python_setup_py'
[0.676s] [34mcolcon.colcon_core.package_identification[0m [1;30mLevel 1[0m _identify(src/Webots_YOLOv8) by extensions ['ignore', 'ignore_ament_install']
[0.677s] [34mcolcon.colcon_core.package_identification[0m [1;30mLevel 1[0m _identify(src/Webots_YOLOv8) by extension 'ignore'
[0.677s] [34mcolcon.colcon_core.package_identification[0m [1;30mLevel 1[0m _identify(src/Webots_YOLOv8) by extension 'ignore_ament_install'
[0.677s] [34mcolcon.colcon_core.package_identification[0m [1;30mLevel 1[0m _identify(src/Webots_YOLOv8) by extensions ['colcon_pkg']
[0.677s] [34mcolcon.colcon_core.package_identification[0m [1;30mLevel 1[0m _identify(src/Webots_YOLOv8) by extension 'colcon_pkg'
[0.677s] [34mcolcon.colcon_core.package_identification[0m [1;30mLevel 1[0m _identify(src/Webots_YOLOv8) by extensions ['colcon_meta']
[0.677s] [34mcolcon.colcon_core.package_identification[0m [1;30mLevel 1[0m _identify(src/Webots_YOLOv8) by extension 'colcon_meta'
[0.677s] [34mcolcon.colcon_core.package_identification[0m [1;30mLevel 1[0m _identify(src/Webots_YOLOv8) by extensions ['ros']
[0.677s] [34mcolcon.colcon_core.package_identification[0m [1;30mLevel 1[0m _identify(src/Webots_YOLOv8) by extension 'ros'
[0.680s] [34mcolcon.colcon_core.package_identification[0m [1;30mDEBUG[0m [32mPackage 'src/Webots_YOLOv8' with type 'ros.ament_python' and name 'Webots_YOLOv8'[0m
[0.681s] [34mcolcon.colcon_core.package_identification[0m [1;30mLevel 1[0m _identify(src/ipm) by extensions ['ignore', 'ignore_ament_install']
[0.681s] [34mcolcon.colcon_core.package_identification[0m [1;30mLevel 1[0m _identify(src/ipm) by extension 'ignore'
[0.681s] [34mcolcon.colcon_core.package_identification[0m [1;30mLevel 1[0m _identify(src/ipm) by extension 'ignore_ament_install'
[0.681s] [34mcolcon.colcon_core.package_identification[0m [1;30mLevel 1[0m _identify(src/ipm) by extensions ['colcon_pkg']
[0.681s] [34mcolcon.colcon_core.package_identification[0m [1;30mLevel 1[0m _identify(src/ipm) by extension 'colcon_pkg'
[0.681s] [34mcolcon.colcon_core.package_identification[0m [1;30mLevel 1[0m _identify(src/ipm) by extensions ['colcon_meta']
[0.681s] [34mcolcon.colcon_core.package_identification[0m [1;30mLevel 1[0m _identify(src/ipm) by extension 'colcon_meta'
[0.681s] [34mcolcon.colcon_core.package_identification[0m [1;30mLevel 1[0m _identify(src/ipm) by extensions ['ros']
[0.681s] [34mcolcon.colcon_core.package_identification[0m [1;30mLevel 1[0m _identify(src/ipm) by extension 'ros'
[0.681s] [34mcolcon.colcon_core.package_identification[0m [1;30mLevel 1[0m _identify(src/ipm) by extensions ['cmake', 'python']
[0.681s] [34mcolcon.colcon_core.package_identification[0m [1;30mLevel 1[0m _identify(src/ipm) by extension 'cmake'
[0.681s] [34mcolcon.colcon_core.package_identification[0m [1;30mLevel 1[0m _identify(src/ipm) by extension 'python'
[0.681s] [34mcolcon.colcon_core.package_identification[0m [1;30mLevel 1[0m _identify(src/ipm) by extensions ['python_setup_py']
[0.681s] [34mcolcon.colcon_core.package_identification[0m [1;30mLevel 1[0m _identify(src/ipm) by extension 'python_setup_py'
[0.682s] [34mcolcon.colcon_core.package_identification[0m [1;30mLevel 1[0m _identify(src/ipm/ipm_image_node) by extensions ['ignore', 'ignore_ament_install']
[0.682s] [34mcolcon.colcon_core.package_identification[0m [1;30mLevel 1[0m _identify(src/ipm/ipm_image_node) by extension 'ignore'
[0.682s] [34mcolcon.colcon_core.package_identification[0m [1;30mLevel 1[0m _identify(src/ipm/ipm_image_node) by extension 'ignore_ament_install'
[0.682s] [34mcolcon.colcon_core.package_identification[0m [1;30mLevel 1[0m _identify(src/ipm/ipm_image_node) by extensions ['colcon_pkg']
[0.682s] [34mcolcon.colcon_core.package_identification[0m [1;30mLevel 1[0m _identify(src/ipm/ipm_image_node) by extension 'colcon_pkg'
[0.682s] [34mcolcon.colcon_core.package_identification[0m [1;30mLevel 1[0m _identify(src/ipm/ipm_image_node) by extensions ['colcon_meta']
[0.682s] [34mcolcon.colcon_core.package_identification[0m [1;30mLevel 1[0m _identify(src/ipm/ipm_image_node) by extension 'colcon_meta'
[0.682s] [34mcolcon.colcon_core.package_identification[0m [1;30mLevel 1[0m _identify(src/ipm/ipm_image_node) by extensions ['ros']
[0.682s] [34mcolcon.colcon_core.package_identification[0m [1;30mLevel 1[0m _identify(src/ipm/ipm_image_node) by extension 'ros'
[0.683s] [34mcolcon.colcon_core.package_identification[0m [1;30mDEBUG[0m [32mPackage 'src/ipm/ipm_image_node' with type 'ros.ament_python' and name 'ipm_image_node'[0m
[0.683s] [34mcolcon.colcon_core.package_identification[0m [1;30mLevel 1[0m _identify(src/ipm/ipm_interfaces) by extensions ['ignore', 'ignore_ament_install']
[0.683s] [34mcolcon.colcon_core.package_identification[0m [1;30mLevel 1[0m _identify(src/ipm/ipm_interfaces) by extension 'ignore'
[0.683s] [34mcolcon.colcon_core.package_identification[0m [1;30mLevel 1[0m _identify(src/ipm/ipm_interfaces) by extension 'ignore_ament_install'
[0.683s] [34mcolcon.colcon_core.package_identification[0m [1;30mLevel 1[0m _identify(src/ipm/ipm_interfaces) by extensions ['colcon_pkg']
[0.683s] [34mcolcon.colcon_core.package_identification[0m [1;30mLevel 1[0m _identify(src/ipm/ipm_interfaces) by extension 'colcon_pkg'
[0.683s] [34mcolcon.colcon_core.package_identification[0m [1;30mLevel 1[0m _identify(src/ipm/ipm_interfaces) by extensions ['colcon_meta']
[0.684s] [34mcolcon.colcon_core.package_identification[0m [1;30mLevel 1[0m _identify(src/ipm/ipm_interfaces) by extension 'colcon_meta'
[0.684s] [34mcolcon.colcon_core.package_identification[0m [1;30mLevel 1[0m _identify(src/ipm/ipm_interfaces) by extensions ['ros']
[0.684s] [34mcolcon.colcon_core.package_identification[0m [1;30mLevel 1[0m _identify(src/ipm/ipm_interfaces) by extension 'ros'
[0.685s] [34mcolcon.colcon_core.package_identification[0m [1;30mDEBUG[0m [32mPackage 'src/ipm/ipm_interfaces' with type 'ros.ament_cmake' and name 'ipm_interfaces'[0m
[0.686s] [34mcolcon.colcon_core.package_identification[0m [1;30mLevel 1[0m _identify(src/ipm/ipm_library) by extensions ['ignore', 'ignore_ament_install']
[0.686s] [34mcolcon.colcon_core.package_identification[0m [1;30mLevel 1[0m _identify(src/ipm/ipm_library) by extension 'ignore'
[0.686s] [34mcolcon.colcon_core.package_identification[0m [1;30mLevel 1[0m _identify(src/ipm/ipm_library) by extension 'ignore_ament_install'
[0.686s] [34mcolcon.colcon_core.package_identification[0m [1;30mLevel 1[0m _identify(src/ipm/ipm_library) by extensions ['colcon_pkg']
[0.686s] [34mcolcon.colcon_core.package_identification[0m [1;30mLevel 1[0m _identify(src/ipm/ipm_library) by extension 'colcon_pkg'
[0.686s] [34mcolcon.colcon_core.package_identification[0m [1;30mLevel 1[0m _identify(src/ipm/ipm_library) by extensions ['colcon_meta']
[0.686s] [34mcolcon.colcon_core.package_identification[0m [1;30mLevel 1[0m _identify(src/ipm/ipm_library) by extension 'colcon_meta'
[0.686s] [34mcolcon.colcon_core.package_identification[0m [1;30mLevel 1[0m _identify(src/ipm/ipm_library) by extensions ['ros']
[0.686s] [34mcolcon.colcon_core.package_identification[0m [1;30mLevel 1[0m _identify(src/ipm/ipm_library) by extension 'ros'
[0.688s] [34mcolcon.colcon_core.package_identification[0m [1;30mDEBUG[0m [32mPackage 'src/ipm/ipm_library' with type 'ros.ament_python' and name 'ipm_library'[0m
[0.688s] [34mcolcon.colcon_core.package_identification[0m [1;30mLevel 1[0m _identify(src/ipm/ipm_service) by extensions ['ignore', 'ignore_ament_install']
[0.688s] [34mcolcon.colcon_core.package_identification[0m [1;30mLevel 1[0m _identify(src/ipm/ipm_service) by extension 'ignore'
[0.688s] [34mcolcon.colcon_core.package_identification[0m [1;30mLevel 1[0m _identify(src/ipm/ipm_service) by extension 'ignore_ament_install'
[0.688s] [34mcolcon.colcon_core.package_identification[0m [1;30mLevel 1[0m _identify(src/ipm/ipm_service) by extensions ['colcon_pkg']
[0.688s] [34mcolcon.colcon_core.package_identification[0m [1;30mLevel 1[0m _identify(src/ipm/ipm_service) by extension 'colcon_pkg'
[0.688s] [34mcolcon.colcon_core.package_identification[0m [1;30mLevel 1[0m _identify(src/ipm/ipm_service) by extensions ['colcon_meta']
[0.688s] [34mcolcon.colcon_core.package_identification[0m [1;30mLevel 1[0m _identify(src/ipm/ipm_service) by extension 'colcon_meta'
[0.688s] [34mcolcon.colcon_core.package_identification[0m [1;30mLevel 1[0m _identify(src/ipm/ipm_service) by extensions ['ros']
[0.688s] [34mcolcon.colcon_core.package_identification[0m [1;30mLevel 1[0m _identify(src/ipm/ipm_service) by extension 'ros'
[0.689s] [34mcolcon.colcon_core.package_identification[0m [1;30mDEBUG[0m [32mPackage 'src/ipm/ipm_service' with type 'ros.ament_python' and name 'ipm_service'[0m
[0.689s] [34mcolcon.colcon_core.package_identification[0m [1;30mLevel 1[0m _identify(src/my_package) by extensions ['ignore', 'ignore_ament_install']
[0.689s] [34mcolcon.colcon_core.package_identification[0m [1;30mLevel 1[0m _identify(src/my_package) by extension 'ignore'
[0.689s] [34mcolcon.colcon_core.package_identification[0m [1;30mLevel 1[0m _identify(src/my_package) by extension 'ignore_ament_install'
[0.689s] [34mcolcon.colcon_core.package_identification[0m [1;30mLevel 1[0m _identify(src/my_package) by extensions ['colcon_pkg']
[0.690s] [34mcolcon.colcon_core.package_identification[0m [1;30mLevel 1[0m _identify(src/my_package) by extension 'colcon_pkg'
[0.690s] [34mcolcon.colcon_core.package_identification[0m [1;30mLevel 1[0m _identify(src/my_package) by extensions ['colcon_meta']
[0.690s] [34mcolcon.colcon_core.package_identification[0m [1;30mLevel 1[0m _identify(src/my_package) by extension 'colcon_meta'
[0.690s] [34mcolcon.colcon_core.package_identification[0m [1;30mLevel 1[0m _identify(src/my_package) by extensions ['ros']
[0.690s] [34mcolcon.colcon_core.package_identification[0m [1;30mLevel 1[0m _identify(src/my_package) by extension 'ros'
[0.690s] [34mcolcon.colcon_core.package_identification[0m [1;30mDEBUG[0m [32mPackage 'src/my_package' with type 'ros.ament_python' and name 'my_package'[0m
[0.691s] [34mcolcon.colcon_core.package_identification[0m [1;30mLevel 1[0m _identify(src/soccer_interfaces) by extensions ['ignore', 'ignore_ament_install']
[0.691s] [34mcolcon.colcon_core.package_identification[0m [1;30mLevel 1[0m _identify(src/soccer_interfaces) by extension 'ignore'
[0.691s] [34mcolcon.colcon_core.package_identification[0m [1;30mLevel 1[0m _identify(src/soccer_interfaces) by extension 'ignore_ament_install'
[0.691s] [34mcolcon.colcon_core.package_identification[0m [1;30mLevel 1[0m _identify(src/soccer_interfaces) by extensions ['colcon_pkg']
[0.691s] [34mcolcon.colcon_core.package_identification[0m [1;30mLevel 1[0m _identify(src/soccer_interfaces) by extension 'colcon_pkg'
[0.691s] [34mcolcon.colcon_core.package_identification[0m [1;30mLevel 1[0m _identify(src/soccer_interfaces) by extensions ['colcon_meta']
[0.691s] [34mcolcon.colcon_core.package_identification[0m [1;30mLevel 1[0m _identify(src/soccer_interfaces) by extension 'colcon_meta'
[0.691s] [34mcolcon.colcon_core.package_identification[0m [1;30mLevel 1[0m _identify(src/soccer_interfaces) by extensions ['ros']
[0.691s] [34mcolcon.colcon_core.package_identification[0m [1;30mLevel 1[0m _identify(src/soccer_interfaces) by extension 'ros'
[0.691s] [34mcolcon.colcon_core.package_identification[0m [1;30mLevel 1[0m _identify(src/soccer_interfaces) by extensions ['cmake', 'python']
[0.691s] [34mcolcon.colcon_core.package_identification[0m [1;30mLevel 1[0m _identify(src/soccer_interfaces) by extension 'cmake'
[0.691s] [34mcolcon.colcon_core.package_identification[0m [1;30mLevel 1[0m _identify(src/soccer_interfaces) by extension 'python'
[0.691s] [34mcolcon.colcon_core.package_identification[0m [1;30mLevel 1[0m _identify(src/soccer_interfaces) by extensions ['python_setup_py']
[0.691s] [34mcolcon.colcon_core.package_identification[0m [1;30mLevel 1[0m _identify(src/soccer_interfaces) by extension 'python_setup_py'
[0.691s] [34mcolcon.colcon_core.package_identification[0m [1;30mLevel 1[0m _identify(src/soccer_interfaces/soccer_geometry_msgs) by extensions ['ignore', 'ignore_ament_install']
[0.692s] [34mcolcon.colcon_core.package_identification[0m [1;30mLevel 1[0m _identify(src/soccer_interfaces/soccer_geometry_msgs) by extension 'ignore'
[0.692s] [34mcolcon.colcon_core.package_identification[0m [1;30mLevel 1[0m _identify(src/soccer_interfaces/soccer_geometry_msgs) by extension 'ignore_ament_install'
[0.692s] [34mcolcon.colcon_core.package_identification[0m [1;30mLevel 1[0m _identify(src/soccer_interfaces/soccer_geometry_msgs) by extensions ['colcon_pkg']
[0.692s] [34mcolcon.colcon_core.package_identification[0m [1;30mLevel 1[0m _identify(src/soccer_interfaces/soccer_geometry_msgs) by extension 'colcon_pkg'
[0.692s] [34mcolcon.colcon_core.package_identification[0m [1;30mLevel 1[0m _identify(src/soccer_interfaces/soccer_geometry_msgs) by extensions ['colcon_meta']
[0.692s] [34mcolcon.colcon_core.package_identification[0m [1;30mLevel 1[0m _identify(src/soccer_interfaces/soccer_geometry_msgs) by extension 'colcon_meta'
[0.692s] [34mcolcon.colcon_core.package_identification[0m [1;30mLevel 1[0m _identify(src/soccer_interfaces/soccer_geometry_msgs) by extensions ['ros']
[0.692s] [34mcolcon.colcon_core.package_identification[0m [1;30mLevel 1[0m _identify(src/soccer_interfaces/soccer_geometry_msgs) by extension 'ros'
[0.692s] [34mcolcon.colcon_core.package_identification[0m [1;30mDEBUG[0m [32mPackage 'src/soccer_interfaces/soccer_geometry_msgs' with type 'ros.ament_cmake' and name 'soccer_geometry_msgs'[0m
[0.693s] [34mcolcon.colcon_core.package_identification[0m [1;30mLevel 1[0m _identify(src/soccer_interfaces/soccer_interfaces) by extensions ['ignore', 'ignore_ament_install']
[0.693s] [34mcolcon.colcon_core.package_identification[0m [1;30mLevel 1[0m _identify(src/soccer_interfaces/soccer_interfaces) by extension 'ignore'
[0.693s] [34mcolcon.colcon_core.package_identification[0m [1;30mLevel 1[0m _identify(src/soccer_interfaces/soccer_interfaces) by extension 'ignore_ament_install'
[0.693s] [34mcolcon.colcon_core.package_identification[0m [1;30mLevel 1[0m _identify(src/soccer_interfaces/soccer_interfaces) by extensions ['colcon_pkg']
[0.693s] [34mcolcon.colcon_core.package_identification[0m [1;30mLevel 1[0m _identify(src/soccer_interfaces/soccer_interfaces) by extension 'colcon_pkg'
[0.693s] [34mcolcon.colcon_core.package_identification[0m [1;30mLevel 1[0m _identify(src/soccer_interfaces/soccer_interfaces) by extensions ['colcon_meta']
[0.693s] [34mcolcon.colcon_core.package_identification[0m [1;30mLevel 1[0m _identify(src/soccer_interfaces/soccer_interfaces) by extension 'colcon_meta'
[0.693s] [34mcolcon.colcon_core.package_identification[0m [1;30mLevel 1[0m _identify(src/soccer_interfaces/soccer_interfaces) by extensions ['ros']
[0.693s] [34mcolcon.colcon_core.package_identification[0m [1;30mLevel 1[0m _identify(src/soccer_interfaces/soccer_interfaces) by extension 'ros'
[0.694s] [34mcolcon.colcon_core.package_identification[0m [1;30mDEBUG[0m [32mPackage 'src/soccer_interfaces/soccer_interfaces' with type 'ros.ament_cmake' and name 'soccer_interfaces'[0m
[0.694s] [34mcolcon.colcon_core.package_identification[0m [1;30mLevel 1[0m _identify(src/soccer_interfaces/soccer_model_msgs) by extensions ['ignore', 'ignore_ament_install']
[0.694s] [34mcolcon.colcon_core.package_identification[0m [1;30mLevel 1[0m _identify(src/soccer_interfaces/soccer_model_msgs) by extension 'ignore'
[0.694s] [34mcolcon.colcon_core.package_identification[0m [1;30mLevel 1[0m _identify(src/soccer_interfaces/soccer_model_msgs) by extension 'ignore_ament_install'
[0.694s] [34mcolcon.colcon_core.package_identification[0m [1;30mLevel 1[0m _identify(src/soccer_interfaces/soccer_model_msgs) by extensions ['colcon_pkg']
[0.694s] [34mcolcon.colcon_core.package_identification[0m [1;30mLevel 1[0m _identify(src/soccer_interfaces/soccer_model_msgs) by extension 'colcon_pkg'
[0.694s] [34mcolcon.colcon_core.package_identification[0m [1;30mLevel 1[0m _identify(src/soccer_interfaces/soccer_model_msgs) by extensions ['colcon_meta']
[0.694s] [34mcolcon.colcon_core.package_identification[0m [1;30mLevel 1[0m _identify(src/soccer_interfaces/soccer_model_msgs) by extension 'colcon_meta'
[0.694s] [34mcolcon.colcon_core.package_identification[0m [1;30mLevel 1[0m _identify(src/soccer_interfaces/soccer_model_msgs) by extensions ['ros']
[0.694s] [34mcolcon.colcon_core.package_identification[0m [1;30mLevel 1[0m _identify(src/soccer_interfaces/soccer_model_msgs) by extension 'ros'
[0.695s] [34mcolcon.colcon_core.package_identification[0m [1;30mDEBUG[0m [32mPackage 'src/soccer_interfaces/soccer_model_msgs' with type 'ros.ament_cmake' and name 'soccer_model_msgs'[0m
[0.695s] [34mcolcon.colcon_core.package_identification[0m [1;30mLevel 1[0m _identify(src/soccer_interfaces/soccer_vision_2d_msgs) by extensions ['ignore', 'ignore_ament_install']
[0.696s] [34mcolcon.colcon_core.package_identification[0m [1;30mLevel 1[0m _identify(src/soccer_interfaces/soccer_vision_2d_msgs) by extension 'ignore'
[0.696s] [34mcolcon.colcon_core.package_identification[0m [1;30mLevel 1[0m _identify(src/soccer_interfaces/soccer_vision_2d_msgs) by extension 'ignore_ament_install'
[0.696s] [34mcolcon.colcon_core.package_identification[0m [1;30mLevel 1[0m _identify(src/soccer_interfaces/soccer_vision_2d_msgs) by extensions ['colcon_pkg']
[0.696s] [34mcolcon.colcon_core.package_identification[0m [1;30mLevel 1[0m _identify(src/soccer_interfaces/soccer_vision_2d_msgs) by extension 'colcon_pkg'
[0.696s] [34mcolcon.colcon_core.package_identification[0m [1;30mLevel 1[0m _identify(src/soccer_interfaces/soccer_vision_2d_msgs) by extensions ['colcon_meta']
[0.696s] [34mcolcon.colcon_core.package_identification[0m [1;30mLevel 1[0m _identify(src/soccer_interfaces/soccer_vision_2d_msgs) by extension 'colcon_meta'
[0.696s] [34mcolcon.colcon_core.package_identification[0m [1;30mLevel 1[0m _identify(src/soccer_interfaces/soccer_vision_2d_msgs) by extensions ['ros']
[0.696s] [34mcolcon.colcon_core.package_identification[0m [1;30mLevel 1[0m _identify(src/soccer_interfaces/soccer_vision_2d_msgs) by extension 'ros'
[0.697s] [34mcolcon.colcon_core.package_identification[0m [1;30mDEBUG[0m [32mPackage 'src/soccer_interfaces/soccer_vision_2d_msgs' with type 'ros.ament_cmake' and name 'soccer_vision_2d_msgs'[0m
[0.697s] [34mcolcon.colcon_core.package_identification[0m [1;30mLevel 1[0m _identify(src/soccer_interfaces/soccer_vision_3d_msgs) by extensions ['ignore', 'ignore_ament_install']
[0.697s] [34mcolcon.colcon_core.package_identification[0m [1;30mLevel 1[0m _identify(src/soccer_interfaces/soccer_vision_3d_msgs) by extension 'ignore'
[0.697s] [34mcolcon.colcon_core.package_identification[0m [1;30mLevel 1[0m _identify(src/soccer_interfaces/soccer_vision_3d_msgs) by extension 'ignore_ament_install'
[0.698s] [34mcolcon.colcon_core.package_identification[0m [1;30mLevel 1[0m _identify(src/soccer_interfaces/soccer_vision_3d_msgs) by extensions ['colcon_pkg']
[0.698s] [34mcolcon.colcon_core.package_identification[0m [1;30mLevel 1[0m _identify(src/soccer_interfaces/soccer_vision_3d_msgs) by extension 'colcon_pkg'
[0.698s] [34mcolcon.colcon_core.package_identification[0m [1;30mLevel 1[0m _identify(src/soccer_interfaces/soccer_vision_3d_msgs) by extensions ['colcon_meta']
[0.698s] [34mcolcon.colcon_core.package_identification[0m [1;30mLevel 1[0m _identify(src/soccer_interfaces/soccer_vision_3d_msgs) by extension 'colcon_meta'
[0.698s] [34mcolcon.colcon_core.package_identification[0m [1;30mLevel 1[0m _identify(src/soccer_interfaces/soccer_vision_3d_msgs) by extensions ['ros']
[0.698s] [34mcolcon.colcon_core.package_identification[0m [1;30mLevel 1[0m _identify(src/soccer_interfaces/soccer_vision_3d_msgs) by extension 'ros'
[0.698s] [34mcolcon.colcon_core.package_identification[0m [1;30mDEBUG[0m [32mPackage 'src/soccer_interfaces/soccer_vision_3d_msgs' with type 'ros.ament_cmake' and name 'soccer_vision_3d_msgs'[0m
[0.699s] [34mcolcon.colcon_core.package_identification[0m [1;30mLevel 1[0m _identify(src/soccer_interfaces/soccer_vision_attribute_msgs) by extensions ['ignore', 'ignore_ament_install']
[0.699s] [34mcolcon.colcon_core.package_identification[0m [1;30mLevel 1[0m _identify(src/soccer_interfaces/soccer_vision_attribute_msgs) by extension 'ignore'
[0.699s] [34mcolcon.colcon_core.package_identification[0m [1;30mLevel 1[0m _identify(src/soccer_interfaces/soccer_vision_attribute_msgs) by extension 'ignore_ament_install'
[0.699s] [34mcolcon.colcon_core.package_identification[0m [1;30mLevel 1[0m _identify(src/soccer_interfaces/soccer_vision_attribute_msgs) by extensions ['colcon_pkg']
[0.699s] [34mcolcon.colcon_core.package_identification[0m [1;30mLevel 1[0m _identify(src/soccer_interfaces/soccer_vision_attribute_msgs) by extension 'colcon_pkg'
[0.699s] [34mcolcon.colcon_core.package_identification[0m [1;30mLevel 1[0m _identify(src/soccer_interfaces/soccer_vision_attribute_msgs) by extensions ['colcon_meta']
[0.699s] [34mcolcon.colcon_core.package_identification[0m [1;30mLevel 1[0m _identify(src/soccer_interfaces/soccer_vision_attribute_msgs) by extension 'colcon_meta'
[0.699s] [34mcolcon.colcon_core.package_identification[0m [1;30mLevel 1[0m _identify(src/soccer_interfaces/soccer_vision_attribute_msgs) by extensions ['ros']
[0.699s] [34mcolcon.colcon_core.package_identification[0m [1;30mLevel 1[0m _identify(src/soccer_interfaces/soccer_vision_attribute_msgs) by extension 'ros'
[0.700s] [34mcolcon.colcon_core.package_identification[0m [1;30mDEBUG[0m [32mPackage 'src/soccer_interfaces/soccer_vision_attribute_msgs' with type 'ros.ament_cmake' and name 'soccer_vision_attribute_msgs'[0m
[0.700s] [34mcolcon.colcon_core.package_identification[0m [1;30mLevel 1[0m _identify(src/soccer_ipm) by extensions ['ignore', 'ignore_ament_install']
[0.700s] [34mcolcon.colcon_core.package_identification[0m [1;30mLevel 1[0m _identify(src/soccer_ipm) by extension 'ignore'
[0.701s] [34mcolcon.colcon_core.package_identification[0m [1;30mLevel 1[0m _identify(src/soccer_ipm) by extension 'ignore_ament_install'
[0.701s] [34mcolcon.colcon_core.package_identification[0m [1;30mLevel 1[0m _identify(src/soccer_ipm) by extensions ['colcon_pkg']
[0.701s] [34mcolcon.colcon_core.package_identification[0m [1;30mLevel 1[0m _identify(src/soccer_ipm) by extension 'colcon_pkg'
[0.701s] [34mcolcon.colcon_core.package_identification[0m [1;30mLevel 1[0m _identify(src/soccer_ipm) by extensions ['colcon_meta']
[0.701s] [34mcolcon.colcon_core.package_identification[0m [1;30mLevel 1[0m _identify(src/soccer_ipm) by extension 'colcon_meta'
[0.701s] [34mcolcon.colcon_core.package_identification[0m [1;30mLevel 1[0m _identify(src/soccer_ipm) by extensions ['ros']
[0.701s] [34mcolcon.colcon_core.package_identification[0m [1;30mLevel 1[0m _identify(src/soccer_ipm) by extension 'ros'
[0.701s] [34mcolcon.colcon_core.package_identification[0m [1;30mLevel 1[0m _identify(src/soccer_ipm) by extensions ['cmake', 'python']
[0.701s] [34mcolcon.colcon_core.package_identification[0m [1;30mLevel 1[0m _identify(src/soccer_ipm) by extension 'cmake'
[0.701s] [34mcolcon.colcon_core.package_identification[0m [1;30mLevel 1[0m _identify(src/soccer_ipm) by extension 'python'
[0.701s] [34mcolcon.colcon_core.package_identification[0m [1;30mLevel 1[0m _identify(src/soccer_ipm) by extensions ['python_setup_py']
[0.701s] [34mcolcon.colcon_core.package_identification[0m [1;30mLevel 1[0m _identify(src/soccer_ipm) by extension 'python_setup_py'
[0.701s] [34mcolcon.colcon_core.package_identification[0m [1;30mLevel 1[0m _identify(src/soccer_ipm/soccer_ipm) by extensions ['ignore', 'ignore_ament_install']
[0.701s] [34mcolcon.colcon_core.package_identification[0m [1;30mLevel 1[0m _identify(src/soccer_ipm/soccer_ipm) by extension 'ignore'
[0.701s] [34mcolcon.colcon_core.package_identification[0m [1;30mLevel 1[0m _identify(src/soccer_ipm/soccer_ipm) by extension 'ignore_ament_install'
[0.701s] [34mcolcon.colcon_core.package_identification[0m [1;30mLevel 1[0m _identify(src/soccer_ipm/soccer_ipm) by extensions ['colcon_pkg']
[0.701s] [34mcolcon.colcon_core.package_identification[0m [1;30mLevel 1[0m _identify(src/soccer_ipm/soccer_ipm) by extension 'colcon_pkg'
[0.701s] [34mcolcon.colcon_core.package_identification[0m [1;30mLevel 1[0m _identify(src/soccer_ipm/soccer_ipm) by extensions ['colcon_meta']
[0.701s] [34mcolcon.colcon_core.package_identification[0m [1;30mLevel 1[0m _identify(src/soccer_ipm/soccer_ipm) by extension 'colcon_meta'
[0.702s] [34mcolcon.colcon_core.package_identification[0m [1;30mLevel 1[0m _identify(src/soccer_ipm/soccer_ipm) by extensions ['ros']
[0.702s] [34mcolcon.colcon_core.package_identification[0m [1;30mLevel 1[0m _identify(src/soccer_ipm/soccer_ipm) by extension 'ros'
[0.702s] [34mcolcon.colcon_core.package_identification[0m [1;30mDEBUG[0m [32mPackage 'src/soccer_ipm/soccer_ipm' with type 'ros.ament_python' and name 'soccer_ipm'[0m
[0.702s] [34mcolcon.colcon_core.package_discovery[0m [1;30mLevel 1[0m discover_packages(recursive) using defaults
[0.702s] [34mcolcon.colcon_core.package_discovery[0m [1;30mLevel 1[0m discover_packages(ignore) discover
[0.702s] [34mcolcon.colcon_core.package_discovery[0m [1;30mLevel 1[0m discover_packages(ignore) using defaults
[0.703s] [34mcolcon.colcon_core.package_discovery[0m [1;30mLevel 1[0m discover_packages(path) discover
[0.703s] [34mcolcon.colcon_core.package_discovery[0m [1;30mLevel 1[0m discover_packages(path) using defaults
[0.734s] [34mcolcon.colcon_core.package_discovery[0m [1;30mLevel 1[0m discover_packages(prefix_path) check parameters
[0.734s] [34mcolcon.colcon_core.package_discovery[0m [1;30mLevel 1[0m discover_packages(prefix_path) discover
[0.745s] [34mcolcon.colcon_installed_package_information.package_discovery[0m [1;30mDEBUG[0m [32mFound 13 installed packages in /home/ivan/Webots_YOLOv8/install[0m
[0.749s] [34mcolcon.colcon_installed_package_information.package_discovery[0m [1;30mDEBUG[0m [32mFound 322 installed packages in /opt/ros/humble[0m
[0.750s] [34mcolcon.colcon_core.package_discovery[0m [1;30mLevel 1[0m discover_packages(prefix_path) using defaults
[0.825s] [34mcolcon.colcon_core.verb[0m [1;30mLevel 5[0m set package 'ipm_interfaces' build argument 'cmake_args' from command line to 'None'
[0.825s] [34mcolcon.colcon_core.verb[0m [1;30mLevel 5[0m set package 'ipm_interfaces' build argument 'cmake_target' from command line to 'None'
[0.825s] [34mcolcon.colcon_core.verb[0m [1;30mLevel 5[0m set package 'ipm_interfaces' build argument 'cmake_target_skip_unavailable' from command line to 'False'
[0.825s] [34mcolcon.colcon_core.verb[0m [1;30mLevel 5[0m set package 'ipm_interfaces' build argument 'cmake_clean_cache' from command line to 'False'
[0.825s] [34mcolcon.colcon_core.verb[0m [1;30mLevel 5[0m set package 'ipm_interfaces' build argument 'cmake_clean_first' from command line to 'False'
[0.825s] [34mcolcon.colcon_core.verb[0m [1;30mLevel 5[0m set package 'ipm_interfaces' build argument 'cmake_force_configure' from command line to 'False'
[0.825s] [34mcolcon.colcon_core.verb[0m [1;30mLevel 5[0m set package 'ipm_interfaces' build argument 'ament_cmake_args' from command line to 'None'
[0.825s] [34mcolcon.colcon_core.verb[0m [1;30mLevel 5[0m set package 'ipm_interfaces' build argument 'catkin_cmake_args' from command line to 'None'
[0.825s] [34mcolcon.colcon_core.verb[0m [1;30mLevel 5[0m set package 'ipm_interfaces' build argument 'catkin_skip_building_tests' from command line to 'False'
[0.825s] [34mcolcon.colcon_core.verb[0m [1;30mDEBUG[0m [32mBuilding package 'ipm_interfaces' with the following arguments: {'ament_cmake_args': None, 'build_base': '/home/ivan/Webots_YOLOv8/build/ipm_interfaces', 'catkin_cmake_args': None, 'catkin_skip_building_tests': False, 'cmake_args': None, 'cmake_clean_cache': False, 'cmake_clean_first': False, 'cmake_force_configure': False, 'cmake_target': None, 'cmake_target_skip_unavailable': False, 'install_base': '/home/ivan/Webots_YOLOv8/install/ipm_interfaces', 'merge_install': False, 'path': '/home/ivan/Webots_YOLOv8/src/ipm/ipm_interfaces', 'symlink_install': False, 'test_result_base': None}[0m
[0.825s] [34mcolcon.colcon_core.verb[0m [1;30mLevel 5[0m set package 'my_package' build argument 'cmake_args' from command line to 'None'
[0.825s] [34mcolcon.colcon_core.verb[0m [1;30mLevel 5[0m set package 'my_package' build argument 'cmake_target' from command line to 'None'
[0.825s] [34mcolcon.colcon_core.verb[0m [1;30mLevel 5[0m set package 'my_package' build argument 'cmake_target_skip_unavailable' from command line to 'False'
[0.825s] [34mcolcon.colcon_core.verb[0m [1;30mLevel 5[0m set package 'my_package' build argument 'cmake_clean_cache' from command line to 'False'
[0.825s] [34mcolcon.colcon_core.verb[0m [1;30mLevel 5[0m set package 'my_package' build argument 'cmake_clean_first' from command line to 'False'
[0.825s] [34mcolcon.colcon_core.verb[0m [1;30mLevel 5[0m set package 'my_package' build argument 'cmake_force_configure' from command line to 'False'
[0.825s] [34mcolcon.colcon_core.verb[0m [1;30mLevel 5[0m set package 'my_package' build argument 'ament_cmake_args' from command line to 'None'
[0.826s] [34mcolcon.colcon_core.verb[0m [1;30mLevel 5[0m set package 'my_package' build argument 'catkin_cmake_args' from command line to 'None'
[0.826s] [34mcolcon.colcon_core.verb[0m [1;30mLevel 5[0m set package 'my_package' build argument 'catkin_skip_building_tests' from command line to 'False'
[0.826s] [34mcolcon.colcon_core.verb[0m [1;30mDEBUG[0m [32mBuilding package 'my_package' with the following arguments: {'ament_cmake_args': None, 'build_base': '/home/ivan/Webots_YOLOv8/build/my_package', 'catkin_cmake_args': None, 'catkin_skip_building_tests': False, 'cmake_args': None, 'cmake_clean_cache': False, 'cmake_clean_first': False, 'cmake_force_configure': False, 'cmake_target': None, 'cmake_target_skip_unavailable': False, 'install_base': '/home/ivan/Webots_YOLOv8/install/my_package', 'merge_install': False, 'path': '/home/ivan/Webots_YOLOv8/src/my_package', 'symlink_install': False, 'test_result_base': None}[0m
[0.826s] [34mcolcon.colcon_core.verb[0m [1;30mLevel 5[0m set package 'soccer_geometry_msgs' build argument 'cmake_args' from command line to 'None'
[0.826s] [34mcolcon.colcon_core.verb[0m [1;30mLevel 5[0m set package 'soccer_geometry_msgs' build argument 'cmake_target' from command line to 'None'
[0.826s] [34mcolcon.colcon_core.verb[0m [1;30mLevel 5[0m set package 'soccer_geometry_msgs' build argument 'cmake_target_skip_unavailable' from command line to 'False'
[0.826s] [34mcolcon.colcon_core.verb[0m [1;30mLevel 5[0m set package 'soccer_geometry_msgs' build argument 'cmake_clean_cache' from command line to 'False'
[0.826s] [34mcolcon.colcon_core.verb[0m [1;30mLevel 5[0m set package 'soccer_geometry_msgs' build argument 'cmake_clean_first' from command line to 'False'
[0.826s] [34mcolcon.colcon_core.verb[0m [1;30mLevel 5[0m set package 'soccer_geometry_msgs' build argument 'cmake_force_configure' from command line to 'False'
[0.826s] [34mcolcon.colcon_core.verb[0m [1;30mLevel 5[0m set package 'soccer_geometry_msgs' build argument 'ament_cmake_args' from command line to 'None'
[0.826s] [34mcolcon.colcon_core.verb[0m [1;30mLevel 5[0m set package 'soccer_geometry_msgs' build argument 'catkin_cmake_args' from command line to 'None'
[0.826s] [34mcolcon.colcon_core.verb[0m [1;30mLevel 5[0m set package 'soccer_geometry_msgs' build argument 'catkin_skip_building_tests' from command line to 'False'
[0.826s] [34mcolcon.colcon_core.verb[0m [1;30mDEBUG[0m [32mBuilding package 'soccer_geometry_msgs' with the following arguments: {'ament_cmake_args': None, 'build_base': '/home/ivan/Webots_YOLOv8/build/soccer_geometry_msgs', 'catkin_cmake_args': None, 'catkin_skip_building_tests': False, 'cmake_args': None, 'cmake_clean_cache': False, 'cmake_clean_first': False, 'cmake_force_configure': False, 'cmake_target': None, 'cmake_target_skip_unavailable': False, 'install_base': '/home/ivan/Webots_YOLOv8/install/soccer_geometry_msgs', 'merge_install': False, 'path': '/home/ivan/Webots_YOLOv8/src/soccer_interfaces/soccer_geometry_msgs', 'symlink_install': False, 'test_result_base': None}[0m
[0.826s] [34mcolcon.colcon_core.verb[0m [1;30mLevel 5[0m set package 'soccer_vision_attribute_msgs' build argument 'cmake_args' from command line to 'None'
[0.826s] [34mcolcon.colcon_core.verb[0m [1;30mLevel 5[0m set package 'soccer_vision_attribute_msgs' build argument 'cmake_target' from command line to 'None'
[0.826s] [34mcolcon.colcon_core.verb[0m [1;30mLevel 5[0m set package 'soccer_vision_attribute_msgs' build argument 'cmake_target_skip_unavailable' from command line to 'False'
[0.826s] [34mcolcon.colcon_core.verb[0m [1;30mLevel 5[0m set package 'soccer_vision_attribute_msgs' build argument 'cmake_clean_cache' from command line to 'False'
[0.826s] [34mcolcon.colcon_core.verb[0m [1;30mLevel 5[0m set package 'soccer_vision_attribute_msgs' build argument 'cmake_clean_first' from command line to 'False'
[0.826s] [34mcolcon.colcon_core.verb[0m [1;30mLevel 5[0m set package 'soccer_vision_attribute_msgs' build argument 'cmake_force_configure' from command line to 'False'
[0.826s] [34mcolcon.colcon_core.verb[0m [1;30mLevel 5[0m set package 'soccer_vision_attribute_msgs' build argument 'ament_cmake_args' from command line to 'None'
[0.826s] [34mcolcon.colcon_core.verb[0m [1;30mLevel 5[0m set package 'soccer_vision_attribute_msgs' build argument 'catkin_cmake_args' from command line to 'None'
[0.826s] [34mcolcon.colcon_core.verb[0m [1;30mLevel 5[0m set package 'soccer_vision_attribute_msgs' build argument 'catkin_skip_building_tests' from command line to 'False'
[0.827s] [34mcolcon.colcon_core.verb[0m [1;30mDEBUG[0m [32mBuilding package 'soccer_vision_attribute_msgs' with the following arguments: {'ament_cmake_args': None, 'build_base': '/home/ivan/Webots_YOLOv8/build/soccer_vision_attribute_msgs', 'catkin_cmake_args': None, 'catkin_skip_building_tests': False, 'cmake_args': None, 'cmake_clean_cache': False, 'cmake_clean_first': False, 'cmake_force_configure': False, 'cmake_target': None, 'cmake_target_skip_unavailable': False, 'install_base': '/home/ivan/Webots_YOLOv8/install/soccer_vision_attribute_msgs', 'merge_install': False, 'path': '/home/ivan/Webots_YOLOv8/src/soccer_interfaces/soccer_vision_attribute_msgs', 'symlink_install': False, 'test_result_base': None}[0m
[0.827s] [34mcolcon.colcon_core.verb[0m [1;30mLevel 5[0m set package 'ipm_library' build argument 'cmake_args' from command line to 'None'
[0.827s] [34mcolcon.colcon_core.verb[0m [1;30mLevel 5[0m set package 'ipm_library' build argument 'cmake_target' from command line to 'None'
[0.827s] [34mcolcon.colcon_core.verb[0m [1;30mLevel 5[0m set package 'ipm_library' build argument 'cmake_target_skip_unavailable' from command line to 'False'
[0.827s] [34mcolcon.colcon_core.verb[0m [1;30mLevel 5[0m set package 'ipm_library' build argument 'cmake_clean_cache' from command line to 'False'
[0.827s] [34mcolcon.colcon_core.verb[0m [1;30mLevel 5[0m set package 'ipm_library' build argument 'cmake_clean_first' from command line to 'False'
[0.827s] [34mcolcon.colcon_core.verb[0m [1;30mLevel 5[0m set package 'ipm_library' build argument 'cmake_force_configure' from command line to 'False'
[0.827s] [34mcolcon.colcon_core.verb[0m [1;30mLevel 5[0m set package 'ipm_library' build argument 'ament_cmake_args' from command line to 'None'
[0.827s] [34mcolcon.colcon_core.verb[0m [1;30mLevel 5[0m set package 'ipm_library' build argument 'catkin_cmake_args' from command line to 'None'
[0.827s] [34mcolcon.colcon_core.verb[0m [1;30mLevel 5[0m set package 'ipm_library' build argument 'catkin_skip_building_tests' from command line to 'False'
[0.827s] [34mcolcon.colcon_core.verb[0m [1;30mDEBUG[0m [32mBuilding package 'ipm_library' with the following arguments: {'ament_cmake_args': None, 'build_base': '/home/ivan/Webots_YOLOv8/build/ipm_library', 'catkin_cmake_args': None, 'catkin_skip_building_tests': False, 'cmake_args': None, 'cmake_clean_cache': False, 'cmake_clean_first': False, 'cmake_force_configure': False, 'cmake_target': None, 'cmake_target_skip_unavailable': False, 'install_base': '/home/ivan/Webots_YOLOv8/install/ipm_library', 'merge_install': False, 'path': '/home/ivan/Webots_YOLOv8/src/ipm/ipm_library', 'symlink_install': False, 'test_result_base': None}[0m
[0.827s] [34mcolcon.colcon_core.verb[0m [1;30mLevel 5[0m set package 'soccer_model_msgs' build argument 'cmake_args' from command line to 'None'
[0.827s] [34mcolcon.colcon_core.verb[0m [1;30mLevel 5[0m set package 'soccer_model_msgs' build argument 'cmake_target' from command line to 'None'
[0.827s] [34mcolcon.colcon_core.verb[0m [1;30mLevel 5[0m set package 'soccer_model_msgs' build argument 'cmake_target_skip_unavailable' from command line to 'False'
[0.827s] [34mcolcon.colcon_core.verb[0m [1;30mLevel 5[0m set package 'soccer_model_msgs' build argument 'cmake_clean_cache' from command line to 'False'
[0.827s] [34mcolcon.colcon_core.verb[0m [1;30mLevel 5[0m set package 'soccer_model_msgs' build argument 'cmake_clean_first' from command line to 'False'
[0.827s] [34mcolcon.colcon_core.verb[0m [1;30mLevel 5[0m set package 'soccer_model_msgs' build argument 'cmake_force_configure' from command line to 'False'
[0.827s] [34mcolcon.colcon_core.verb[0m [1;30mLevel 5[0m set package 'soccer_model_msgs' build argument 'ament_cmake_args' from command line to 'None'
[0.827s] [34mcolcon.colcon_core.verb[0m [1;30mLevel 5[0m set package 'soccer_model_msgs' build argument 'catkin_cmake_args' from command line to 'None'
[0.827s] [34mcolcon.colcon_core.verb[0m [1;30mLevel 5[0m set package 'soccer_model_msgs' build argument 'catkin_skip_building_tests' from command line to 'False'
[0.827s] [34mcolcon.colcon_core.verb[0m [1;30mDEBUG[0m [32mBuilding package 'soccer_model_msgs' with the following arguments: {'ament_cmake_args': None, 'build_base': '/home/ivan/Webots_YOLOv8/build/soccer_model_msgs', 'catkin_cmake_args': None, 'catkin_skip_building_tests': False, 'cmake_args': None, 'cmake_clean_cache': False, 'cmake_clean_first': False, 'cmake_force_configure': False, 'cmake_target': None, 'cmake_target_skip_unavailable': False, 'install_base': '/home/ivan/Webots_YOLOv8/install/soccer_model_msgs', 'merge_install': False, 'path': '/home/ivan/Webots_YOLOv8/src/soccer_interfaces/soccer_model_msgs', 'symlink_install': False, 'test_result_base': None}[0m
[0.828s] [34mcolcon.colcon_core.verb[0m [1;30mLevel 5[0m set package 'soccer_vision_2d_msgs' build argument 'cmake_args' from command line to 'None'
[0.828s] [34mcolcon.colcon_core.verb[0m [1;30mLevel 5[0m set package 'soccer_vision_2d_msgs' build argument 'cmake_target' from command line to 'None'
[0.828s] [34mcolcon.colcon_core.verb[0m [1;30mLevel 5[0m set package 'soccer_vision_2d_msgs' build argument 'cmake_target_skip_unavailable' from command line to 'False'
[0.828s] [34mcolcon.colcon_core.verb[0m [1;30mLevel 5[0m set package 'soccer_vision_2d_msgs' build argument 'cmake_clean_cache' from command line to 'False'
[0.828s] [34mcolcon.colcon_core.verb[0m [1;30mLevel 5[0m set package 'soccer_vision_2d_msgs' build argument 'cmake_clean_first' from command line to 'False'
[0.828s] [34mcolcon.colcon_core.verb[0m [1;30mLevel 5[0m set package 'soccer_vision_2d_msgs' build argument 'cmake_force_configure' from command line to 'False'
[0.828s] [34mcolcon.colcon_core.verb[0m [1;30mLevel 5[0m set package 'soccer_vision_2d_msgs' build argument 'ament_cmake_args' from command line to 'None'
[0.828s] [34mcolcon.colcon_core.verb[0m [1;30mLevel 5[0m set package 'soccer_vision_2d_msgs' build argument 'catkin_cmake_args' from command line to 'None'
[0.828s] [34mcolcon.colcon_core.verb[0m [1;30mLevel 5[0m set package 'soccer_vision_2d_msgs' build argument 'catkin_skip_building_tests' from command line to 'False'
[0.828s] [34mcolcon.colcon_core.verb[0m [1;30mDEBUG[0m [32mBuilding package 'soccer_vision_2d_msgs' with the following arguments: {'ament_cmake_args': None, 'build_base': '/home/ivan/Webots_YOLOv8/build/soccer_vision_2d_msgs', 'catkin_cmake_args': None, 'catkin_skip_building_tests': False, 'cmake_args': None, 'cmake_clean_cache': False, 'cmake_clean_first': False, 'cmake_force_configure': False, 'cmake_target': None, 'cmake_target_skip_unavailable': False, 'install_base': '/home/ivan/Webots_YOLOv8/install/soccer_vision_2d_msgs', 'merge_install': False, 'path': '/home/ivan/Webots_YOLOv8/src/soccer_interfaces/soccer_vision_2d_msgs', 'symlink_install': False, 'test_result_base': None}[0m
[0.828s] [34mcolcon.colcon_core.verb[0m [1;30mLevel 5[0m set package 'soccer_vision_3d_msgs' build argument 'cmake_args' from command line to 'None'
[0.828s] [34mcolcon.colcon_core.verb[0m [1;30mLevel 5[0m set package 'soccer_vision_3d_msgs' build argument 'cmake_target' from command line to 'None'
[0.828s] [34mcolcon.colcon_core.verb[0m [1;30mLevel 5[0m set package 'soccer_vision_3d_msgs' build argument 'cmake_target_skip_unavailable' from command line to 'False'
[0.828s] [34mcolcon.colcon_core.verb[0m [1;30mLevel 5[0m set package 'soccer_vision_3d_msgs' build argument 'cmake_clean_cache' from command line to 'False'
[0.828s] [34mcolcon.colcon_core.verb[0m [1;30mLevel 5[0m set package 'soccer_vision_3d_msgs' build argument 'cmake_clean_first' from command line to 'False'
[0.828s] [34mcolcon.colcon_core.verb[0m [1;30mLevel 5[0m set package 'soccer_vision_3d_msgs' build argument 'cmake_force_configure' from command line to 'False'
[0.828s] [34mcolcon.colcon_core.verb[0m [1;30mLevel 5[0m set package 'soccer_vision_3d_msgs' build argument 'ament_cmake_args' from command line to 'None'
[0.828s] [34mcolcon.colcon_core.verb[0m [1;30mLevel 5[0m set package 'soccer_vision_3d_msgs' build argument 'catkin_cmake_args' from command line to 'None'
[0.828s] [34mcolcon.colcon_core.verb[0m [1;30mLevel 5[0m set package 'soccer_vision_3d_msgs' build argument 'catkin_skip_building_tests' from command line to 'False'
[0.828s] [34mcolcon.colcon_core.verb[0m [1;30mDEBUG[0m [32mBuilding package 'soccer_vision_3d_msgs' with the following arguments: {'ament_cmake_args': None, 'build_base': '/home/ivan/Webots_YOLOv8/build/soccer_vision_3d_msgs', 'catkin_cmake_args': None, 'catkin_skip_building_tests': False, 'cmake_args': None, 'cmake_clean_cache': False, 'cmake_clean_first': False, 'cmake_force_configure': False, 'cmake_target': None, 'cmake_target_skip_unavailable': False, 'install_base': '/home/ivan/Webots_YOLOv8/install/soccer_vision_3d_msgs', 'merge_install': False, 'path': '/home/ivan/Webots_YOLOv8/src/soccer_interfaces/soccer_vision_3d_msgs', 'symlink_install': False, 'test_result_base': None}[0m
[0.829s] [34mcolcon.colcon_core.verb[0m [1;30mLevel 5[0m set package 'ipm_image_node' build argument 'cmake_args' from command line to 'None'
[0.829s] [34mcolcon.colcon_core.verb[0m [1;30mLevel 5[0m set package 'ipm_image_node' build argument 'cmake_target' from command line to 'None'
[0.829s] [34mcolcon.colcon_core.verb[0m [1;30mLevel 5[0m set package 'ipm_image_node' build argument 'cmake_target_skip_unavailable' from command line to 'False'
[0.829s] [34mcolcon.colcon_core.verb[0m [1;30mLevel 5[0m set package 'ipm_image_node' build argument 'cmake_clean_cache' from command line to 'False'
[0.829s] [34mcolcon.colcon_core.verb[0m [1;30mLevel 5[0m set package 'ipm_image_node' build argument 'cmake_clean_first' from command line to 'False'
[0.829s] [34mcolcon.colcon_core.verb[0m [1;30mLevel 5[0m set package 'ipm_image_node' build argument 'cmake_force_configure' from command line to 'False'
[0.829s] [34mcolcon.colcon_core.verb[0m [1;30mLevel 5[0m set package 'ipm_image_node' build argument 'ament_cmake_args' from command line to 'None'
[0.829s] [34mcolcon.colcon_core.verb[0m [1;30mLevel 5[0m set package 'ipm_image_node' build argument 'catkin_cmake_args' from command line to 'None'
[0.829s] [34mcolcon.colcon_core.verb[0m [1;30mLevel 5[0m set package 'ipm_image_node' build argument 'catkin_skip_building_tests' from command line to 'False'
[0.829s] [34mcolcon.colcon_core.verb[0m [1;30mDEBUG[0m [32mBuilding package 'ipm_image_node' with the following arguments: {'ament_cmake_args': None, 'build_base': '/home/ivan/Webots_YOLOv8/build/ipm_image_node', 'catkin_cmake_args': None, 'catkin_skip_building_tests': False, 'cmake_args': None, 'cmake_clean_cache': False, 'cmake_clean_first': False, 'cmake_force_configure': False, 'cmake_target': None, 'cmake_target_skip_unavailable': False, 'install_base': '/home/ivan/Webots_YOLOv8/install/ipm_image_node', 'merge_install': False, 'path': '/home/ivan/Webots_YOLOv8/src/ipm/ipm_image_node', 'symlink_install': False, 'test_result_base': None}[0m
[0.829s] [34mcolcon.colcon_core.verb[0m [1;30mLevel 5[0m set package 'ipm_service' build argument 'cmake_args' from command line to 'None'
[0.829s] [34mcolcon.colcon_core.verb[0m [1;30mLevel 5[0m set package 'ipm_service' build argument 'cmake_target' from command line to 'None'
[0.829s] [34mcolcon.colcon_core.verb[0m [1;30mLevel 5[0m set package 'ipm_service' build argument 'cmake_target_skip_unavailable' from command line to 'False'
[0.829s] [34mcolcon.colcon_core.verb[0m [1;30mLevel 5[0m set package 'ipm_service' build argument 'cmake_clean_cache' from command line to 'False'
[0.829s] [34mcolcon.colcon_core.verb[0m [1;30mLevel 5[0m set package 'ipm_service' build argument 'cmake_clean_first' from command line to 'False'
[0.829s] [34mcolcon.colcon_core.verb[0m [1;30mLevel 5[0m set package 'ipm_service' build argument 'cmake_force_configure' from command line to 'False'
[0.829s] [34mcolcon.colcon_core.verb[0m [1;30mLevel 5[0m set package 'ipm_service' build argument 'ament_cmake_args' from command line to 'None'
[0.829s] [34mcolcon.colcon_core.verb[0m [1;30mLevel 5[0m set package 'ipm_service' build argument 'catkin_cmake_args' from command line to 'None'
[0.829s] [34mcolcon.colcon_core.verb[0m [1;30mLevel 5[0m set package 'ipm_service' build argument 'catkin_skip_building_tests' from command line to 'False'
[0.829s] [34mcolcon.colcon_core.verb[0m [1;30mDEBUG[0m [32mBuilding package 'ipm_service' with the following arguments: {'ament_cmake_args': None, 'build_base': '/home/ivan/Webots_YOLOv8/build/ipm_service', 'catkin_cmake_args': None, 'catkin_skip_building_tests': False, 'cmake_args': None, 'cmake_clean_cache': False, 'cmake_clean_first': False, 'cmake_force_configure': False, 'cmake_target': None, 'cmake_target_skip_unavailable': False, 'install_base': '/home/ivan/Webots_YOLOv8/install/ipm_service', 'merge_install': False, 'path': '/home/ivan/Webots_YOLOv8/src/ipm/ipm_service', 'symlink_install': False, 'test_result_base': None}[0m
[0.829s] [34mcolcon.colcon_core.verb[0m [1;30mLevel 5[0m set package 'soccer_interfaces' build argument 'cmake_args' from command line to 'None'
[0.829s] [34mcolcon.colcon_core.verb[0m [1;30mLevel 5[0m set package 'soccer_interfaces' build argument 'cmake_target' from command line to 'None'
[0.830s] [34mcolcon.colcon_core.verb[0m [1;30mLevel 5[0m set package 'soccer_interfaces' build argument 'cmake_target_skip_unavailable' from command line to 'False'
[0.830s] [34mcolcon.colcon_core.verb[0m [1;30mLevel 5[0m set package 'soccer_interfaces' build argument 'cmake_clean_cache' from command line to 'False'
[0.830s] [34mcolcon.colcon_core.verb[0m [1;30mLevel 5[0m set package 'soccer_interfaces' build argument 'cmake_clean_first' from command line to 'False'
[0.830s] [34mcolcon.colcon_core.verb[0m [1;30mLevel 5[0m set package 'soccer_interfaces' build argument 'cmake_force_configure' from command line to 'False'
[0.830s] [34mcolcon.colcon_core.verb[0m [1;30mLevel 5[0m set package 'soccer_interfaces' build argument 'ament_cmake_args' from command line to 'None'
[0.830s] [34mcolcon.colcon_core.verb[0m [1;30mLevel 5[0m set package 'soccer_interfaces' build argument 'catkin_cmake_args' from command line to 'None'
[0.830s] [34mcolcon.colcon_core.verb[0m [1;30mLevel 5[0m set package 'soccer_interfaces' build argument 'catkin_skip_building_tests' from command line to 'False'
[0.830s] [34mcolcon.colcon_core.verb[0m [1;30mDEBUG[0m [32mBuilding package 'soccer_interfaces' with the following arguments: {'ament_cmake_args': None, 'build_base': '/home/ivan/Webots_YOLOv8/build/soccer_interfaces', 'catkin_cmake_args': None, 'catkin_skip_building_tests': False, 'cmake_args': None, 'cmake_clean_cache': False, 'cmake_clean_first': False, 'cmake_force_configure': False, 'cmake_target': None, 'cmake_target_skip_unavailable': False, 'install_base': '/home/ivan/Webots_YOLOv8/install/soccer_interfaces', 'merge_install': False, 'path': '/home/ivan/Webots_YOLOv8/src/soccer_interfaces/soccer_interfaces', 'symlink_install': False, 'test_result_base': None}[0m
[0.830s] [34mcolcon.colcon_core.verb[0m [1;30mLevel 5[0m set package 'soccer_ipm' build argument 'cmake_args' from command line to 'None'
[0.830s] [34mcolcon.colcon_core.verb[0m [1;30mLevel 5[0m set package 'soccer_ipm' build argument 'cmake_target' from command line to 'None'
[0.830s] [34mcolcon.colcon_core.verb[0m [1;30mLevel 5[0m set package 'soccer_ipm' build argument 'cmake_target_skip_unavailable' from command line to 'False'
[0.830s] [34mcolcon.colcon_core.verb[0m [1;30mLevel 5[0m set package 'soccer_ipm' build argument 'cmake_clean_cache' from command line to 'False'
[0.830s] [34mcolcon.colcon_core.verb[0m [1;30mLevel 5[0m set package 'soccer_ipm' build argument 'cmake_clean_first' from command line to 'False'
[0.830s] [34mcolcon.colcon_core.verb[0m [1;30mLevel 5[0m set package 'soccer_ipm' build argument 'cmake_force_configure' from command line to 'False'
[0.830s] [34mcolcon.colcon_core.verb[0m [1;30mLevel 5[0m set package 'soccer_ipm' build argument 'ament_cmake_args' from command line to 'None'
[0.830s] [34mcolcon.colcon_core.verb[0m [1;30mLevel 5[0m set package 'soccer_ipm' build argument 'catkin_cmake_args' from command line to 'None'
[0.830s] [34mcolcon.colcon_core.verb[0m [1;30mLevel 5[0m set package 'soccer_ipm' build argument 'catkin_skip_building_tests' from command line to 'False'
[0.830s] [34mcolcon.colcon_core.verb[0m [1;30mDEBUG[0m [32mBuilding package 'soccer_ipm' with the following arguments: {'ament_cmake_args': None, 'build_base': '/home/ivan/Webots_YOLOv8/build/soccer_ipm', 'catkin_cmake_args': None, 'catkin_skip_building_tests': False, 'cmake_args': None, 'cmake_clean_cache': False, 'cmake_clean_first': False, 'cmake_force_configure': False, 'cmake_target': None, 'cmake_target_skip_unavailable': False, 'install_base': '/home/ivan/Webots_YOLOv8/install/soccer_ipm', 'merge_install': False, 'path': '/home/ivan/Webots_YOLOv8/src/soccer_ipm/soccer_ipm', 'symlink_install': False, 'test_result_base': None}[0m
[0.830s] [34mcolcon.colcon_core.verb[0m [1;30mLevel 5[0m set package 'Webots_YOLOv8' build argument 'cmake_args' from command line to 'None'
[0.830s] [34mcolcon.colcon_core.verb[0m [1;30mLevel 5[0m set package 'Webots_YOLOv8' build argument 'cmake_target' from command line to 'None'
[0.830s] [34mcolcon.colcon_core.verb[0m [1;30mLevel 5[0m set package 'Webots_YOLOv8' build argument 'cmake_target_skip_unavailable' from command line to 'False'
[0.830s] [34mcolcon.colcon_core.verb[0m [1;30mLevel 5[0m set package 'Webots_YOLOv8' build argument 'cmake_clean_cache' from command line to 'False'
[0.830s] [34mcolcon.colcon_core.verb[0m [1;30mLevel 5[0m set package 'Webots_YOLOv8' build argument 'cmake_clean_first' from command line to 'False'
[0.830s] [34mcolcon.colcon_core.verb[0m [1;30mLevel 5[0m set package 'Webots_YOLOv8' build argument 'cmake_force_configure' from command line to 'False'
[0.830s] [34mcolcon.colcon_core.verb[0m [1;30mLevel 5[0m set package 'Webots_YOLOv8' build argument 'ament_cmake_args' from command line to 'None'
[0.831s] [34mcolcon.colcon_core.verb[0m [1;30mLevel 5[0m set package 'Webots_YOLOv8' build argument 'catkin_cmake_args' from command line to 'None'
[0.831s] [34mcolcon.colcon_core.verb[0m [1;30mLevel 5[0m set package 'Webots_YOLOv8' build argument 'catkin_skip_building_tests' from command line to 'False'
[0.831s] [34mcolcon.colcon_core.verb[0m [1;30mDEBUG[0m [32mBuilding package 'Webots_YOLOv8' with the following arguments: {'ament_cmake_args': None, 'build_base': '/home/ivan/Webots_YOLOv8/build/Webots_YOLOv8', 'catkin_cmake_args': None, 'catkin_skip_building_tests': False, 'cmake_args': None, 'cmake_clean_cache': False, 'cmake_clean_first': False, 'cmake_force_configure': False, 'cmake_target': None, 'cmake_target_skip_unavailable': False, 'install_base': '/home/ivan/Webots_YOLOv8/install/Webots_YOLOv8', 'merge_install': False, 'path': '/home/ivan/Webots_YOLOv8/src/Webots_YOLOv8', 'symlink_install': False, 'test_result_base': None}[0m
[0.831s] [34mcolcon.colcon_core.executor[0m [1;30mINFO[0m Executing jobs using 'parallel' executor
[0.832s] [34mcolcon.colcon_parallel_executor.executor.parallel[0m [1;30mDEBUG[0m [32mrun_until_complete[0m
[0.832s] [34mcolcon.colcon_ros.task.ament_cmake.build[0m [1;30mINFO[0m Building ROS package in '/home/ivan/Webots_YOLOv8/src/soccer_interfaces/soccer_vision_attribute_msgs' with build type 'ament_cmake'
[0.832s] [34mcolcon.colcon_cmake.task.cmake.build[0m [1;30mINFO[0m Building CMake package in '/home/ivan/Webots_YOLOv8/src/soccer_interfaces/soccer_vision_attribute_msgs'
[0.837s] [34mcolcon.colcon_core.plugin_system[0m [1;30mINFO[0m Skipping extension 'colcon_core.shell.bat': Not used on non-Windows systems
[0.837s] [34mcolcon.colcon_core.shell[0m [1;30mINFO[0m Skip shell extension 'powershell' for command environment: Not usable outside of PowerShell
[0.837s] [34mcolcon.colcon_core.shell[0m [1;30mDEBUG[0m [32mSkip shell extension 'dsv' for command environment[0m
[0.843s] [34mcolcon.colcon_ros.task.ament_cmake.build[0m [1;30mINFO[0m Building ROS package in '/home/ivan/Webots_YOLOv8/src/ipm/ipm_interfaces' with build type 'ament_cmake'
[0.843s] [34mcolcon.colcon_cmake.task.cmake.build[0m [1;30mINFO[0m Building CMake package in '/home/ivan/Webots_YOLOv8/src/ipm/ipm_interfaces'
[0.843s] [34mcolcon.colcon_core.shell[0m [1;30mINFO[0m Skip shell extension 'powershell' for command environment: Not usable outside of PowerShell
[0.843s] [34mcolcon.colcon_core.shell[0m [1;30mDEBUG[0m [32mSkip shell extension 'dsv' for command environment[0m
[0.849s] [34mcolcon.colcon_ros.task.ament_cmake.build[0m [1;30mINFO[0m Building ROS package in '/home/ivan/Webots_YOLOv8/src/soccer_interfaces/soccer_geometry_msgs' with build type 'ament_cmake'
[0.849s] [34mcolcon.colcon_cmake.task.cmake.build[0m [1;30mINFO[0m Building CMake package in '/home/ivan/Webots_YOLOv8/src/soccer_interfaces/soccer_geometry_msgs'
[0.849s] [34mcolcon.colcon_core.shell[0m [1;30mINFO[0m Skip shell extension 'powershell' for command environment: Not usable outside of PowerShell
[0.849s] [34mcolcon.colcon_core.shell[0m [1;30mDEBUG[0m [32mSkip shell extension 'dsv' for command environment[0m
[0.854s] [34mcolcon.colcon_ros.task.ament_python.build[0m [1;30mINFO[0m Building ROS package in '/home/ivan/Webots_YOLOv8/src/my_package' with build type 'ament_python'
[0.854s] [34mcolcon.colcon_core.shell[0m [1;30mLevel 1[0m create_environment_hook('my_package', 'ament_prefix_path')
[0.855s] [34mcolcon.colcon_core.shell[0m [1;30mINFO[0m Creating environment hook '/home/ivan/Webots_YOLOv8/install/my_package/share/my_package/hook/ament_prefix_path.ps1'
[0.856s] [34mcolcon.colcon_core.shell[0m [1;30mINFO[0m Creating environment descriptor '/home/ivan/Webots_YOLOv8/install/my_package/share/my_package/hook/ament_prefix_path.dsv'
[0.857s] [34mcolcon.colcon_core.shell[0m [1;30mINFO[0m Creating environment hook '/home/ivan/Webots_YOLOv8/install/my_package/share/my_package/hook/ament_prefix_path.sh'
[0.858s] [34mcolcon.colcon_core.shell[0m [1;30mINFO[0m Skip shell extension 'powershell' for command environment: Not usable outside of PowerShell
[0.858s] [34mcolcon.colcon_core.shell[0m [1;30mDEBUG[0m [32mSkip shell extension 'dsv' for command environment[0m
[0.868s] [34mcolcon.colcon_core.event_handler.log_command[0m [1;30mDEBUG[0m [32mInvoking command in '/home/ivan/Webots_YOLOv8/build/soccer_vision_attribute_msgs': CMAKE_PREFIX_PATH=${CMAKE_PREFIX_PATH}:/home/ivan/Webots_YOLOv8/install/Webots_YOLOv8:/home/ivan/Webots_YOLOv8/install/soccer_ipm:/home/ivan/Webots_YOLOv8/install/my_package:/home/ivan/Webots_YOLOv8/install/ipm_service:/home/ivan/Webots_YOLOv8/install/ipm_image_node:/home/ivan/Webots_YOLOv8/install/ipm_library:/opt/ros/humble /usr/bin/cmake --build /home/ivan/Webots_YOLOv8/build/soccer_vision_attribute_msgs -- -j12 -l12[0m
[0.873s] [34mcolcon.colcon_core.event_handler.log_command[0m [1;30mDEBUG[0m [32mInvoking command in '/home/ivan/Webots_YOLOv8/build/ipm_interfaces': CMAKE_PREFIX_PATH=${CMAKE_PREFIX_PATH}:/home/ivan/Webots_YOLOv8/install/Webots_YOLOv8:/home/ivan/Webots_YOLOv8/install/soccer_ipm:/home/ivan/Webots_YOLOv8/install/my_package:/home/ivan/Webots_YOLOv8/install/ipm_service:/home/ivan/Webots_YOLOv8/install/ipm_image_node:/home/ivan/Webots_YOLOv8/install/ipm_library:/opt/ros/humble /usr/bin/cmake --build /home/ivan/Webots_YOLOv8/build/ipm_interfaces -- -j12 -l12[0m
[0.877s] [34mcolcon.colcon_core.event_handler.log_command[0m [1;30mDEBUG[0m [32mInvoking command in '/home/ivan/Webots_YOLOv8/build/soccer_geometry_msgs': CMAKE_PREFIX_PATH=${CMAKE_PREFIX_PATH}:/home/ivan/Webots_YOLOv8/install/Webots_YOLOv8:/home/ivan/Webots_YOLOv8/install/soccer_ipm:/home/ivan/Webots_YOLOv8/install/my_package:/home/ivan/Webots_YOLOv8/install/ipm_service:/home/ivan/Webots_YOLOv8/install/ipm_image_node:/home/ivan/Webots_YOLOv8/install/ipm_library:/opt/ros/humble /usr/bin/cmake --build /home/ivan/Webots_YOLOv8/build/soccer_geometry_msgs -- -j12 -l12[0m
[1.263s] [34mcolcon.colcon_core.task.python.build[0m [1;30mINFO[0m Building Python package in '/home/ivan/Webots_YOLOv8/src/my_package'
[1.263s] [34mcolcon.colcon_core.shell[0m [1;30mINFO[0m Skip shell extension 'powershell' for command environment: Not usable outside of PowerShell
[1.264s] [34mcolcon.colcon_core.shell[0m [1;30mDEBUG[0m [32mSkip shell extension 'dsv' for command environment[0m
[1.464s] [34mcolcon.colcon_core.event_handler.log_command[0m [1;30mDEBUG[0m [32mInvoked command in '/home/ivan/Webots_YOLOv8/build/soccer_geometry_msgs' returned '0': CMAKE_PREFIX_PATH=${CMAKE_PREFIX_PATH}:/home/ivan/Webots_YOLOv8/install/Webots_YOLOv8:/home/ivan/Webots_YOLOv8/install/soccer_ipm:/home/ivan/Webots_YOLOv8/install/my_package:/home/ivan/Webots_YOLOv8/install/ipm_service:/home/ivan/Webots_YOLOv8/install/ipm_image_node:/home/ivan/Webots_YOLOv8/install/ipm_library:/opt/ros/humble /usr/bin/cmake --build /home/ivan/Webots_YOLOv8/build/soccer_geometry_msgs -- -j12 -l12[0m
[1.476s] [34mcolcon.colcon_core.event_handler.log_command[0m [1;30mDEBUG[0m [32mInvoking command in '/home/ivan/Webots_YOLOv8/build/soccer_geometry_msgs': CMAKE_PREFIX_PATH=${CMAKE_PREFIX_PATH}:/home/ivan/Webots_YOLOv8/install/Webots_YOLOv8:/home/ivan/Webots_YOLOv8/install/soccer_ipm:/home/ivan/Webots_YOLOv8/install/my_package:/home/ivan/Webots_YOLOv8/install/ipm_service:/home/ivan/Webots_YOLOv8/install/ipm_image_node:/home/ivan/Webots_YOLOv8/install/ipm_library:/opt/ros/humble /usr/bin/cmake --install /home/ivan/Webots_YOLOv8/build/soccer_geometry_msgs[0m
[1.479s] [34mcolcon.colcon_core.event_handler.log_command[0m [1;30mDEBUG[0m [32mInvoked command in '/home/ivan/Webots_YOLOv8/build/ipm_interfaces' returned '0': CMAKE_PREFIX_PATH=${CMAKE_PREFIX_PATH}:/home/ivan/Webots_YOLOv8/install/Webots_YOLOv8:/home/ivan/Webots_YOLOv8/install/soccer_ipm:/home/ivan/Webots_YOLOv8/install/my_package:/home/ivan/Webots_YOLOv8/install/ipm_service:/home/ivan/Webots_YOLOv8/install/ipm_image_node:/home/ivan/Webots_YOLOv8/install/ipm_library:/opt/ros/humble /usr/bin/cmake --build /home/ivan/Webots_YOLOv8/build/ipm_interfaces -- -j12 -l12[0m
[1.482s] [34mcolcon.colcon_core.event_handler.log_command[0m [1;30mDEBUG[0m [32mInvoking command in '/home/ivan/Webots_YOLOv8/build/ipm_interfaces': CMAKE_PREFIX_PATH=${CMAKE_PREFIX_PATH}:/home/ivan/Webots_YOLOv8/install/Webots_YOLOv8:/home/ivan/Webots_YOLOv8/install/soccer_ipm:/home/ivan/Webots_YOLOv8/install/my_package:/home/ivan/Webots_YOLOv8/install/ipm_service:/home/ivan/Webots_YOLOv8/install/ipm_image_node:/home/ivan/Webots_YOLOv8/install/ipm_library:/opt/ros/humble /usr/bin/cmake --install /home/ivan/Webots_YOLOv8/build/ipm_interfaces[0m
[1.487s] [34mcolcon.colcon_core.event_handler.log_command[0m [1;30mDEBUG[0m [32mInvoked command in '/home/ivan/Webots_YOLOv8/build/soccer_vision_attribute_msgs' returned '0': CMAKE_PREFIX_PATH=${CMAKE_PREFIX_PATH}:/home/ivan/Webots_YOLOv8/install/Webots_YOLOv8:/home/ivan/Webots_YOLOv8/install/soccer_ipm:/home/ivan/Webots_YOLOv8/install/my_package:/home/ivan/Webots_YOLOv8/install/ipm_service:/home/ivan/Webots_YOLOv8/install/ipm_image_node:/home/ivan/Webots_YOLOv8/install/ipm_library:/opt/ros/humble /usr/bin/cmake --build /home/ivan/Webots_YOLOv8/build/soccer_vision_attribute_msgs -- -j12 -l12[0m
[1.490s] [34mcolcon.colcon_core.event_handler.log_command[0m [1;30mDEBUG[0m [32mInvoking command in '/home/ivan/Webots_YOLOv8/build/soccer_vision_attribute_msgs': CMAKE_PREFIX_PATH=${CMAKE_PREFIX_PATH}:/home/ivan/Webots_YOLOv8/install/Webots_YOLOv8:/home/ivan/Webots_YOLOv8/install/soccer_ipm:/home/ivan/Webots_YOLOv8/install/my_package:/home/ivan/Webots_YOLOv8/install/ipm_service:/home/ivan/Webots_YOLOv8/install/ipm_image_node:/home/ivan/Webots_YOLOv8/install/ipm_library:/opt/ros/humble /usr/bin/cmake --install /home/ivan/Webots_YOLOv8/build/soccer_vision_attribute_msgs[0m
[1.552s] [34mcolcon.colcon_core.environment[0m [1;30mLevel 1[0m create_environment_scripts_only(soccer_geometry_msgs)
[1.553s] [34mcolcon.colcon_core.event_handler.log_command[0m [1;30mDEBUG[0m [32mInvoked command in '/home/ivan/Webots_YOLOv8/build/soccer_geometry_msgs' returned '0': CMAKE_PREFIX_PATH=${CMAKE_PREFIX_PATH}:/home/ivan/Webots_YOLOv8/install/Webots_YOLOv8:/home/ivan/Webots_YOLOv8/install/soccer_ipm:/home/ivan/Webots_YOLOv8/install/my_package:/home/ivan/Webots_YOLOv8/install/ipm_service:/home/ivan/Webots_YOLOv8/install/ipm_image_node:/home/ivan/Webots_YOLOv8/install/ipm_library:/opt/ros/humble /usr/bin/cmake --install /home/ivan/Webots_YOLOv8/build/soccer_geometry_msgs[0m
[1.562s] [34mcolcon.colcon_core.environment[0m [1;30mLevel 1[0m checking '/home/ivan/Webots_YOLOv8/install/soccer_geometry_msgs' for CMake module files
[1.563s] [34mcolcon.colcon_core.environment[0m [1;30mLevel 1[0m checking '/home/ivan/Webots_YOLOv8/install/soccer_geometry_msgs' for CMake config files
[1.564s] [34mcolcon.colcon_core.shell[0m [1;30mLevel 1[0m create_environment_hook('soccer_geometry_msgs', 'cmake_prefix_path')
[1.565s] [34mcolcon.colcon_core.shell[0m [1;30mINFO[0m Creating environment hook '/home/ivan/Webots_YOLOv8/install/soccer_geometry_msgs/share/soccer_geometry_msgs/hook/cmake_prefix_path.ps1'
[1.565s] [34mcolcon.colcon_core.shell[0m [1;30mINFO[0m Creating environment descriptor '/home/ivan/Webots_YOLOv8/install/soccer_geometry_msgs/share/soccer_geometry_msgs/hook/cmake_prefix_path.dsv'
[1.567s] [34mcolcon.colcon_core.shell[0m [1;30mINFO[0m Creating environment hook '/home/ivan/Webots_YOLOv8/install/soccer_geometry_msgs/share/soccer_geometry_msgs/hook/cmake_prefix_path.sh'
[1.568s] [34mcolcon.colcon_core.environment[0m [1;30mLevel 1[0m checking '/home/ivan/Webots_YOLOv8/install/soccer_geometry_msgs/lib'
[1.568s] [34mcolcon.colcon_core.shell[0m [1;30mLevel 1[0m create_environment_hook('soccer_geometry_msgs', 'ld_library_path_lib')
[1.568s] [34mcolcon.colcon_core.shell[0m [1;30mINFO[0m Creating environment hook '/home/ivan/Webots_YOLOv8/install/soccer_geometry_msgs/share/soccer_geometry_msgs/hook/ld_library_path_lib.ps1'
[1.569s] [34mcolcon.colcon_core.shell[0m [1;30mINFO[0m Creating environment descriptor '/home/ivan/Webots_YOLOv8/install/soccer_geometry_msgs/share/soccer_geometry_msgs/hook/ld_library_path_lib.dsv'
[1.569s] [34mcolcon.colcon_core.shell[0m [1;30mINFO[0m Creating environment hook '/home/ivan/Webots_YOLOv8/install/soccer_geometry_msgs/share/soccer_geometry_msgs/hook/ld_library_path_lib.sh'
[1.569s] [34mcolcon.colcon_core.environment[0m [1;30mLevel 1[0m checking '/home/ivan/Webots_YOLOv8/install/soccer_geometry_msgs/bin'
[1.569s] [34mcolcon.colcon_core.environment[0m [1;30mLevel 1[0m checking '/home/ivan/Webots_YOLOv8/install/soccer_geometry_msgs/lib/pkgconfig/soccer_geometry_msgs.pc'
[1.570s] [34mcolcon.colcon_core.environment[0m [1;30mLevel 1[0m checking '/home/ivan/Webots_YOLOv8/install/soccer_geometry_msgs/lib/python3.10/site-packages'
[1.570s] [34mcolcon.colcon_core.environment[0m [1;30mLevel 1[0m checking '/home/ivan/Webots_YOLOv8/install/soccer_geometry_msgs/bin'
[1.570s] [34mcolcon.colcon_core.shell[0m [1;30mINFO[0m Creating package script '/home/ivan/Webots_YOLOv8/install/soccer_geometry_msgs/share/soccer_geometry_msgs/package.ps1'
[1.571s] [34mcolcon.colcon_core.shell[0m [1;30mINFO[0m Creating package descriptor '/home/ivan/Webots_YOLOv8/install/soccer_geometry_msgs/share/soccer_geometry_msgs/package.dsv'
[1.573s] [34mcolcon.colcon_core.shell[0m [1;30mINFO[0m Creating package script '/home/ivan/Webots_YOLOv8/install/soccer_geometry_msgs/share/soccer_geometry_msgs/package.sh'
[1.574s] [34mcolcon.colcon_core.shell[0m [1;30mINFO[0m Creating package script '/home/ivan/Webots_YOLOv8/install/soccer_geometry_msgs/share/soccer_geometry_msgs/package.bash'
[1.575s] [34mcolcon.colcon_core.shell[0m [1;30mINFO[0m Creating package script '/home/ivan/Webots_YOLOv8/install/soccer_geometry_msgs/share/soccer_geometry_msgs/package.zsh'
[1.577s] [34mcolcon.colcon_core.environment[0m [1;30mLevel 1[0m create_file_with_runtime_dependencies(/home/ivan/Webots_YOLOv8/install/soccer_geometry_msgs/share/colcon-core/packages/soccer_geometry_msgs)
[1.577s] [34mcolcon.colcon_core.environment[0m [1;30mLevel 1[0m create_environment_scripts_only(soccer_geometry_msgs)
[1.577s] [34mcolcon.colcon_core.environment[0m [1;30mLevel 1[0m checking '/home/ivan/Webots_YOLOv8/install/soccer_geometry_msgs' for CMake module files
[1.578s] [34mcolcon.colcon_core.environment[0m [1;30mLevel 1[0m checking '/home/ivan/Webots_YOLOv8/install/soccer_geometry_msgs' for CMake config files
[1.579s] [34mcolcon.colcon_core.shell[0m [1;30mLevel 1[0m create_environment_hook('soccer_geometry_msgs', 'cmake_prefix_path')
[1.579s] [34mcolcon.colcon_core.shell[0m [1;30mINFO[0m Creating environment hook '/home/ivan/Webots_YOLOv8/install/soccer_geometry_msgs/share/soccer_geometry_msgs/hook/cmake_prefix_path.ps1'
[1.579s] [34mcolcon.colcon_core.shell[0m [1;30mINFO[0m Creating environment descriptor '/home/ivan/Webots_YOLOv8/install/soccer_geometry_msgs/share/soccer_geometry_msgs/hook/cmake_prefix_path.dsv'
[1.579s] [34mcolcon.colcon_core.shell[0m [1;30mINFO[0m Creating environment hook '/home/ivan/Webots_YOLOv8/install/soccer_geometry_msgs/share/soccer_geometry_msgs/hook/cmake_prefix_path.sh'
[1.580s] [34mcolcon.colcon_core.environment[0m [1;30mLevel 1[0m checking '/home/ivan/Webots_YOLOv8/install/soccer_geometry_msgs/lib'
[1.580s] [34mcolcon.colcon_core.shell[0m [1;30mLevel 1[0m create_environment_hook('soccer_geometry_msgs', 'ld_library_path_lib')
[1.580s] [34mcolcon.colcon_core.shell[0m [1;30mINFO[0m Creating environment hook '/home/ivan/Webots_YOLOv8/install/soccer_geometry_msgs/share/soccer_geometry_msgs/hook/ld_library_path_lib.ps1'
[1.580s] [34mcolcon.colcon_core.shell[0m [1;30mINFO[0m Creating environment descriptor '/home/ivan/Webots_YOLOv8/install/soccer_geometry_msgs/share/soccer_geometry_msgs/hook/ld_library_path_lib.dsv'
[1.581s] [34mcolcon.colcon_core.shell[0m [1;30mINFO[0m Creating environment hook '/home/ivan/Webots_YOLOv8/install/soccer_geometry_msgs/share/soccer_geometry_msgs/hook/ld_library_path_lib.sh'
[1.581s] [34mcolcon.colcon_core.environment[0m [1;30mLevel 1[0m checking '/home/ivan/Webots_YOLOv8/install/soccer_geometry_msgs/bin'
[1.581s] [34mcolcon.colcon_core.environment[0m [1;30mLevel 1[0m checking '/home/ivan/Webots_YOLOv8/install/soccer_geometry_msgs/lib/pkgconfig/soccer_geometry_msgs.pc'
[1.581s] [34mcolcon.colcon_core.environment[0m [1;30mLevel 1[0m checking '/home/ivan/Webots_YOLOv8/install/soccer_geometry_msgs/lib/python3.10/site-packages'
[1.581s] [34mcolcon.colcon_core.environment[0m [1;30mLevel 1[0m checking '/home/ivan/Webots_YOLOv8/install/soccer_geometry_msgs/bin'
[1.582s] [34mcolcon.colcon_core.shell[0m [1;30mINFO[0m Creating package script '/home/ivan/Webots_YOLOv8/install/soccer_geometry_msgs/share/soccer_geometry_msgs/package.ps1'
[1.582s] [34mcolcon.colcon_core.shell[0m [1;30mINFO[0m Creating package descriptor '/home/ivan/Webots_YOLOv8/install/soccer_geometry_msgs/share/soccer_geometry_msgs/package.dsv'
[1.583s] [34mcolcon.colcon_core.shell[0m [1;30mINFO[0m Creating package script '/home/ivan/Webots_YOLOv8/install/soccer_geometry_msgs/share/soccer_geometry_msgs/package.sh'
[1.583s] [34mcolcon.colcon_core.shell[0m [1;30mINFO[0m Creating package script '/home/ivan/Webots_YOLOv8/install/soccer_geometry_msgs/share/soccer_geometry_msgs/package.bash'
[1.583s] [34mcolcon.colcon_core.shell[0m [1;30mINFO[0m Creating package script '/home/ivan/Webots_YOLOv8/install/soccer_geometry_msgs/share/soccer_geometry_msgs/package.zsh'
[1.584s] [34mcolcon.colcon_core.environment[0m [1;30mLevel 1[0m create_file_with_runtime_dependencies(/home/ivan/Webots_YOLOv8/install/soccer_geometry_msgs/share/colcon-core/packages/soccer_geometry_msgs)
[1.585s] [34mcolcon.colcon_core.environment[0m [1;30mLevel 1[0m create_environment_scripts_only(ipm_interfaces)
[1.585s] [34mcolcon.colcon_core.environment[0m [1;30mLevel 1[0m checking '/home/ivan/Webots_YOLOv8/install/ipm_interfaces' for CMake module files
[1.586s] [34mcolcon.colcon_core.event_handler.log_command[0m [1;30mDEBUG[0m [32mInvoked command in '/home/ivan/Webots_YOLOv8/build/ipm_interfaces' returned '0': CMAKE_PREFIX_PATH=${CMAKE_PREFIX_PATH}:/home/ivan/Webots_YOLOv8/install/Webots_YOLOv8:/home/ivan/Webots_YOLOv8/install/soccer_ipm:/home/ivan/Webots_YOLOv8/install/my_package:/home/ivan/Webots_YOLOv8/install/ipm_service:/home/ivan/Webots_YOLOv8/install/ipm_image_node:/home/ivan/Webots_YOLOv8/install/ipm_library:/opt/ros/humble /usr/bin/cmake --install /home/ivan/Webots_YOLOv8/build/ipm_interfaces[0m
[1.587s] [34mcolcon.colcon_core.environment[0m [1;30mLevel 1[0m checking '/home/ivan/Webots_YOLOv8/install/ipm_interfaces' for CMake config files
[1.587s] [34mcolcon.colcon_core.shell[0m [1;30mLevel 1[0m create_environment_hook('ipm_interfaces', 'cmake_prefix_path')
[1.588s] [34mcolcon.colcon_core.shell[0m [1;30mINFO[0m Creating environment hook '/home/ivan/Webots_YOLOv8/install/ipm_interfaces/share/ipm_interfaces/hook/cmake_prefix_path.ps1'
[1.588s] [34mcolcon.colcon_core.shell[0m [1;30mINFO[0m Creating environment descriptor '/home/ivan/Webots_YOLOv8/install/ipm_interfaces/share/ipm_interfaces/hook/cmake_prefix_path.dsv'
[1.588s] [34mcolcon.colcon_core.shell[0m [1;30mINFO[0m Creating environment hook '/home/ivan/Webots_YOLOv8/install/ipm_interfaces/share/ipm_interfaces/hook/cmake_prefix_path.sh'
[1.589s] [34mcolcon.colcon_core.environment[0m [1;30mLevel 1[0m checking '/home/ivan/Webots_YOLOv8/install/ipm_interfaces/lib'
[1.589s] [34mcolcon.colcon_core.shell[0m [1;30mLevel 1[0m create_environment_hook('ipm_interfaces', 'ld_library_path_lib')
[1.589s] [34mcolcon.colcon_core.shell[0m [1;30mINFO[0m Creating environment hook '/home/ivan/Webots_YOLOv8/install/ipm_interfaces/share/ipm_interfaces/hook/ld_library_path_lib.ps1'
[1.589s] [34mcolcon.colcon_core.shell[0m [1;30mINFO[0m Creating environment descriptor '/home/ivan/Webots_YOLOv8/install/ipm_interfaces/share/ipm_interfaces/hook/ld_library_path_lib.dsv'
[1.590s] [34mcolcon.colcon_core.shell[0m [1;30mINFO[0m Creating environment hook '/home/ivan/Webots_YOLOv8/install/ipm_interfaces/share/ipm_interfaces/hook/ld_library_path_lib.sh'
[1.590s] [34mcolcon.colcon_core.environment[0m [1;30mLevel 1[0m checking '/home/ivan/Webots_YOLOv8/install/ipm_interfaces/bin'
[1.590s] [34mcolcon.colcon_core.environment[0m [1;30mLevel 1[0m checking '/home/ivan/Webots_YOLOv8/install/ipm_interfaces/lib/pkgconfig/ipm_interfaces.pc'
[1.590s] [34mcolcon.colcon_core.environment[0m [1;30mLevel 1[0m checking '/home/ivan/Webots_YOLOv8/install/ipm_interfaces/lib/python3.10/site-packages'
[1.590s] [34mcolcon.colcon_core.environment[0m [1;30mLevel 1[0m checking '/home/ivan/Webots_YOLOv8/install/ipm_interfaces/bin'
[1.591s] [34mcolcon.colcon_core.shell[0m [1;30mINFO[0m Creating package script '/home/ivan/Webots_YOLOv8/install/ipm_interfaces/share/ipm_interfaces/package.ps1'
[1.591s] [34mcolcon.colcon_core.shell[0m [1;30mINFO[0m Creating package descriptor '/home/ivan/Webots_YOLOv8/install/ipm_interfaces/share/ipm_interfaces/package.dsv'
[1.592s] [34mcolcon.colcon_core.shell[0m [1;30mINFO[0m Creating package script '/home/ivan/Webots_YOLOv8/install/ipm_interfaces/share/ipm_interfaces/package.sh'
[1.592s] [34mcolcon.colcon_core.shell[0m [1;30mINFO[0m Creating package script '/home/ivan/Webots_YOLOv8/install/ipm_interfaces/share/ipm_interfaces/package.bash'
[1.592s] [34mcolcon.colcon_core.shell[0m [1;30mINFO[0m Creating package script '/home/ivan/Webots_YOLOv8/install/ipm_interfaces/share/ipm_interfaces/package.zsh'
[1.593s] [34mcolcon.colcon_core.environment[0m [1;30mLevel 1[0m create_file_with_runtime_dependencies(/home/ivan/Webots_YOLOv8/install/ipm_interfaces/share/colcon-core/packages/ipm_interfaces)
[1.593s] [34mcolcon.colcon_core.environment[0m [1;30mLevel 1[0m create_environment_scripts_only(ipm_interfaces)
[1.593s] [34mcolcon.colcon_core.environment[0m [1;30mLevel 1[0m checking '/home/ivan/Webots_YOLOv8/install/ipm_interfaces' for CMake module files
[1.594s] [34mcolcon.colcon_core.environment[0m [1;30mLevel 1[0m checking '/home/ivan/Webots_YOLOv8/install/ipm_interfaces' for CMake config files
[1.594s] [34mcolcon.colcon_core.shell[0m [1;30mLevel 1[0m create_environment_hook('ipm_interfaces', 'cmake_prefix_path')
[1.594s] [34mcolcon.colcon_core.shell[0m [1;30mINFO[0m Creating environment hook '/home/ivan/Webots_YOLOv8/install/ipm_interfaces/share/ipm_interfaces/hook/cmake_prefix_path.ps1'
[1.595s] [34mcolcon.colcon_core.shell[0m [1;30mINFO[0m Creating environment descriptor '/home/ivan/Webots_YOLOv8/install/ipm_interfaces/share/ipm_interfaces/hook/cmake_prefix_path.dsv'
[1.595s] [34mcolcon.colcon_core.shell[0m [1;30mINFO[0m Creating environment hook '/home/ivan/Webots_YOLOv8/install/ipm_interfaces/share/ipm_interfaces/hook/cmake_prefix_path.sh'
[1.595s] [34mcolcon.colcon_core.environment[0m [1;30mLevel 1[0m checking '/home/ivan/Webots_YOLOv8/install/ipm_interfaces/lib'
[1.595s] [34mcolcon.colcon_core.shell[0m [1;30mLevel 1[0m create_environment_hook('ipm_interfaces', 'ld_library_path_lib')
[1.596s] [34mcolcon.colcon_core.shell[0m [1;30mINFO[0m Creating environment hook '/home/ivan/Webots_YOLOv8/install/ipm_interfaces/share/ipm_interfaces/hook/ld_library_path_lib.ps1'
[1.596s] [34mcolcon.colcon_core.shell[0m [1;30mINFO[0m Creating environment descriptor '/home/ivan/Webots_YOLOv8/install/ipm_interfaces/share/ipm_interfaces/hook/ld_library_path_lib.dsv'
[1.596s] [34mcolcon.colcon_core.shell[0m [1;30mINFO[0m Creating environment hook '/home/ivan/Webots_YOLOv8/install/ipm_interfaces/share/ipm_interfaces/hook/ld_library_path_lib.sh'
[1.597s] [34mcolcon.colcon_core.environment[0m [1;30mLevel 1[0m checking '/home/ivan/Webots_YOLOv8/install/ipm_interfaces/bin'
[1.597s] [34mcolcon.colcon_core.environment[0m [1;30mLevel 1[0m checking '/home/ivan/Webots_YOLOv8/install/ipm_interfaces/lib/pkgconfig/ipm_interfaces.pc'
[1.597s] [34mcolcon.colcon_core.environment[0m [1;30mLevel 1[0m checking '/home/ivan/Webots_YOLOv8/install/ipm_interfaces/lib/python3.10/site-packages'
[1.597s] [34mcolcon.colcon_core.environment[0m [1;30mLevel 1[0m checking '/home/ivan/Webots_YOLOv8/install/ipm_interfaces/bin'
[1.597s] [34mcolcon.colcon_core.shell[0m [1;30mINFO[0m Creating package script '/home/ivan/Webots_YOLOv8/install/ipm_interfaces/share/ipm_interfaces/package.ps1'
[1.598s] [34mcolcon.colcon_core.shell[0m [1;30mINFO[0m Creating package descriptor '/home/ivan/Webots_YOLOv8/install/ipm_interfaces/share/ipm_interfaces/package.dsv'
[1.598s] [34mcolcon.colcon_core.shell[0m [1;30mINFO[0m Creating package script '/home/ivan/Webots_YOLOv8/install/ipm_interfaces/share/ipm_interfaces/package.sh'
[1.598s] [34mcolcon.colcon_core.shell[0m [1;30mINFO[0m Creating package script '/home/ivan/Webots_YOLOv8/install/ipm_interfaces/share/ipm_interfaces/package.bash'
[1.599s] [34mcolcon.colcon_core.shell[0m [1;30mINFO[0m Creating package script '/home/ivan/Webots_YOLOv8/install/ipm_interfaces/share/ipm_interfaces/package.zsh'
[1.599s] [34mcolcon.colcon_core.environment[0m [1;30mLevel 1[0m create_file_with_runtime_dependencies(/home/ivan/Webots_YOLOv8/install/ipm_interfaces/share/colcon-core/packages/ipm_interfaces)
[1.599s] [34mcolcon.colcon_core.environment[0m [1;30mLevel 1[0m create_environment_scripts_only(soccer_vision_attribute_msgs)
[1.599s] [34mcolcon.colcon_core.environment[0m [1;30mLevel 1[0m checking '/home/ivan/Webots_YOLOv8/install/soccer_vision_attribute_msgs' for CMake module files
[1.601s] [34mcolcon.colcon_core.event_handler.log_command[0m [1;30mDEBUG[0m [32mInvoked command in '/home/ivan/Webots_YOLOv8/build/soccer_vision_attribute_msgs' returned '0': CMAKE_PREFIX_PATH=${CMAKE_PREFIX_PATH}:/home/ivan/Webots_YOLOv8/install/Webots_YOLOv8:/home/ivan/Webots_YOLOv8/install/soccer_ipm:/home/ivan/Webots_YOLOv8/install/my_package:/home/ivan/Webots_YOLOv8/install/ipm_service:/home/ivan/Webots_YOLOv8/install/ipm_image_node:/home/ivan/Webots_YOLOv8/install/ipm_library:/opt/ros/humble /usr/bin/cmake --install /home/ivan/Webots_YOLOv8/build/soccer_vision_attribute_msgs[0m
[1.601s] [34mcolcon.colcon_core.environment[0m [1;30mLevel 1[0m checking '/home/ivan/Webots_YOLOv8/install/soccer_vision_attribute_msgs' for CMake config files
[1.603s] [34mcolcon.colcon_core.shell[0m [1;30mLevel 1[0m create_environment_hook('soccer_vision_attribute_msgs', 'cmake_prefix_path')
[1.603s] [34mcolcon.colcon_core.shell[0m [1;30mINFO[0m Creating environment hook '/home/ivan/Webots_YOLOv8/install/soccer_vision_attribute_msgs/share/soccer_vision_attribute_msgs/hook/cmake_prefix_path.ps1'
[1.603s] [34mcolcon.colcon_core.shell[0m [1;30mINFO[0m Creating environment descriptor '/home/ivan/Webots_YOLOv8/install/soccer_vision_attribute_msgs/share/soccer_vision_attribute_msgs/hook/cmake_prefix_path.dsv'
[1.604s] [34mcolcon.colcon_core.shell[0m [1;30mINFO[0m Creating environment hook '/home/ivan/Webots_YOLOv8/install/soccer_vision_attribute_msgs/share/soccer_vision_attribute_msgs/hook/cmake_prefix_path.sh'
[1.604s] [34mcolcon.colcon_core.environment[0m [1;30mLevel 1[0m checking '/home/ivan/Webots_YOLOv8/install/soccer_vision_attribute_msgs/lib'
[1.604s] [34mcolcon.colcon_core.shell[0m [1;30mLevel 1[0m create_environment_hook('soccer_vision_attribute_msgs', 'ld_library_path_lib')
[1.604s] [34mcolcon.colcon_core.shell[0m [1;30mINFO[0m Creating environment hook '/home/ivan/Webots_YOLOv8/install/soccer_vision_attribute_msgs/share/soccer_vision_attribute_msgs/hook/ld_library_path_lib.ps1'
[1.605s] [34mcolcon.colcon_core.shell[0m [1;30mINFO[0m Creating environment descriptor '/home/ivan/Webots_YOLOv8/install/soccer_vision_attribute_msgs/share/soccer_vision_attribute_msgs/hook/ld_library_path_lib.dsv'
[1.605s] [34mcolcon.colcon_core.shell[0m [1;30mINFO[0m Creating environment hook '/home/ivan/Webots_YOLOv8/install/soccer_vision_attribute_msgs/share/soccer_vision_attribute_msgs/hook/ld_library_path_lib.sh'
[1.605s] [34mcolcon.colcon_core.environment[0m [1;30mLevel 1[0m checking '/home/ivan/Webots_YOLOv8/install/soccer_vision_attribute_msgs/bin'
[1.605s] [34mcolcon.colcon_core.environment[0m [1;30mLevel 1[0m checking '/home/ivan/Webots_YOLOv8/install/soccer_vision_attribute_msgs/lib/pkgconfig/soccer_vision_attribute_msgs.pc'
[1.606s] [34mcolcon.colcon_core.environment[0m [1;30mLevel 1[0m checking '/home/ivan/Webots_YOLOv8/install/soccer_vision_attribute_msgs/lib/python3.10/site-packages'
[1.606s] [34mcolcon.colcon_core.environment[0m [1;30mLevel 1[0m checking '/home/ivan/Webots_YOLOv8/install/soccer_vision_attribute_msgs/bin'
[1.606s] [34mcolcon.colcon_core.shell[0m [1;30mINFO[0m Creating package script '/home/ivan/Webots_YOLOv8/install/soccer_vision_attribute_msgs/share/soccer_vision_attribute_msgs/package.ps1'
[1.607s] [34mcolcon.colcon_core.shell[0m [1;30mINFO[0m Creating package descriptor '/home/ivan/Webots_YOLOv8/install/soccer_vision_attribute_msgs/share/soccer_vision_attribute_msgs/package.dsv'
[1.607s] [34mcolcon.colcon_core.shell[0m [1;30mINFO[0m Creating package script '/home/ivan/Webots_YOLOv8/install/soccer_vision_attribute_msgs/share/soccer_vision_attribute_msgs/package.sh'
[1.607s] [34mcolcon.colcon_core.shell[0m [1;30mINFO[0m Creating package script '/home/ivan/Webots_YOLOv8/install/soccer_vision_attribute_msgs/share/soccer_vision_attribute_msgs/package.bash'
[1.607s] [34mcolcon.colcon_core.shell[0m [1;30mINFO[0m Creating package script '/home/ivan/Webots_YOLOv8/install/soccer_vision_attribute_msgs/share/soccer_vision_attribute_msgs/package.zsh'
[1.608s] [34mcolcon.colcon_core.environment[0m [1;30mLevel 1[0m create_file_with_runtime_dependencies(/home/ivan/Webots_YOLOv8/install/soccer_vision_attribute_msgs/share/colcon-core/packages/soccer_vision_attribute_msgs)
[1.608s] [34mcolcon.colcon_core.environment[0m [1;30mLevel 1[0m create_environment_scripts_only(soccer_vision_attribute_msgs)
[1.608s] [34mcolcon.colcon_core.environment[0m [1;30mLevel 1[0m checking '/home/ivan/Webots_YOLOv8/install/soccer_vision_attribute_msgs' for CMake module files
[1.609s] [34mcolcon.colcon_core.environment[0m [1;30mLevel 1[0m checking '/home/ivan/Webots_YOLOv8/install/soccer_vision_attribute_msgs' for CMake config files
[1.610s] [34mcolcon.colcon_core.shell[0m [1;30mLevel 1[0m create_environment_hook('soccer_vision_attribute_msgs', 'cmake_prefix_path')
[1.610s] [34mcolcon.colcon_core.shell[0m [1;30mINFO[0m Creating environment hook '/home/ivan/Webots_YOLOv8/install/soccer_vision_attribute_msgs/share/soccer_vision_attribute_msgs/hook/cmake_prefix_path.ps1'
[1.610s] [34mcolcon.colcon_core.shell[0m [1;30mINFO[0m Creating environment descriptor '/home/ivan/Webots_YOLOv8/install/soccer_vision_attribute_msgs/share/soccer_vision_attribute_msgs/hook/cmake_prefix_path.dsv'
[1.610s] [34mcolcon.colcon_core.shell[0m [1;30mINFO[0m Creating environment hook '/home/ivan/Webots_YOLOv8/install/soccer_vision_attribute_msgs/share/soccer_vision_attribute_msgs/hook/cmake_prefix_path.sh'
[1.611s] [34mcolcon.colcon_core.environment[0m [1;30mLevel 1[0m checking '/home/ivan/Webots_YOLOv8/install/soccer_vision_attribute_msgs/lib'
[1.611s] [34mcolcon.colcon_core.shell[0m [1;30mLevel 1[0m create_environment_hook('soccer_vision_attribute_msgs', 'ld_library_path_lib')
[1.611s] [34mcolcon.colcon_core.shell[0m [1;30mINFO[0m Creating environment hook '/home/ivan/Webots_YOLOv8/install/soccer_vision_attribute_msgs/share/soccer_vision_attribute_msgs/hook/ld_library_path_lib.ps1'
[1.611s] [34mcolcon.colcon_core.shell[0m [1;30mINFO[0m Creating environment descriptor '/home/ivan/Webots_YOLOv8/install/soccer_vision_attribute_msgs/share/soccer_vision_attribute_msgs/hook/ld_library_path_lib.dsv'
[1.612s] [34mcolcon.colcon_core.shell[0m [1;30mINFO[0m Creating environment hook '/home/ivan/Webots_YOLOv8/install/soccer_vision_attribute_msgs/share/soccer_vision_attribute_msgs/hook/ld_library_path_lib.sh'
[1.612s] [34mcolcon.colcon_core.environment[0m [1;30mLevel 1[0m checking '/home/ivan/Webots_YOLOv8/install/soccer_vision_attribute_msgs/bin'
[1.612s] [34mcolcon.colcon_core.environment[0m [1;30mLevel 1[0m checking '/home/ivan/Webots_YOLOv8/install/soccer_vision_attribute_msgs/lib/pkgconfig/soccer_vision_attribute_msgs.pc'
[1.612s] [34mcolcon.colcon_core.environment[0m [1;30mLevel 1[0m checking '/home/ivan/Webots_YOLOv8/install/soccer_vision_attribute_msgs/lib/python3.10/site-packages'
[1.612s] [34mcolcon.colcon_core.environment[0m [1;30mLevel 1[0m checking '/home/ivan/Webots_YOLOv8/install/soccer_vision_attribute_msgs/bin'
[1.613s] [34mcolcon.colcon_core.shell[0m [1;30mINFO[0m Creating package script '/home/ivan/Webots_YOLOv8/install/soccer_vision_attribute_msgs/share/soccer_vision_attribute_msgs/package.ps1'
[1.613s] [34mcolcon.colcon_core.shell[0m [1;30mINFO[0m Creating package descriptor '/home/ivan/Webots_YOLOv8/install/soccer_vision_attribute_msgs/share/soccer_vision_attribute_msgs/package.dsv'
[1.613s] [34mcolcon.colcon_core.shell[0m [1;30mINFO[0m Creating package script '/home/ivan/Webots_YOLOv8/install/soccer_vision_attribute_msgs/share/soccer_vision_attribute_msgs/package.sh'
[1.614s] [34mcolcon.colcon_core.shell[0m [1;30mINFO[0m Creating package script '/home/ivan/Webots_YOLOv8/install/soccer_vision_attribute_msgs/share/soccer_vision_attribute_msgs/package.bash'
[1.614s] [34mcolcon.colcon_core.shell[0m [1;30mINFO[0m Creating package script '/home/ivan/Webots_YOLOv8/install/soccer_vision_attribute_msgs/share/soccer_vision_attribute_msgs/package.zsh'
[1.614s] [34mcolcon.colcon_core.environment[0m [1;30mLevel 1[0m create_file_with_runtime_dependencies(/home/ivan/Webots_YOLOv8/install/soccer_vision_attribute_msgs/share/colcon-core/packages/soccer_vision_attribute_msgs)
[1.615s] [34mcolcon.colcon_ros.task.ament_python.build[0m [1;30mINFO[0m Building ROS package in '/home/ivan/Webots_YOLOv8/src/ipm/ipm_library' with build type 'ament_python'
[1.615s] [34mcolcon.colcon_core.shell[0m [1;30mLevel 1[0m create_environment_hook('ipm_library', 'ament_prefix_path')
[1.615s] [34mcolcon.colcon_core.shell[0m [1;30mINFO[0m Creating environment hook '/home/ivan/Webots_YOLOv8/install/ipm_library/share/ipm_library/hook/ament_prefix_path.ps1'
[1.616s] [34mcolcon.colcon_core.shell[0m [1;30mINFO[0m Creating environment descriptor '/home/ivan/Webots_YOLOv8/install/ipm_library/share/ipm_library/hook/ament_prefix_path.dsv'
[1.616s] [34mcolcon.colcon_core.shell[0m [1;30mINFO[0m Creating environment hook '/home/ivan/Webots_YOLOv8/install/ipm_library/share/ipm_library/hook/ament_prefix_path.sh'
[1.617s] [34mcolcon.colcon_core.shell[0m [1;30mINFO[0m Skip shell extension 'powershell' for command environment: Not usable outside of PowerShell
[1.617s] [34mcolcon.colcon_core.shell[0m [1;30mDEBUG[0m [32mSkip shell extension 'dsv' for command environment[0m
[1.620s] [34mcolcon.colcon_ros.task.ament_cmake.build[0m [1;30mINFO[0m Building ROS package in '/home/ivan/Webots_YOLOv8/src/soccer_interfaces/soccer_vision_2d_msgs' with build type 'ament_cmake'
[1.621s] [34mcolcon.colcon_cmake.task.cmake.build[0m [1;30mINFO[0m Building CMake package in '/home/ivan/Webots_YOLOv8/src/soccer_interfaces/soccer_vision_2d_msgs'
[1.621s] [34mcolcon.colcon_core.shell[0m [1;30mINFO[0m Skip shell extension 'powershell' for command environment: Not usable outside of PowerShell
[1.621s] [34mcolcon.colcon_core.shell[0m [1;30mDEBUG[0m [32mSkip shell extension 'dsv' for command environment[0m
[1.626s] [34mcolcon.colcon_ros.task.ament_cmake.build[0m [1;30mINFO[0m Building ROS package in '/home/ivan/Webots_YOLOv8/src/soccer_interfaces/soccer_vision_3d_msgs' with build type 'ament_cmake'
[1.626s] [34mcolcon.colcon_cmake.task.cmake.build[0m [1;30mINFO[0m Building CMake package in '/home/ivan/Webots_YOLOv8/src/soccer_interfaces/soccer_vision_3d_msgs'
[1.627s] [34mcolcon.colcon_core.shell[0m [1;30mINFO[0m Skip shell extension 'powershell' for command environment: Not usable outside of PowerShell
[1.627s] [34mcolcon.colcon_core.shell[0m [1;30mDEBUG[0m [32mSkip shell extension 'dsv' for command environment[0m
[1.632s] [34mcolcon.colcon_ros.task.ament_cmake.build[0m [1;30mINFO[0m Building ROS package in '/home/ivan/Webots_YOLOv8/src/soccer_interfaces/soccer_model_msgs' with build type 'ament_cmake'
[1.632s] [34mcolcon.colcon_cmake.task.cmake.build[0m [1;30mINFO[0m Building CMake package in '/home/ivan/Webots_YOLOv8/src/soccer_interfaces/soccer_model_msgs'
[1.632s] [34mcolcon.colcon_core.shell[0m [1;30mINFO[0m Skip shell extension 'powershell' for command environment: Not usable outside of PowerShell
[1.632s] [34mcolcon.colcon_core.shell[0m [1;30mDEBUG[0m [32mSkip shell extension 'dsv' for command environment[0m
[1.913s] [34mcolcon.colcon_core.task.python.build[0m [1;30mINFO[0m Building Python package in '/home/ivan/Webots_YOLOv8/src/ipm/ipm_library'
[1.913s] [34mcolcon.colcon_core.shell[0m [1;30mINFO[0m Skip shell extension 'powershell' for command environment: Not usable outside of PowerShell
[1.913s] [34mcolcon.colcon_core.shell[0m [1;30mDEBUG[0m [32mSkip shell extension 'dsv' for command environment[0m
[1.922s] [34mcolcon.colcon_core.event_handler.log_command[0m [1;30mDEBUG[0m [32mInvoking command in '/home/ivan/Webots_YOLOv8/build/soccer_vision_2d_msgs': CMAKE_PREFIX_PATH=/home/ivan/Webots_YOLOv8/install/soccer_vision_attribute_msgs:/home/ivan/Webots_YOLOv8/install/soccer_interfaces:/home/ivan/Webots_YOLOv8/install/soccer_vision_3d_msgs:/home/ivan/Webots_YOLOv8/install/soccer_vision_2d_msgs:/home/ivan/Webots_YOLOv8/install/soccer_model_msgs:/home/ivan/Webots_YOLOv8/install/soccer_geometry_msgs:/home/ivan/Webots_YOLOv8/install/ipm_interfaces:/home/ivan/Webots_YOLOv8/install/Webots_YOLOv8:/home/ivan/Webots_YOLOv8/install/soccer_ipm:/home/ivan/Webots_YOLOv8/install/my_package:/home/ivan/Webots_YOLOv8/install/ipm_service:/home/ivan/Webots_YOLOv8/install/ipm_image_node:/home/ivan/Webots_YOLOv8/install/ipm_library:/opt/ros/humble LD_LIBRARY_PATH=/home/ivan/Webots_YOLOv8/install/soccer_vision_attribute_msgs/lib:/home/ivan/Webots_YOLOv8/install/soccer_vision_3d_msgs/lib:/home/ivan/Webots_YOLOv8/install/soccer_vision_2d_msgs/lib:/home/ivan/Webots_YOLOv8/install/soccer_model_msgs/lib:/home/ivan/Webots_YOLOv8/install/soccer_geometry_msgs/lib:/home/ivan/Webots_YOLOv8/install/ipm_interfaces/lib:/opt/ros/humble/opt/rviz_ogre_vendor/lib:/opt/ros/humble/lib/x86_64-linux-gnu:/opt/ros/humble/lib /usr/bin/cmake --build /home/ivan/Webots_YOLOv8/build/soccer_vision_2d_msgs -- -j12 -l12[0m
[1.926s] [34mcolcon.colcon_core.event_handler.log_command[0m [1;30mDEBUG[0m [32mInvoking command in '/home/ivan/Webots_YOLOv8/build/soccer_vision_3d_msgs': CMAKE_PREFIX_PATH=/home/ivan/Webots_YOLOv8/install/soccer_vision_attribute_msgs:/home/ivan/Webots_YOLOv8/install/soccer_interfaces:/home/ivan/Webots_YOLOv8/install/soccer_vision_3d_msgs:/home/ivan/Webots_YOLOv8/install/soccer_vision_2d_msgs:/home/ivan/Webots_YOLOv8/install/soccer_model_msgs:/home/ivan/Webots_YOLOv8/install/soccer_geometry_msgs:/home/ivan/Webots_YOLOv8/install/ipm_interfaces:/home/ivan/Webots_YOLOv8/install/Webots_YOLOv8:/home/ivan/Webots_YOLOv8/install/soccer_ipm:/home/ivan/Webots_YOLOv8/install/my_package:/home/ivan/Webots_YOLOv8/install/ipm_service:/home/ivan/Webots_YOLOv8/install/ipm_image_node:/home/ivan/Webots_YOLOv8/install/ipm_library:/opt/ros/humble LD_LIBRARY_PATH=/home/ivan/Webots_YOLOv8/install/soccer_vision_attribute_msgs/lib:/home/ivan/Webots_YOLOv8/install/soccer_vision_3d_msgs/lib:/home/ivan/Webots_YOLOv8/install/soccer_vision_2d_msgs/lib:/home/ivan/Webots_YOLOv8/install/soccer_model_msgs/lib:/home/ivan/Webots_YOLOv8/install/soccer_geometry_msgs/lib:/home/ivan/Webots_YOLOv8/install/ipm_interfaces/lib:/opt/ros/humble/opt/rviz_ogre_vendor/lib:/opt/ros/humble/lib/x86_64-linux-gnu:/opt/ros/humble/lib /usr/bin/cmake --build /home/ivan/Webots_YOLOv8/build/soccer_vision_3d_msgs -- -j12 -l12[0m
[1.933s] [34mcolcon.colcon_core.event_handler.log_command[0m [1;30mDEBUG[0m [32mInvoking command in '/home/ivan/Webots_YOLOv8/build/soccer_model_msgs': CMAKE_PREFIX_PATH=/home/ivan/Webots_YOLOv8/install/soccer_vision_attribute_msgs:/home/ivan/Webots_YOLOv8/install/soccer_geometry_msgs:/home/ivan/Webots_YOLOv8/install/soccer_interfaces:/home/ivan/Webots_YOLOv8/install/soccer_vision_3d_msgs:/home/ivan/Webots_YOLOv8/install/soccer_vision_2d_msgs:/home/ivan/Webots_YOLOv8/install/soccer_model_msgs:/home/ivan/Webots_YOLOv8/install/ipm_interfaces:/home/ivan/Webots_YOLOv8/install/Webots_YOLOv8:/home/ivan/Webots_YOLOv8/install/soccer_ipm:/home/ivan/Webots_YOLOv8/install/my_package:/home/ivan/Webots_YOLOv8/install/ipm_service:/home/ivan/Webots_YOLOv8/install/ipm_image_node:/home/ivan/Webots_YOLOv8/install/ipm_library:/opt/ros/humble LD_LIBRARY_PATH=/home/ivan/Webots_YOLOv8/install/soccer_vision_attribute_msgs/lib:/home/ivan/Webots_YOLOv8/install/soccer_geometry_msgs/lib:/home/ivan/Webots_YOLOv8/install/soccer_vision_3d_msgs/lib:/home/ivan/Webots_YOLOv8/install/soccer_vision_2d_msgs/lib:/home/ivan/Webots_YOLOv8/install/soccer_model_msgs/lib:/home/ivan/Webots_YOLOv8/install/ipm_interfaces/lib:/opt/ros/humble/opt/rviz_ogre_vendor/lib:/opt/ros/humble/lib/x86_64-linux-gnu:/opt/ros/humble/lib /usr/bin/cmake --build /home/ivan/Webots_YOLOv8/build/soccer_model_msgs -- -j12 -l12[0m
[1.935s] [34mcolcon.colcon_core.event_handler.log_command[0m [1;30mDEBUG[0m [32mInvoking command in '/home/ivan/Webots_YOLOv8/src/my_package': PYTHONPATH=/home/ivan/Webots_YOLOv8/build/my_package/prefix_override:/usr/lib/python3/dist-packages/colcon_core/task/python/colcon_distutils_commands:/home/ivan/Webots_YOLOv8/install/my_package/lib/python3.10/site-packages:${PYTHONPATH} /usr/bin/python3 -W ignore:setup.py install is deprecated -W ignore:easy_install command is deprecated setup.py egg_info --egg-base ../../build/my_package build --build-base /home/ivan/Webots_YOLOv8/build/my_package/build install --record /home/ivan/Webots_YOLOv8/build/my_package/install.log --single-version-externally-managed install_data[0m
[2.414s] [34mcolcon.colcon_core.environment[0m [1;30mLevel 1[0m checking '/home/ivan/Webots_YOLOv8/install/my_package' for CMake module files
[2.415s] [34mcolcon.colcon_core.event_handler.log_command[0m [1;30mDEBUG[0m [32mInvoked command in '/home/ivan/Webots_YOLOv8/src/my_package' returned '0': PYTHONPATH=/home/ivan/Webots_YOLOv8/build/my_package/prefix_override:/usr/lib/python3/dist-packages/colcon_core/task/python/colcon_distutils_commands:/home/ivan/Webots_YOLOv8/install/my_package/lib/python3.10/site-packages:${PYTHONPATH} /usr/bin/python3 -W ignore:setup.py install is deprecated -W ignore:easy_install command is deprecated setup.py egg_info --egg-base ../../build/my_package build --build-base /home/ivan/Webots_YOLOv8/build/my_package/build install --record /home/ivan/Webots_YOLOv8/build/my_package/install.log --single-version-externally-managed install_data[0m
[2.416s] [34mcolcon.colcon_core.environment[0m [1;30mLevel 1[0m checking '/home/ivan/Webots_YOLOv8/install/my_package' for CMake config files
[2.417s] [34mcolcon.colcon_core.environment[0m [1;30mLevel 1[0m checking '/home/ivan/Webots_YOLOv8/install/my_package/lib'
[2.418s] [34mcolcon.colcon_core.environment[0m [1;30mLevel 1[0m checking '/home/ivan/Webots_YOLOv8/install/my_package/bin'
[2.418s] [34mcolcon.colcon_core.environment[0m [1;30mLevel 1[0m checking '/home/ivan/Webots_YOLOv8/install/my_package/lib/pkgconfig/my_package.pc'
[2.418s] [34mcolcon.colcon_core.environment[0m [1;30mLevel 1[0m checking '/home/ivan/Webots_YOLOv8/install/my_package/lib/python3.10/site-packages'
[2.418s] [34mcolcon.colcon_core.shell[0m [1;30mLevel 1[0m create_environment_hook('my_package', 'pythonpath')
[2.418s] [34mcolcon.colcon_core.shell[0m [1;30mINFO[0m Creating environment hook '/home/ivan/Webots_YOLOv8/install/my_package/share/my_package/hook/pythonpath.ps1'
[2.419s] [34mcolcon.colcon_core.shell[0m [1;30mINFO[0m Creating environment descriptor '/home/ivan/Webots_YOLOv8/install/my_package/share/my_package/hook/pythonpath.dsv'
[2.420s] [34mcolcon.colcon_core.shell[0m [1;30mINFO[0m Creating environment hook '/home/ivan/Webots_YOLOv8/install/my_package/share/my_package/hook/pythonpath.sh'
[2.421s] [34mcolcon.colcon_core.environment[0m [1;30mLevel 1[0m checking '/home/ivan/Webots_YOLOv8/install/my_package/bin'
[2.421s] [34mcolcon.colcon_core.environment[0m [1;30mLevel 1[0m create_environment_scripts_only(my_package)
[2.422s] [34mcolcon.colcon_core.shell[0m [1;30mINFO[0m Creating package script '/home/ivan/Webots_YOLOv8/install/my_package/share/my_package/package.ps1'
[2.423s] [34mcolcon.colcon_core.shell[0m [1;30mINFO[0m Creating package descriptor '/home/ivan/Webots_YOLOv8/install/my_package/share/my_package/package.dsv'
[2.424s] [34mcolcon.colcon_core.shell[0m [1;30mINFO[0m Creating package script '/home/ivan/Webots_YOLOv8/install/my_package/share/my_package/package.sh'
[2.425s] [34mcolcon.colcon_core.shell[0m [1;30mINFO[0m Creating package script '/home/ivan/Webots_YOLOv8/install/my_package/share/my_package/package.bash'
[2.425s] [34mcolcon.colcon_core.shell[0m [1;30mINFO[0m Creating package script '/home/ivan/Webots_YOLOv8/install/my_package/share/my_package/package.zsh'
[2.426s] [34mcolcon.colcon_core.environment[0m [1;30mLevel 1[0m create_file_with_runtime_dependencies(/home/ivan/Webots_YOLOv8/install/my_package/share/colcon-core/packages/my_package)
[2.508s] [34mcolcon.colcon_core.event_handler.log_command[0m [1;30mDEBUG[0m [32mInvoking command in '/home/ivan/Webots_YOLOv8/src/ipm/ipm_library': CMAKE_PREFIX_PATH=/home/ivan/Webots_YOLOv8/install/ipm_interfaces:/home/ivan/Webots_YOLOv8/install/soccer_interfaces:/home/ivan/Webots_YOLOv8/install/soccer_vision_3d_msgs:/home/ivan/Webots_YOLOv8/install/soccer_vision_2d_msgs:/home/ivan/Webots_YOLOv8/install/soccer_model_msgs:/home/ivan/Webots_YOLOv8/install/soccer_vision_attribute_msgs:/home/ivan/Webots_YOLOv8/install/soccer_geometry_msgs LD_LIBRARY_PATH=/home/ivan/Webots_YOLOv8/install/ipm_interfaces/lib:/home/ivan/Webots_YOLOv8/install/soccer_vision_3d_msgs/lib:/home/ivan/Webots_YOLOv8/install/soccer_vision_2d_msgs/lib:/home/ivan/Webots_YOLOv8/install/soccer_model_msgs/lib:/home/ivan/Webots_YOLOv8/install/soccer_vision_attribute_msgs/lib:/home/ivan/Webots_YOLOv8/install/soccer_geometry_msgs/lib:/opt/ros/humble/opt/rviz_ogre_vendor/lib:/opt/ros/humble/lib/x86_64-linux-gnu:/opt/ros/humble/lib PYTHONPATH=/home/ivan/Webots_YOLOv8/build/ipm_library/prefix_override:/usr/lib/python3/dist-packages/colcon_core/task/python/colcon_distutils_commands:/home/ivan/Webots_YOLOv8/install/ipm_library/lib/python3.10/site-packages:${PYTHONPATH} /usr/bin/python3 -W ignore:setup.py install is deprecated -W ignore:easy_install command is deprecated setup.py egg_info --egg-base ../../../build/ipm_library build --build-base /home/ivan/Webots_YOLOv8/build/ipm_library/build install --record /home/ivan/Webots_YOLOv8/build/ipm_library/install.log --single-version-externally-managed install_data[0m
[2.519s] [34mcolcon.colcon_core.event_handler.log_command[0m [1;30mDEBUG[0m [32mInvoked command in '/home/ivan/Webots_YOLOv8/build/soccer_vision_2d_msgs' returned '0': CMAKE_PREFIX_PATH=/home/ivan/Webots_YOLOv8/install/soccer_vision_attribute_msgs:/home/ivan/Webots_YOLOv8/install/soccer_interfaces:/home/ivan/Webots_YOLOv8/install/soccer_vision_3d_msgs:/home/ivan/Webots_YOLOv8/install/soccer_vision_2d_msgs:/home/ivan/Webots_YOLOv8/install/soccer_model_msgs:/home/ivan/Webots_YOLOv8/install/soccer_geometry_msgs:/home/ivan/Webots_YOLOv8/install/ipm_interfaces:/home/ivan/Webots_YOLOv8/install/Webots_YOLOv8:/home/ivan/Webots_YOLOv8/install/soccer_ipm:/home/ivan/Webots_YOLOv8/install/my_package:/home/ivan/Webots_YOLOv8/install/ipm_service:/home/ivan/Webots_YOLOv8/install/ipm_image_node:/home/ivan/Webots_YOLOv8/install/ipm_library:/opt/ros/humble LD_LIBRARY_PATH=/home/ivan/Webots_YOLOv8/install/soccer_vision_attribute_msgs/lib:/home/ivan/Webots_YOLOv8/install/soccer_vision_3d_msgs/lib:/home/ivan/Webots_YOLOv8/install/soccer_vision_2d_msgs/lib:/home/ivan/Webots_YOLOv8/install/soccer_model_msgs/lib:/home/ivan/Webots_YOLOv8/install/soccer_geometry_msgs/lib:/home/ivan/Webots_YOLOv8/install/ipm_interfaces/lib:/opt/ros/humble/opt/rviz_ogre_vendor/lib:/opt/ros/humble/lib/x86_64-linux-gnu:/opt/ros/humble/lib /usr/bin/cmake --build /home/ivan/Webots_YOLOv8/build/soccer_vision_2d_msgs -- -j12 -l12[0m
[2.523s] [34mcolcon.colcon_core.event_handler.log_command[0m [1;30mDEBUG[0m [32mInvoking command in '/home/ivan/Webots_YOLOv8/build/soccer_vision_2d_msgs': CMAKE_PREFIX_PATH=/home/ivan/Webots_YOLOv8/install/soccer_vision_attribute_msgs:/home/ivan/Webots_YOLOv8/install/soccer_interfaces:/home/ivan/Webots_YOLOv8/install/soccer_vision_3d_msgs:/home/ivan/Webots_YOLOv8/install/soccer_vision_2d_msgs:/home/ivan/Webots_YOLOv8/install/soccer_model_msgs:/home/ivan/Webots_YOLOv8/install/soccer_geometry_msgs:/home/ivan/Webots_YOLOv8/install/ipm_interfaces:/home/ivan/Webots_YOLOv8/install/Webots_YOLOv8:/home/ivan/Webots_YOLOv8/install/soccer_ipm:/home/ivan/Webots_YOLOv8/install/my_package:/home/ivan/Webots_YOLOv8/install/ipm_service:/home/ivan/Webots_YOLOv8/install/ipm_image_node:/home/ivan/Webots_YOLOv8/install/ipm_library:/opt/ros/humble LD_LIBRARY_PATH=/home/ivan/Webots_YOLOv8/install/soccer_vision_attribute_msgs/lib:/home/ivan/Webots_YOLOv8/install/soccer_vision_3d_msgs/lib:/home/ivan/Webots_YOLOv8/install/soccer_vision_2d_msgs/lib:/home/ivan/Webots_YOLOv8/install/soccer_model_msgs/lib:/home/ivan/Webots_YOLOv8/install/soccer_geometry_msgs/lib:/home/ivan/Webots_YOLOv8/install/ipm_interfaces/lib:/opt/ros/humble/opt/rviz_ogre_vendor/lib:/opt/ros/humble/lib/x86_64-linux-gnu:/opt/ros/humble/lib /usr/bin/cmake --install /home/ivan/Webots_YOLOv8/build/soccer_vision_2d_msgs[0m
[2.595s] [34mcolcon.colcon_core.event_handler.log_command[0m [1;30mDEBUG[0m [32mInvoked command in '/home/ivan/Webots_YOLOv8/build/soccer_model_msgs' returned '0': CMAKE_PREFIX_PATH=/home/ivan/Webots_YOLOv8/install/soccer_vision_attribute_msgs:/home/ivan/Webots_YOLOv8/install/soccer_geometry_msgs:/home/ivan/Webots_YOLOv8/install/soccer_interfaces:/home/ivan/Webots_YOLOv8/install/soccer_vision_3d_msgs:/home/ivan/Webots_YOLOv8/install/soccer_vision_2d_msgs:/home/ivan/Webots_YOLOv8/install/soccer_model_msgs:/home/ivan/Webots_YOLOv8/install/ipm_interfaces:/home/ivan/Webots_YOLOv8/install/Webots_YOLOv8:/home/ivan/Webots_YOLOv8/install/soccer_ipm:/home/ivan/Webots_YOLOv8/install/my_package:/home/ivan/Webots_YOLOv8/install/ipm_service:/home/ivan/Webots_YOLOv8/install/ipm_image_node:/home/ivan/Webots_YOLOv8/install/ipm_library:/opt/ros/humble LD_LIBRARY_PATH=/home/ivan/Webots_YOLOv8/install/soccer_vision_attribute_msgs/lib:/home/ivan/Webots_YOLOv8/install/soccer_geometry_msgs/lib:/home/ivan/Webots_YOLOv8/install/soccer_vision_3d_msgs/lib:/home/ivan/Webots_YOLOv8/install/soccer_vision_2d_msgs/lib:/home/ivan/Webots_YOLOv8/install/soccer_model_msgs/lib:/home/ivan/Webots_YOLOv8/install/ipm_interfaces/lib:/opt/ros/humble/opt/rviz_ogre_vendor/lib:/opt/ros/humble/lib/x86_64-linux-gnu:/opt/ros/humble/lib /usr/bin/cmake --build /home/ivan/Webots_YOLOv8/build/soccer_model_msgs -- -j12 -l12[0m
[2.598s] [34mcolcon.colcon_core.event_handler.log_command[0m [1;30mDEBUG[0m [32mInvoking command in '/home/ivan/Webots_YOLOv8/build/soccer_model_msgs': CMAKE_PREFIX_PATH=/home/ivan/Webots_YOLOv8/install/soccer_vision_attribute_msgs:/home/ivan/Webots_YOLOv8/install/soccer_geometry_msgs:/home/ivan/Webots_YOLOv8/install/soccer_interfaces:/home/ivan/Webots_YOLOv8/install/soccer_vision_3d_msgs:/home/ivan/Webots_YOLOv8/install/soccer_vision_2d_msgs:/home/ivan/Webots_YOLOv8/install/soccer_model_msgs:/home/ivan/Webots_YOLOv8/install/ipm_interfaces:/home/ivan/Webots_YOLOv8/install/Webots_YOLOv8:/home/ivan/Webots_YOLOv8/install/soccer_ipm:/home/ivan/Webots_YOLOv8/install/my_package:/home/ivan/Webots_YOLOv8/install/ipm_service:/home/ivan/Webots_YOLOv8/install/ipm_image_node:/home/ivan/Webots_YOLOv8/install/ipm_library:/opt/ros/humble LD_LIBRARY_PATH=/home/ivan/Webots_YOLOv8/install/soccer_vision_attribute_msgs/lib:/home/ivan/Webots_YOLOv8/install/soccer_geometry_msgs/lib:/home/ivan/Webots_YOLOv8/install/soccer_vision_3d_msgs/lib:/home/ivan/Webots_YOLOv8/install/soccer_vision_2d_msgs/lib:/home/ivan/Webots_YOLOv8/install/soccer_model_msgs/lib:/home/ivan/Webots_YOLOv8/install/ipm_interfaces/lib:/opt/ros/humble/opt/rviz_ogre_vendor/lib:/opt/ros/humble/lib/x86_64-linux-gnu:/opt/ros/humble/lib /usr/bin/cmake --install /home/ivan/Webots_YOLOv8/build/soccer_model_msgs[0m
[2.599s] [34mcolcon.colcon_core.event_handler.log_command[0m [1;30mDEBUG[0m [32mInvoked command in '/home/ivan/Webots_YOLOv8/build/soccer_vision_3d_msgs' returned '0': CMAKE_PREFIX_PATH=/home/ivan/Webots_YOLOv8/install/soccer_vision_attribute_msgs:/home/ivan/Webots_YOLOv8/install/soccer_interfaces:/home/ivan/Webots_YOLOv8/install/soccer_vision_3d_msgs:/home/ivan/Webots_YOLOv8/install/soccer_vision_2d_msgs:/home/ivan/Webots_YOLOv8/install/soccer_model_msgs:/home/ivan/Webots_YOLOv8/install/soccer_geometry_msgs:/home/ivan/Webots_YOLOv8/install/ipm_interfaces:/home/ivan/Webots_YOLOv8/install/Webots_YOLOv8:/home/ivan/Webots_YOLOv8/install/soccer_ipm:/home/ivan/Webots_YOLOv8/install/my_package:/home/ivan/Webots_YOLOv8/install/ipm_service:/home/ivan/Webots_YOLOv8/install/ipm_image_node:/home/ivan/Webots_YOLOv8/install/ipm_library:/opt/ros/humble LD_LIBRARY_PATH=/home/ivan/Webots_YOLOv8/install/soccer_vision_attribute_msgs/lib:/home/ivan/Webots_YOLOv8/install/soccer_vision_3d_msgs/lib:/home/ivan/Webots_YOLOv8/install/soccer_vision_2d_msgs/lib:/home/ivan/Webots_YOLOv8/install/soccer_model_msgs/lib:/home/ivan/Webots_YOLOv8/install/soccer_geometry_msgs/lib:/home/ivan/Webots_YOLOv8/install/ipm_interfaces/lib:/opt/ros/humble/opt/rviz_ogre_vendor/lib:/opt/ros/humble/lib/x86_64-linux-gnu:/opt/ros/humble/lib /usr/bin/cmake --build /home/ivan/Webots_YOLOv8/build/soccer_vision_3d_msgs -- -j12 -l12[0m
[2.601s] [34mcolcon.colcon_core.event_handler.log_command[0m [1;30mDEBUG[0m [32mInvoking command in '/home/ivan/Webots_YOLOv8/build/soccer_vision_3d_msgs': CMAKE_PREFIX_PATH=/home/ivan/Webots_YOLOv8/install/soccer_vision_attribute_msgs:/home/ivan/Webots_YOLOv8/install/soccer_interfaces:/home/ivan/Webots_YOLOv8/install/soccer_vision_3d_msgs:/home/ivan/Webots_YOLOv8/install/soccer_vision_2d_msgs:/home/ivan/Webots_YOLOv8/install/soccer_model_msgs:/home/ivan/Webots_YOLOv8/install/soccer_geometry_msgs:/home/ivan/Webots_YOLOv8/install/ipm_interfaces:/home/ivan/Webots_YOLOv8/install/Webots_YOLOv8:/home/ivan/Webots_YOLOv8/install/soccer_ipm:/home/ivan/Webots_YOLOv8/install/my_package:/home/ivan/Webots_YOLOv8/install/ipm_service:/home/ivan/Webots_YOLOv8/install/ipm_image_node:/home/ivan/Webots_YOLOv8/install/ipm_library:/opt/ros/humble LD_LIBRARY_PATH=/home/ivan/Webots_YOLOv8/install/soccer_vision_attribute_msgs/lib:/home/ivan/Webots_YOLOv8/install/soccer_vision_3d_msgs/lib:/home/ivan/Webots_YOLOv8/install/soccer_vision_2d_msgs/lib:/home/ivan/Webots_YOLOv8/install/soccer_model_msgs/lib:/home/ivan/Webots_YOLOv8/install/soccer_geometry_msgs/lib:/home/ivan/Webots_YOLOv8/install/ipm_interfaces/lib:/opt/ros/humble/opt/rviz_ogre_vendor/lib:/opt/ros/humble/lib/x86_64-linux-gnu:/opt/ros/humble/lib /usr/bin/cmake --install /home/ivan/Webots_YOLOv8/build/soccer_vision_3d_msgs[0m
[2.618s] [34mcolcon.colcon_core.environment[0m [1;30mLevel 1[0m create_environment_scripts_only(soccer_vision_2d_msgs)
[2.618s] [34mcolcon.colcon_core.environment[0m [1;30mLevel 1[0m checking '/home/ivan/Webots_YOLOv8/install/soccer_vision_2d_msgs' for CMake module files
[2.624s] [34mcolcon.colcon_core.environment[0m [1;30mLevel 1[0m checking '/home/ivan/Webots_YOLOv8/install/soccer_vision_2d_msgs' for CMake config files
[2.627s] [34mcolcon.colcon_core.event_handler.log_command[0m [1;30mDEBUG[0m [32mInvoked command in '/home/ivan/Webots_YOLOv8/build/soccer_vision_2d_msgs' returned '0': CMAKE_PREFIX_PATH=/home/ivan/Webots_YOLOv8/install/soccer_vision_attribute_msgs:/home/ivan/Webots_YOLOv8/install/soccer_interfaces:/home/ivan/Webots_YOLOv8/install/soccer_vision_3d_msgs:/home/ivan/Webots_YOLOv8/install/soccer_vision_2d_msgs:/home/ivan/Webots_YOLOv8/install/soccer_model_msgs:/home/ivan/Webots_YOLOv8/install/soccer_geometry_msgs:/home/ivan/Webots_YOLOv8/install/ipm_interfaces:/home/ivan/Webots_YOLOv8/install/Webots_YOLOv8:/home/ivan/Webots_YOLOv8/install/soccer_ipm:/home/ivan/Webots_YOLOv8/install/my_package:/home/ivan/Webots_YOLOv8/install/ipm_service:/home/ivan/Webots_YOLOv8/install/ipm_image_node:/home/ivan/Webots_YOLOv8/install/ipm_library:/opt/ros/humble LD_LIBRARY_PATH=/home/ivan/Webots_YOLOv8/install/soccer_vision_attribute_msgs/lib:/home/ivan/Webots_YOLOv8/install/soccer_vision_3d_msgs/lib:/home/ivan/Webots_YOLOv8/install/soccer_vision_2d_msgs/lib:/home/ivan/Webots_YOLOv8/install/soccer_model_msgs/lib:/home/ivan/Webots_YOLOv8/install/soccer_geometry_msgs/lib:/home/ivan/Webots_YOLOv8/install/ipm_interfaces/lib:/opt/ros/humble/opt/rviz_ogre_vendor/lib:/opt/ros/humble/lib/x86_64-linux-gnu:/opt/ros/humble/lib /usr/bin/cmake --install /home/ivan/Webots_YOLOv8/build/soccer_vision_2d_msgs[0m
[2.651s] [34mcolcon.colcon_core.shell[0m [1;30mLevel 1[0m create_environment_hook('soccer_vision_2d_msgs', 'cmake_prefix_path')
[2.651s] [34mcolcon.colcon_core.shell[0m [1;30mINFO[0m Creating environment hook '/home/ivan/Webots_YOLOv8/install/soccer_vision_2d_msgs/share/soccer_vision_2d_msgs/hook/cmake_prefix_path.ps1'
[2.653s] [34mcolcon.colcon_core.shell[0m [1;30mINFO[0m Creating environment descriptor '/home/ivan/Webots_YOLOv8/install/soccer_vision_2d_msgs/share/soccer_vision_2d_msgs/hook/cmake_prefix_path.dsv'
[2.658s] [34mcolcon.colcon_core.shell[0m [1;30mINFO[0m Creating environment hook '/home/ivan/Webots_YOLOv8/install/soccer_vision_2d_msgs/share/soccer_vision_2d_msgs/hook/cmake_prefix_path.sh'
[2.660s] [34mcolcon.colcon_core.environment[0m [1;30mLevel 1[0m checking '/home/ivan/Webots_YOLOv8/install/soccer_vision_2d_msgs/lib'
[2.660s] [34mcolcon.colcon_core.shell[0m [1;30mLevel 1[0m create_environment_hook('soccer_vision_2d_msgs', 'ld_library_path_lib')
[2.660s] [34mcolcon.colcon_core.shell[0m [1;30mINFO[0m Creating environment hook '/home/ivan/Webots_YOLOv8/install/soccer_vision_2d_msgs/share/soccer_vision_2d_msgs/hook/ld_library_path_lib.ps1'
[2.660s] [34mcolcon.colcon_core.shell[0m [1;30mINFO[0m Creating environment descriptor '/home/ivan/Webots_YOLOv8/install/soccer_vision_2d_msgs/share/soccer_vision_2d_msgs/hook/ld_library_path_lib.dsv'
[2.661s] [34mcolcon.colcon_core.shell[0m [1;30mINFO[0m Creating environment hook '/home/ivan/Webots_YOLOv8/install/soccer_vision_2d_msgs/share/soccer_vision_2d_msgs/hook/ld_library_path_lib.sh'
[2.661s] [34mcolcon.colcon_core.environment[0m [1;30mLevel 1[0m checking '/home/ivan/Webots_YOLOv8/install/soccer_vision_2d_msgs/bin'
[2.661s] [34mcolcon.colcon_core.environment[0m [1;30mLevel 1[0m checking '/home/ivan/Webots_YOLOv8/install/soccer_vision_2d_msgs/lib/pkgconfig/soccer_vision_2d_msgs.pc'
[2.661s] [34mcolcon.colcon_core.environment[0m [1;30mLevel 1[0m checking '/home/ivan/Webots_YOLOv8/install/soccer_vision_2d_msgs/lib/python3.10/site-packages'
[2.662s] [34mcolcon.colcon_core.environment[0m [1;30mLevel 1[0m checking '/home/ivan/Webots_YOLOv8/install/soccer_vision_2d_msgs/bin'
[2.662s] [34mcolcon.colcon_core.shell[0m [1;30mINFO[0m Creating package script '/home/ivan/Webots_YOLOv8/install/soccer_vision_2d_msgs/share/soccer_vision_2d_msgs/package.ps1'
[2.663s] [34mcolcon.colcon_core.shell[0m [1;30mINFO[0m Creating package descriptor '/home/ivan/Webots_YOLOv8/install/soccer_vision_2d_msgs/share/soccer_vision_2d_msgs/package.dsv'
[2.663s] [34mcolcon.colcon_core.shell[0m [1;30mINFO[0m Creating package script '/home/ivan/Webots_YOLOv8/install/soccer_vision_2d_msgs/share/soccer_vision_2d_msgs/package.sh'
[2.663s] [34mcolcon.colcon_core.shell[0m [1;30mINFO[0m Creating package script '/home/ivan/Webots_YOLOv8/install/soccer_vision_2d_msgs/share/soccer_vision_2d_msgs/package.bash'
[2.664s] [34mcolcon.colcon_core.shell[0m [1;30mINFO[0m Creating package script '/home/ivan/Webots_YOLOv8/install/soccer_vision_2d_msgs/share/soccer_vision_2d_msgs/package.zsh'
[2.665s] [34mcolcon.colcon_core.environment[0m [1;30mLevel 1[0m create_file_with_runtime_dependencies(/home/ivan/Webots_YOLOv8/install/soccer_vision_2d_msgs/share/colcon-core/packages/soccer_vision_2d_msgs)
[2.666s] [34mcolcon.colcon_core.environment[0m [1;30mLevel 1[0m create_environment_scripts_only(soccer_vision_2d_msgs)
[2.666s] [34mcolcon.colcon_core.environment[0m [1;30mLevel 1[0m checking '/home/ivan/Webots_YOLOv8/install/soccer_vision_2d_msgs' for CMake module files
[2.667s] [34mcolcon.colcon_core.environment[0m [1;30mLevel 1[0m checking '/home/ivan/Webots_YOLOv8/install/soccer_vision_2d_msgs' for CMake config files
[2.668s] [34mcolcon.colcon_core.shell[0m [1;30mLevel 1[0m create_environment_hook('soccer_vision_2d_msgs', 'cmake_prefix_path')
[2.668s] [34mcolcon.colcon_core.shell[0m [1;30mINFO[0m Creating environment hook '/home/ivan/Webots_YOLOv8/install/soccer_vision_2d_msgs/share/soccer_vision_2d_msgs/hook/cmake_prefix_path.ps1'
[2.668s] [34mcolcon.colcon_core.shell[0m [1;30mINFO[0m Creating environment descriptor '/home/ivan/Webots_YOLOv8/install/soccer_vision_2d_msgs/share/soccer_vision_2d_msgs/hook/cmake_prefix_path.dsv'
[2.669s] [34mcolcon.colcon_core.shell[0m [1;30mINFO[0m Creating environment hook '/home/ivan/Webots_YOLOv8/install/soccer_vision_2d_msgs/share/soccer_vision_2d_msgs/hook/cmake_prefix_path.sh'
[2.670s] [34mcolcon.colcon_core.environment[0m [1;30mLevel 1[0m checking '/home/ivan/Webots_YOLOv8/install/soccer_vision_2d_msgs/lib'
[2.670s] [34mcolcon.colcon_core.shell[0m [1;30mLevel 1[0m create_environment_hook('soccer_vision_2d_msgs', 'ld_library_path_lib')
[2.670s] [34mcolcon.colcon_core.shell[0m [1;30mINFO[0m Creating environment hook '/home/ivan/Webots_YOLOv8/install/soccer_vision_2d_msgs/share/soccer_vision_2d_msgs/hook/ld_library_path_lib.ps1'
[2.671s] [34mcolcon.colcon_core.shell[0m [1;30mINFO[0m Creating environment descriptor '/home/ivan/Webots_YOLOv8/install/soccer_vision_2d_msgs/share/soccer_vision_2d_msgs/hook/ld_library_path_lib.dsv'
[2.671s] [34mcolcon.colcon_core.shell[0m [1;30mINFO[0m Creating environment hook '/home/ivan/Webots_YOLOv8/install/soccer_vision_2d_msgs/share/soccer_vision_2d_msgs/hook/ld_library_path_lib.sh'
[2.672s] [34mcolcon.colcon_core.environment[0m [1;30mLevel 1[0m checking '/home/ivan/Webots_YOLOv8/install/soccer_vision_2d_msgs/bin'
[2.672s] [34mcolcon.colcon_core.environment[0m [1;30mLevel 1[0m checking '/home/ivan/Webots_YOLOv8/install/soccer_vision_2d_msgs/lib/pkgconfig/soccer_vision_2d_msgs.pc'
[2.672s] [34mcolcon.colcon_core.environment[0m [1;30mLevel 1[0m checking '/home/ivan/Webots_YOLOv8/install/soccer_vision_2d_msgs/lib/python3.10/site-packages'
[2.673s] [34mcolcon.colcon_core.environment[0m [1;30mLevel 1[0m checking '/home/ivan/Webots_YOLOv8/install/soccer_vision_2d_msgs/bin'
[2.673s] [34mcolcon.colcon_core.shell[0m [1;30mINFO[0m Creating package script '/home/ivan/Webots_YOLOv8/install/soccer_vision_2d_msgs/share/soccer_vision_2d_msgs/package.ps1'
[2.674s] [34mcolcon.colcon_core.shell[0m [1;30mINFO[0m Creating package descriptor '/home/ivan/Webots_YOLOv8/install/soccer_vision_2d_msgs/share/soccer_vision_2d_msgs/package.dsv'
[2.674s] [34mcolcon.colcon_core.shell[0m [1;30mINFO[0m Creating package script '/home/ivan/Webots_YOLOv8/install/soccer_vision_2d_msgs/share/soccer_vision_2d_msgs/package.sh'
[2.674s] [34mcolcon.colcon_core.shell[0m [1;30mINFO[0m Creating package script '/home/ivan/Webots_YOLOv8/install/soccer_vision_2d_msgs/share/soccer_vision_2d_msgs/package.bash'
[2.675s] [34mcolcon.colcon_core.shell[0m [1;30mINFO[0m Creating package script '/home/ivan/Webots_YOLOv8/install/soccer_vision_2d_msgs/share/soccer_vision_2d_msgs/package.zsh'
[2.675s] [34mcolcon.colcon_core.environment[0m [1;30mLevel 1[0m create_file_with_runtime_dependencies(/home/ivan/Webots_YOLOv8/install/soccer_vision_2d_msgs/share/colcon-core/packages/soccer_vision_2d_msgs)
[2.701s] [34mcolcon.colcon_core.environment[0m [1;30mLevel 1[0m create_environment_scripts_only(soccer_vision_3d_msgs)
[2.701s] [34mcolcon.colcon_core.environment[0m [1;30mLevel 1[0m checking '/home/ivan/Webots_YOLOv8/install/soccer_vision_3d_msgs' for CMake module files
[2.702s] [34mcolcon.colcon_core.event_handler.log_command[0m [1;30mDEBUG[0m [32mInvoked command in '/home/ivan/Webots_YOLOv8/build/soccer_vision_3d_msgs' returned '0': CMAKE_PREFIX_PATH=/home/ivan/Webots_YOLOv8/install/soccer_vision_attribute_msgs:/home/ivan/Webots_YOLOv8/install/soccer_interfaces:/home/ivan/Webots_YOLOv8/install/soccer_vision_3d_msgs:/home/ivan/Webots_YOLOv8/install/soccer_vision_2d_msgs:/home/ivan/Webots_YOLOv8/install/soccer_model_msgs:/home/ivan/Webots_YOLOv8/install/soccer_geometry_msgs:/home/ivan/Webots_YOLOv8/install/ipm_interfaces:/home/ivan/Webots_YOLOv8/install/Webots_YOLOv8:/home/ivan/Webots_YOLOv8/install/soccer_ipm:/home/ivan/Webots_YOLOv8/install/my_package:/home/ivan/Webots_YOLOv8/install/ipm_service:/home/ivan/Webots_YOLOv8/install/ipm_image_node:/home/ivan/Webots_YOLOv8/install/ipm_library:/opt/ros/humble LD_LIBRARY_PATH=/home/ivan/Webots_YOLOv8/install/soccer_vision_attribute_msgs/lib:/home/ivan/Webots_YOLOv8/install/soccer_vision_3d_msgs/lib:/home/ivan/Webots_YOLOv8/install/soccer_vision_2d_msgs/lib:/home/ivan/Webots_YOLOv8/install/soccer_model_msgs/lib:/home/ivan/Webots_YOLOv8/install/soccer_geometry_msgs/lib:/home/ivan/Webots_YOLOv8/install/ipm_interfaces/lib:/opt/ros/humble/opt/rviz_ogre_vendor/lib:/opt/ros/humble/lib/x86_64-linux-gnu:/opt/ros/humble/lib /usr/bin/cmake --install /home/ivan/Webots_YOLOv8/build/soccer_vision_3d_msgs[0m
[2.702s] [34mcolcon.colcon_core.environment[0m [1;30mLevel 1[0m checking '/home/ivan/Webots_YOLOv8/install/soccer_vision_3d_msgs' for CMake config files
[2.704s] [34mcolcon.colcon_core.shell[0m [1;30mLevel 1[0m create_environment_hook('soccer_vision_3d_msgs', 'cmake_prefix_path')
[2.704s] [34mcolcon.colcon_core.shell[0m [1;30mINFO[0m Creating environment hook '/home/ivan/Webots_YOLOv8/install/soccer_vision_3d_msgs/share/soccer_vision_3d_msgs/hook/cmake_prefix_path.ps1'
[2.705s] [34mcolcon.colcon_core.shell[0m [1;30mINFO[0m Creating environment descriptor '/home/ivan/Webots_YOLOv8/install/soccer_vision_3d_msgs/share/soccer_vision_3d_msgs/hook/cmake_prefix_path.dsv'
[2.705s] [34mcolcon.colcon_core.shell[0m [1;30mINFO[0m Creating environment hook '/home/ivan/Webots_YOLOv8/install/soccer_vision_3d_msgs/share/soccer_vision_3d_msgs/hook/cmake_prefix_path.sh'
[2.706s] [34mcolcon.colcon_core.environment[0m [1;30mLevel 1[0m checking '/home/ivan/Webots_YOLOv8/install/soccer_vision_3d_msgs/lib'
[2.706s] [34mcolcon.colcon_core.shell[0m [1;30mLevel 1[0m create_environment_hook('soccer_vision_3d_msgs', 'ld_library_path_lib')
[2.706s] [34mcolcon.colcon_core.shell[0m [1;30mINFO[0m Creating environment hook '/home/ivan/Webots_YOLOv8/install/soccer_vision_3d_msgs/share/soccer_vision_3d_msgs/hook/ld_library_path_lib.ps1'
[2.707s] [34mcolcon.colcon_core.shell[0m [1;30mINFO[0m Creating environment descriptor '/home/ivan/Webots_YOLOv8/install/soccer_vision_3d_msgs/share/soccer_vision_3d_msgs/hook/ld_library_path_lib.dsv'
[2.707s] [34mcolcon.colcon_core.shell[0m [1;30mINFO[0m Creating environment hook '/home/ivan/Webots_YOLOv8/install/soccer_vision_3d_msgs/share/soccer_vision_3d_msgs/hook/ld_library_path_lib.sh'
[2.707s] [34mcolcon.colcon_core.environment[0m [1;30mLevel 1[0m checking '/home/ivan/Webots_YOLOv8/install/soccer_vision_3d_msgs/bin'
[2.707s] [34mcolcon.colcon_core.environment[0m [1;30mLevel 1[0m checking '/home/ivan/Webots_YOLOv8/install/soccer_vision_3d_msgs/lib/pkgconfig/soccer_vision_3d_msgs.pc'
[2.707s] [34mcolcon.colcon_core.environment[0m [1;30mLevel 1[0m checking '/home/ivan/Webots_YOLOv8/install/soccer_vision_3d_msgs/lib/python3.10/site-packages'
[2.708s] [34mcolcon.colcon_core.environment[0m [1;30mLevel 1[0m checking '/home/ivan/Webots_YOLOv8/install/soccer_vision_3d_msgs/bin'
[2.708s] [34mcolcon.colcon_core.shell[0m [1;30mINFO[0m Creating package script '/home/ivan/Webots_YOLOv8/install/soccer_vision_3d_msgs/share/soccer_vision_3d_msgs/package.ps1'
[2.708s] [34mcolcon.colcon_core.shell[0m [1;30mINFO[0m Creating package descriptor '/home/ivan/Webots_YOLOv8/install/soccer_vision_3d_msgs/share/soccer_vision_3d_msgs/package.dsv'
[2.709s] [34mcolcon.colcon_core.shell[0m [1;30mINFO[0m Creating package script '/home/ivan/Webots_YOLOv8/install/soccer_vision_3d_msgs/share/soccer_vision_3d_msgs/package.sh'
[2.709s] [34mcolcon.colcon_core.shell[0m [1;30mINFO[0m Creating package script '/home/ivan/Webots_YOLOv8/install/soccer_vision_3d_msgs/share/soccer_vision_3d_msgs/package.bash'
[2.709s] [34mcolcon.colcon_core.shell[0m [1;30mINFO[0m Creating package script '/home/ivan/Webots_YOLOv8/install/soccer_vision_3d_msgs/share/soccer_vision_3d_msgs/package.zsh'
[2.710s] [34mcolcon.colcon_core.environment[0m [1;30mLevel 1[0m create_file_with_runtime_dependencies(/home/ivan/Webots_YOLOv8/install/soccer_vision_3d_msgs/share/colcon-core/packages/soccer_vision_3d_msgs)
[2.710s] [34mcolcon.colcon_core.environment[0m [1;30mLevel 1[0m create_environment_scripts_only(soccer_vision_3d_msgs)
[2.711s] [34mcolcon.colcon_core.environment[0m [1;30mLevel 1[0m checking '/home/ivan/Webots_YOLOv8/install/soccer_vision_3d_msgs' for CMake module files
[2.711s] [34mcolcon.colcon_core.environment[0m [1;30mLevel 1[0m checking '/home/ivan/Webots_YOLOv8/install/soccer_vision_3d_msgs' for CMake config files
[2.712s] [34mcolcon.colcon_core.shell[0m [1;30mLevel 1[0m create_environment_hook('soccer_vision_3d_msgs', 'cmake_prefix_path')
[2.712s] [34mcolcon.colcon_core.shell[0m [1;30mINFO[0m Creating environment hook '/home/ivan/Webots_YOLOv8/install/soccer_vision_3d_msgs/share/soccer_vision_3d_msgs/hook/cmake_prefix_path.ps1'
[2.712s] [34mcolcon.colcon_core.shell[0m [1;30mINFO[0m Creating environment descriptor '/home/ivan/Webots_YOLOv8/install/soccer_vision_3d_msgs/share/soccer_vision_3d_msgs/hook/cmake_prefix_path.dsv'
[2.713s] [34mcolcon.colcon_core.shell[0m [1;30mINFO[0m Creating environment hook '/home/ivan/Webots_YOLOv8/install/soccer_vision_3d_msgs/share/soccer_vision_3d_msgs/hook/cmake_prefix_path.sh'
[2.713s] [34mcolcon.colcon_core.environment[0m [1;30mLevel 1[0m checking '/home/ivan/Webots_YOLOv8/install/soccer_vision_3d_msgs/lib'
[2.713s] [34mcolcon.colcon_core.shell[0m [1;30mLevel 1[0m create_environment_hook('soccer_vision_3d_msgs', 'ld_library_path_lib')
[2.714s] [34mcolcon.colcon_core.shell[0m [1;30mINFO[0m Creating environment hook '/home/ivan/Webots_YOLOv8/install/soccer_vision_3d_msgs/share/soccer_vision_3d_msgs/hook/ld_library_path_lib.ps1'
[2.714s] [34mcolcon.colcon_core.shell[0m [1;30mINFO[0m Creating environment descriptor '/home/ivan/Webots_YOLOv8/install/soccer_vision_3d_msgs/share/soccer_vision_3d_msgs/hook/ld_library_path_lib.dsv'
[2.714s] [34mcolcon.colcon_core.shell[0m [1;30mINFO[0m Creating environment hook '/home/ivan/Webots_YOLOv8/install/soccer_vision_3d_msgs/share/soccer_vision_3d_msgs/hook/ld_library_path_lib.sh'
[2.715s] [34mcolcon.colcon_core.environment[0m [1;30mLevel 1[0m checking '/home/ivan/Webots_YOLOv8/install/soccer_vision_3d_msgs/bin'
[2.715s] [34mcolcon.colcon_core.environment[0m [1;30mLevel 1[0m checking '/home/ivan/Webots_YOLOv8/install/soccer_vision_3d_msgs/lib/pkgconfig/soccer_vision_3d_msgs.pc'
[2.715s] [34mcolcon.colcon_core.environment[0m [1;30mLevel 1[0m checking '/home/ivan/Webots_YOLOv8/install/soccer_vision_3d_msgs/lib/python3.10/site-packages'
[2.715s] [34mcolcon.colcon_core.environment[0m [1;30mLevel 1[0m checking '/home/ivan/Webots_YOLOv8/install/soccer_vision_3d_msgs/bin'
[2.715s] [34mcolcon.colcon_core.shell[0m [1;30mINFO[0m Creating package script '/home/ivan/Webots_YOLOv8/install/soccer_vision_3d_msgs/share/soccer_vision_3d_msgs/package.ps1'
[2.716s] [34mcolcon.colcon_core.shell[0m [1;30mINFO[0m Creating package descriptor '/home/ivan/Webots_YOLOv8/install/soccer_vision_3d_msgs/share/soccer_vision_3d_msgs/package.dsv'
[2.717s] [34mcolcon.colcon_core.shell[0m [1;30mINFO[0m Creating package script '/home/ivan/Webots_YOLOv8/install/soccer_vision_3d_msgs/share/soccer_vision_3d_msgs/package.sh'
[2.717s] [34mcolcon.colcon_core.shell[0m [1;30mINFO[0m Creating package script '/home/ivan/Webots_YOLOv8/install/soccer_vision_3d_msgs/share/soccer_vision_3d_msgs/package.bash'
[2.717s] [34mcolcon.colcon_core.shell[0m [1;30mINFO[0m Creating package script '/home/ivan/Webots_YOLOv8/install/soccer_vision_3d_msgs/share/soccer_vision_3d_msgs/package.zsh'
[2.718s] [34mcolcon.colcon_core.environment[0m [1;30mLevel 1[0m create_file_with_runtime_dependencies(/home/ivan/Webots_YOLOv8/install/soccer_vision_3d_msgs/share/colcon-core/packages/soccer_vision_3d_msgs)
[2.718s] [34mcolcon.colcon_ros.task.ament_cmake.build[0m [1;30mINFO[0m Building ROS package in '/home/ivan/Webots_YOLOv8/src/soccer_interfaces/soccer_interfaces' with build type 'ament_cmake'
[2.718s] [34mcolcon.colcon_cmake.task.cmake.build[0m [1;30mINFO[0m Building CMake package in '/home/ivan/Webots_YOLOv8/src/soccer_interfaces/soccer_interfaces'
[2.719s] [34mcolcon.colcon_core.shell[0m [1;30mINFO[0m Skip shell extension 'powershell' for command environment: Not usable outside of PowerShell
[2.719s] [34mcolcon.colcon_core.shell[0m [1;30mDEBUG[0m [32mSkip shell extension 'dsv' for command environment[0m
[2.724s] [34mcolcon.colcon_core.environment[0m [1;30mLevel 1[0m create_environment_scripts_only(soccer_model_msgs)
[2.725s] [34mcolcon.colcon_core.environment[0m [1;30mLevel 1[0m checking '/home/ivan/Webots_YOLOv8/install/soccer_model_msgs' for CMake module files
[2.725s] [34mcolcon.colcon_core.event_handler.log_command[0m [1;30mDEBUG[0m [32mInvoked command in '/home/ivan/Webots_YOLOv8/build/soccer_model_msgs' returned '0': CMAKE_PREFIX_PATH=/home/ivan/Webots_YOLOv8/install/soccer_vision_attribute_msgs:/home/ivan/Webots_YOLOv8/install/soccer_geometry_msgs:/home/ivan/Webots_YOLOv8/install/soccer_interfaces:/home/ivan/Webots_YOLOv8/install/soccer_vision_3d_msgs:/home/ivan/Webots_YOLOv8/install/soccer_vision_2d_msgs:/home/ivan/Webots_YOLOv8/install/soccer_model_msgs:/home/ivan/Webots_YOLOv8/install/ipm_interfaces:/home/ivan/Webots_YOLOv8/install/Webots_YOLOv8:/home/ivan/Webots_YOLOv8/install/soccer_ipm:/home/ivan/Webots_YOLOv8/install/my_package:/home/ivan/Webots_YOLOv8/install/ipm_service:/home/ivan/Webots_YOLOv8/install/ipm_image_node:/home/ivan/Webots_YOLOv8/install/ipm_library:/opt/ros/humble LD_LIBRARY_PATH=/home/ivan/Webots_YOLOv8/install/soccer_vision_attribute_msgs/lib:/home/ivan/Webots_YOLOv8/install/soccer_geometry_msgs/lib:/home/ivan/Webots_YOLOv8/install/soccer_vision_3d_msgs/lib:/home/ivan/Webots_YOLOv8/install/soccer_vision_2d_msgs/lib:/home/ivan/Webots_YOLOv8/install/soccer_model_msgs/lib:/home/ivan/Webots_YOLOv8/install/ipm_interfaces/lib:/opt/ros/humble/opt/rviz_ogre_vendor/lib:/opt/ros/humble/lib/x86_64-linux-gnu:/opt/ros/humble/lib /usr/bin/cmake --install /home/ivan/Webots_YOLOv8/build/soccer_model_msgs[0m
[2.726s] [34mcolcon.colcon_core.environment[0m [1;30mLevel 1[0m checking '/home/ivan/Webots_YOLOv8/install/soccer_model_msgs' for CMake config files
[2.727s] [34mcolcon.colcon_core.shell[0m [1;30mLevel 1[0m create_environment_hook('soccer_model_msgs', 'cmake_prefix_path')
[2.727s] [34mcolcon.colcon_core.shell[0m [1;30mINFO[0m Creating environment hook '/home/ivan/Webots_YOLOv8/install/soccer_model_msgs/share/soccer_model_msgs/hook/cmake_prefix_path.ps1'
[2.728s] [34mcolcon.colcon_core.shell[0m [1;30mINFO[0m Creating environment descriptor '/home/ivan/Webots_YOLOv8/install/soccer_model_msgs/share/soccer_model_msgs/hook/cmake_prefix_path.dsv'
[2.728s] [34mcolcon.colcon_core.shell[0m [1;30mINFO[0m Creating environment hook '/home/ivan/Webots_YOLOv8/install/soccer_model_msgs/share/soccer_model_msgs/hook/cmake_prefix_path.sh'
[2.729s] [34mcolcon.colcon_core.environment[0m [1;30mLevel 1[0m checking '/home/ivan/Webots_YOLOv8/install/soccer_model_msgs/lib'
[2.729s] [34mcolcon.colcon_core.shell[0m [1;30mLevel 1[0m create_environment_hook('soccer_model_msgs', 'ld_library_path_lib')
[2.729s] [34mcolcon.colcon_core.shell[0m [1;30mINFO[0m Creating environment hook '/home/ivan/Webots_YOLOv8/install/soccer_model_msgs/share/soccer_model_msgs/hook/ld_library_path_lib.ps1'
[2.730s] [34mcolcon.colcon_core.shell[0m [1;30mINFO[0m Creating environment descriptor '/home/ivan/Webots_YOLOv8/install/soccer_model_msgs/share/soccer_model_msgs/hook/ld_library_path_lib.dsv'
[2.730s] [34mcolcon.colcon_core.shell[0m [1;30mINFO[0m Creating environment hook '/home/ivan/Webots_YOLOv8/install/soccer_model_msgs/share/soccer_model_msgs/hook/ld_library_path_lib.sh'
[2.730s] [34mcolcon.colcon_core.environment[0m [1;30mLevel 1[0m checking '/home/ivan/Webots_YOLOv8/install/soccer_model_msgs/bin'
[2.730s] [34mcolcon.colcon_core.environment[0m [1;30mLevel 1[0m checking '/home/ivan/Webots_YOLOv8/install/soccer_model_msgs/lib/pkgconfig/soccer_model_msgs.pc'
[2.731s] [34mcolcon.colcon_core.environment[0m [1;30mLevel 1[0m checking '/home/ivan/Webots_YOLOv8/install/soccer_model_msgs/lib/python3.10/site-packages'
[2.731s] [34mcolcon.colcon_core.environment[0m [1;30mLevel 1[0m checking '/home/ivan/Webots_YOLOv8/install/soccer_model_msgs/bin'
[2.731s] [34mcolcon.colcon_core.shell[0m [1;30mINFO[0m Creating package script '/home/ivan/Webots_YOLOv8/install/soccer_model_msgs/share/soccer_model_msgs/package.ps1'
[2.732s] [34mcolcon.colcon_core.shell[0m [1;30mINFO[0m Creating package descriptor '/home/ivan/Webots_YOLOv8/install/soccer_model_msgs/share/soccer_model_msgs/package.dsv'
[2.732s] [34mcolcon.colcon_core.shell[0m [1;30mINFO[0m Creating package script '/home/ivan/Webots_YOLOv8/install/soccer_model_msgs/share/soccer_model_msgs/package.sh'
[2.732s] [34mcolcon.colcon_core.shell[0m [1;30mINFO[0m Creating package script '/home/ivan/Webots_YOLOv8/install/soccer_model_msgs/share/soccer_model_msgs/package.bash'
[2.733s] [34mcolcon.colcon_core.shell[0m [1;30mINFO[0m Creating package script '/home/ivan/Webots_YOLOv8/install/soccer_model_msgs/share/soccer_model_msgs/package.zsh'
[2.733s] [34mcolcon.colcon_core.environment[0m [1;30mLevel 1[0m create_file_with_runtime_dependencies(/home/ivan/Webots_YOLOv8/install/soccer_model_msgs/share/colcon-core/packages/soccer_model_msgs)
[2.733s] [34mcolcon.colcon_core.environment[0m [1;30mLevel 1[0m create_environment_scripts_only(soccer_model_msgs)
[2.734s] [34mcolcon.colcon_core.environment[0m [1;30mLevel 1[0m checking '/home/ivan/Webots_YOLOv8/install/soccer_model_msgs' for CMake module files
[2.734s] [34mcolcon.colcon_core.environment[0m [1;30mLevel 1[0m checking '/home/ivan/Webots_YOLOv8/install/soccer_model_msgs' for CMake config files
[2.735s] [34mcolcon.colcon_core.shell[0m [1;30mLevel 1[0m create_environment_hook('soccer_model_msgs', 'cmake_prefix_path')
[2.735s] [34mcolcon.colcon_core.shell[0m [1;30mINFO[0m Creating environment hook '/home/ivan/Webots_YOLOv8/install/soccer_model_msgs/share/soccer_model_msgs/hook/cmake_prefix_path.ps1'
[2.735s] [34mcolcon.colcon_core.shell[0m [1;30mINFO[0m Creating environment descriptor '/home/ivan/Webots_YOLOv8/install/soccer_model_msgs/share/soccer_model_msgs/hook/cmake_prefix_path.dsv'
[2.736s] [34mcolcon.colcon_core.shell[0m [1;30mINFO[0m Creating environment hook '/home/ivan/Webots_YOLOv8/install/soccer_model_msgs/share/soccer_model_msgs/hook/cmake_prefix_path.sh'
[2.736s] [34mcolcon.colcon_core.environment[0m [1;30mLevel 1[0m checking '/home/ivan/Webots_YOLOv8/install/soccer_model_msgs/lib'
[2.736s] [34mcolcon.colcon_core.shell[0m [1;30mLevel 1[0m create_environment_hook('soccer_model_msgs', 'ld_library_path_lib')
[2.736s] [34mcolcon.colcon_core.shell[0m [1;30mINFO[0m Creating environment hook '/home/ivan/Webots_YOLOv8/install/soccer_model_msgs/share/soccer_model_msgs/hook/ld_library_path_lib.ps1'
[2.737s] [34mcolcon.colcon_core.shell[0m [1;30mINFO[0m Creating environment descriptor '/home/ivan/Webots_YOLOv8/install/soccer_model_msgs/share/soccer_model_msgs/hook/ld_library_path_lib.dsv'
[2.737s] [34mcolcon.colcon_core.shell[0m [1;30mINFO[0m Creating environment hook '/home/ivan/Webots_YOLOv8/install/soccer_model_msgs/share/soccer_model_msgs/hook/ld_library_path_lib.sh'
[2.738s] [34mcolcon.colcon_core.environment[0m [1;30mLevel 1[0m checking '/home/ivan/Webots_YOLOv8/install/soccer_model_msgs/bin'
[2.738s] [34mcolcon.colcon_core.environment[0m [1;30mLevel 1[0m checking '/home/ivan/Webots_YOLOv8/install/soccer_model_msgs/lib/pkgconfig/soccer_model_msgs.pc'
[2.738s] [34mcolcon.colcon_core.environment[0m [1;30mLevel 1[0m checking '/home/ivan/Webots_YOLOv8/install/soccer_model_msgs/lib/python3.10/site-packages'
[2.738s] [34mcolcon.colcon_core.environment[0m [1;30mLevel 1[0m checking '/home/ivan/Webots_YOLOv8/install/soccer_model_msgs/bin'
[2.739s] [34mcolcon.colcon_core.shell[0m [1;30mINFO[0m Creating package script '/home/ivan/Webots_YOLOv8/install/soccer_model_msgs/share/soccer_model_msgs/package.ps1'
[2.739s] [34mcolcon.colcon_core.shell[0m [1;30mINFO[0m Creating package descriptor '/home/ivan/Webots_YOLOv8/install/soccer_model_msgs/share/soccer_model_msgs/package.dsv'
[2.740s] [34mcolcon.colcon_core.shell[0m [1;30mINFO[0m Creating package script '/home/ivan/Webots_YOLOv8/install/soccer_model_msgs/share/soccer_model_msgs/package.sh'
[2.740s] [34mcolcon.colcon_core.shell[0m [1;30mINFO[0m Creating package script '/home/ivan/Webots_YOLOv8/install/soccer_model_msgs/share/soccer_model_msgs/package.bash'
[2.740s] [34mcolcon.colcon_core.shell[0m [1;30mINFO[0m Creating package script '/home/ivan/Webots_YOLOv8/install/soccer_model_msgs/share/soccer_model_msgs/package.zsh'
[2.741s] [34mcolcon.colcon_core.environment[0m [1;30mLevel 1[0m create_file_with_runtime_dependencies(/home/ivan/Webots_YOLOv8/install/soccer_model_msgs/share/colcon-core/packages/soccer_model_msgs)
[2.745s] [34mcolcon.colcon_core.event_handler.log_command[0m [1;30mDEBUG[0m [32mInvoking command in '/home/ivan/Webots_YOLOv8/build/soccer_interfaces': CMAKE_PREFIX_PATH=/home/ivan/Webots_YOLOv8/install/soccer_vision_3d_msgs:/home/ivan/Webots_YOLOv8/install/soccer_vision_2d_msgs:/home/ivan/Webots_YOLOv8/install/soccer_vision_attribute_msgs:/home/ivan/Webots_YOLOv8/install/soccer_interfaces:/home/ivan/Webots_YOLOv8/install/soccer_model_msgs:/home/ivan/Webots_YOLOv8/install/soccer_geometry_msgs:/home/ivan/Webots_YOLOv8/install/ipm_interfaces:/home/ivan/Webots_YOLOv8/install/Webots_YOLOv8:/home/ivan/Webots_YOLOv8/install/soccer_ipm:/home/ivan/Webots_YOLOv8/install/my_package:/home/ivan/Webots_YOLOv8/install/ipm_service:/home/ivan/Webots_YOLOv8/install/ipm_image_node:/home/ivan/Webots_YOLOv8/install/ipm_library:/opt/ros/humble LD_LIBRARY_PATH=/home/ivan/Webots_YOLOv8/install/soccer_vision_3d_msgs/lib:/home/ivan/Webots_YOLOv8/install/soccer_vision_2d_msgs/lib:/home/ivan/Webots_YOLOv8/install/soccer_vision_attribute_msgs/lib:/home/ivan/Webots_YOLOv8/install/soccer_model_msgs/lib:/home/ivan/Webots_YOLOv8/install/soccer_geometry_msgs/lib:/home/ivan/Webots_YOLOv8/install/ipm_interfaces/lib:/opt/ros/humble/opt/rviz_ogre_vendor/lib:/opt/ros/humble/lib/x86_64-linux-gnu:/opt/ros/humble/lib /usr/bin/cmake --build /home/ivan/Webots_YOLOv8/build/soccer_interfaces -- -j12 -l12[0m
[2.795s] [34mcolcon.colcon_core.event_handler.log_command[0m [1;30mDEBUG[0m [32mInvoked command in '/home/ivan/Webots_YOLOv8/build/soccer_interfaces' returned '0': CMAKE_PREFIX_PATH=/home/ivan/Webots_YOLOv8/install/soccer_vision_3d_msgs:/home/ivan/Webots_YOLOv8/install/soccer_vision_2d_msgs:/home/ivan/Webots_YOLOv8/install/soccer_vision_attribute_msgs:/home/ivan/Webots_YOLOv8/install/soccer_interfaces:/home/ivan/Webots_YOLOv8/install/soccer_model_msgs:/home/ivan/Webots_YOLOv8/install/soccer_geometry_msgs:/home/ivan/Webots_YOLOv8/install/ipm_interfaces:/home/ivan/Webots_YOLOv8/install/Webots_YOLOv8:/home/ivan/Webots_YOLOv8/install/soccer_ipm:/home/ivan/Webots_YOLOv8/install/my_package:/home/ivan/Webots_YOLOv8/install/ipm_service:/home/ivan/Webots_YOLOv8/install/ipm_image_node:/home/ivan/Webots_YOLOv8/install/ipm_library:/opt/ros/humble LD_LIBRARY_PATH=/home/ivan/Webots_YOLOv8/install/soccer_vision_3d_msgs/lib:/home/ivan/Webots_YOLOv8/install/soccer_vision_2d_msgs/lib:/home/ivan/Webots_YOLOv8/install/soccer_vision_attribute_msgs/lib:/home/ivan/Webots_YOLOv8/install/soccer_model_msgs/lib:/home/ivan/Webots_YOLOv8/install/soccer_geometry_msgs/lib:/home/ivan/Webots_YOLOv8/install/ipm_interfaces/lib:/opt/ros/humble/opt/rviz_ogre_vendor/lib:/opt/ros/humble/lib/x86_64-linux-gnu:/opt/ros/humble/lib /usr/bin/cmake --build /home/ivan/Webots_YOLOv8/build/soccer_interfaces -- -j12 -l12[0m
[2.797s] [34mcolcon.colcon_core.event_handler.log_command[0m [1;30mDEBUG[0m [32mInvoking command in '/home/ivan/Webots_YOLOv8/build/soccer_interfaces': CMAKE_PREFIX_PATH=/home/ivan/Webots_YOLOv8/install/soccer_vision_3d_msgs:/home/ivan/Webots_YOLOv8/install/soccer_vision_2d_msgs:/home/ivan/Webots_YOLOv8/install/soccer_vision_attribute_msgs:/home/ivan/Webots_YOLOv8/install/soccer_interfaces:/home/ivan/Webots_YOLOv8/install/soccer_model_msgs:/home/ivan/Webots_YOLOv8/install/soccer_geometry_msgs:/home/ivan/Webots_YOLOv8/install/ipm_interfaces:/home/ivan/Webots_YOLOv8/install/Webots_YOLOv8:/home/ivan/Webots_YOLOv8/install/soccer_ipm:/home/ivan/Webots_YOLOv8/install/my_package:/home/ivan/Webots_YOLOv8/install/ipm_service:/home/ivan/Webots_YOLOv8/install/ipm_image_node:/home/ivan/Webots_YOLOv8/install/ipm_library:/opt/ros/humble LD_LIBRARY_PATH=/home/ivan/Webots_YOLOv8/install/soccer_vision_3d_msgs/lib:/home/ivan/Webots_YOLOv8/install/soccer_vision_2d_msgs/lib:/home/ivan/Webots_YOLOv8/install/soccer_vision_attribute_msgs/lib:/home/ivan/Webots_YOLOv8/install/soccer_model_msgs/lib:/home/ivan/Webots_YOLOv8/install/soccer_geometry_msgs/lib:/home/ivan/Webots_YOLOv8/install/ipm_interfaces/lib:/opt/ros/humble/opt/rviz_ogre_vendor/lib:/opt/ros/humble/lib/x86_64-linux-gnu:/opt/ros/humble/lib /usr/bin/cmake --install /home/ivan/Webots_YOLOv8/build/soccer_interfaces[0m
[2.810s] [34mcolcon.colcon_core.environment[0m [1;30mLevel 1[0m create_environment_scripts_only(soccer_interfaces)
[2.811s] [34mcolcon.colcon_core.environment[0m [1;30mLevel 1[0m checking '/home/ivan/Webots_YOLOv8/install/soccer_interfaces' for CMake module files
[2.811s] [34mcolcon.colcon_core.event_handler.log_command[0m [1;30mDEBUG[0m [32mInvoked command in '/home/ivan/Webots_YOLOv8/build/soccer_interfaces' returned '0': CMAKE_PREFIX_PATH=/home/ivan/Webots_YOLOv8/install/soccer_vision_3d_msgs:/home/ivan/Webots_YOLOv8/install/soccer_vision_2d_msgs:/home/ivan/Webots_YOLOv8/install/soccer_vision_attribute_msgs:/home/ivan/Webots_YOLOv8/install/soccer_interfaces:/home/ivan/Webots_YOLOv8/install/soccer_model_msgs:/home/ivan/Webots_YOLOv8/install/soccer_geometry_msgs:/home/ivan/Webots_YOLOv8/install/ipm_interfaces:/home/ivan/Webots_YOLOv8/install/Webots_YOLOv8:/home/ivan/Webots_YOLOv8/install/soccer_ipm:/home/ivan/Webots_YOLOv8/install/my_package:/home/ivan/Webots_YOLOv8/install/ipm_service:/home/ivan/Webots_YOLOv8/install/ipm_image_node:/home/ivan/Webots_YOLOv8/install/ipm_library:/opt/ros/humble LD_LIBRARY_PATH=/home/ivan/Webots_YOLOv8/install/soccer_vision_3d_msgs/lib:/home/ivan/Webots_YOLOv8/install/soccer_vision_2d_msgs/lib:/home/ivan/Webots_YOLOv8/install/soccer_vision_attribute_msgs/lib:/home/ivan/Webots_YOLOv8/install/soccer_model_msgs/lib:/home/ivan/Webots_YOLOv8/install/soccer_geometry_msgs/lib:/home/ivan/Webots_YOLOv8/install/ipm_interfaces/lib:/opt/ros/humble/opt/rviz_ogre_vendor/lib:/opt/ros/humble/lib/x86_64-linux-gnu:/opt/ros/humble/lib /usr/bin/cmake --install /home/ivan/Webots_YOLOv8/build/soccer_interfaces[0m
[2.812s] [34mcolcon.colcon_core.environment[0m [1;30mLevel 1[0m checking '/home/ivan/Webots_YOLOv8/install/soccer_interfaces' for CMake config files
[2.813s] [34mcolcon.colcon_core.shell[0m [1;30mLevel 1[0m create_environment_hook('soccer_interfaces', 'cmake_prefix_path')
[2.813s] [34mcolcon.colcon_core.shell[0m [1;30mINFO[0m Creating environment hook '/home/ivan/Webots_YOLOv8/install/soccer_interfaces/share/soccer_interfaces/hook/cmake_prefix_path.ps1'
[2.814s] [34mcolcon.colcon_core.shell[0m [1;30mINFO[0m Creating environment descriptor '/home/ivan/Webots_YOLOv8/install/soccer_interfaces/share/soccer_interfaces/hook/cmake_prefix_path.dsv'
[2.814s] [34mcolcon.colcon_core.shell[0m [1;30mINFO[0m Creating environment hook '/home/ivan/Webots_YOLOv8/install/soccer_interfaces/share/soccer_interfaces/hook/cmake_prefix_path.sh'
[2.815s] [34mcolcon.colcon_core.environment[0m [1;30mLevel 1[0m checking '/home/ivan/Webots_YOLOv8/install/soccer_interfaces/bin'
[2.815s] [34mcolcon.colcon_core.environment[0m [1;30mLevel 1[0m checking '/home/ivan/Webots_YOLOv8/install/soccer_interfaces/lib/pkgconfig/soccer_interfaces.pc'
[2.815s] [34mcolcon.colcon_core.environment[0m [1;30mLevel 1[0m checking '/home/ivan/Webots_YOLOv8/install/soccer_interfaces/lib/python3.10/site-packages'
[2.815s] [34mcolcon.colcon_core.environment[0m [1;30mLevel 1[0m checking '/home/ivan/Webots_YOLOv8/install/soccer_interfaces/bin'
[2.815s] [34mcolcon.colcon_core.shell[0m [1;30mINFO[0m Creating package script '/home/ivan/Webots_YOLOv8/install/soccer_interfaces/share/soccer_interfaces/package.ps1'
[2.816s] [34mcolcon.colcon_core.shell[0m [1;30mINFO[0m Creating package descriptor '/home/ivan/Webots_YOLOv8/install/soccer_interfaces/share/soccer_interfaces/package.dsv'
[2.816s] [34mcolcon.colcon_core.shell[0m [1;30mINFO[0m Creating package script '/home/ivan/Webots_YOLOv8/install/soccer_interfaces/share/soccer_interfaces/package.sh'
[2.817s] [34mcolcon.colcon_core.shell[0m [1;30mINFO[0m Creating package script '/home/ivan/Webots_YOLOv8/install/soccer_interfaces/share/soccer_interfaces/package.bash'
[2.817s] [34mcolcon.colcon_core.shell[0m [1;30mINFO[0m Creating package script '/home/ivan/Webots_YOLOv8/install/soccer_interfaces/share/soccer_interfaces/package.zsh'
[2.817s] [34mcolcon.colcon_core.environment[0m [1;30mLevel 1[0m create_file_with_runtime_dependencies(/home/ivan/Webots_YOLOv8/install/soccer_interfaces/share/colcon-core/packages/soccer_interfaces)
[2.818s] [34mcolcon.colcon_core.environment[0m [1;30mLevel 1[0m create_environment_scripts_only(soccer_interfaces)
[2.818s] [34mcolcon.colcon_core.environment[0m [1;30mLevel 1[0m checking '/home/ivan/Webots_YOLOv8/install/soccer_interfaces' for CMake module files
[2.818s] [34mcolcon.colcon_core.environment[0m [1;30mLevel 1[0m checking '/home/ivan/Webots_YOLOv8/install/soccer_interfaces' for CMake config files
[2.819s] [34mcolcon.colcon_core.shell[0m [1;30mLevel 1[0m create_environment_hook('soccer_interfaces', 'cmake_prefix_path')
[2.819s] [34mcolcon.colcon_core.shell[0m [1;30mINFO[0m Creating environment hook '/home/ivan/Webots_YOLOv8/install/soccer_interfaces/share/soccer_interfaces/hook/cmake_prefix_path.ps1'
[2.819s] [34mcolcon.colcon_core.shell[0m [1;30mINFO[0m Creating environment descriptor '/home/ivan/Webots_YOLOv8/install/soccer_interfaces/share/soccer_interfaces/hook/cmake_prefix_path.dsv'
[2.820s] [34mcolcon.colcon_core.shell[0m [1;30mINFO[0m Creating environment hook '/home/ivan/Webots_YOLOv8/install/soccer_interfaces/share/soccer_interfaces/hook/cmake_prefix_path.sh'
[2.820s] [34mcolcon.colcon_core.environment[0m [1;30mLevel 1[0m checking '/home/ivan/Webots_YOLOv8/install/soccer_interfaces/bin'
[2.821s] [34mcolcon.colcon_core.environment[0m [1;30mLevel 1[0m checking '/home/ivan/Webots_YOLOv8/install/soccer_interfaces/lib/pkgconfig/soccer_interfaces.pc'
[2.821s] [34mcolcon.colcon_core.environment[0m [1;30mLevel 1[0m checking '/home/ivan/Webots_YOLOv8/install/soccer_interfaces/lib/python3.10/site-packages'
[2.821s] [34mcolcon.colcon_core.environment[0m [1;30mLevel 1[0m checking '/home/ivan/Webots_YOLOv8/install/soccer_interfaces/bin'
[2.821s] [34mcolcon.colcon_core.shell[0m [1;30mINFO[0m Creating package script '/home/ivan/Webots_YOLOv8/install/soccer_interfaces/share/soccer_interfaces/package.ps1'
[2.822s] [34mcolcon.colcon_core.shell[0m [1;30mINFO[0m Creating package descriptor '/home/ivan/Webots_YOLOv8/install/soccer_interfaces/share/soccer_interfaces/package.dsv'
[2.822s] [34mcolcon.colcon_core.shell[0m [1;30mINFO[0m Creating package script '/home/ivan/Webots_YOLOv8/install/soccer_interfaces/share/soccer_interfaces/package.sh'
[2.823s] [34mcolcon.colcon_core.shell[0m [1;30mINFO[0m Creating package script '/home/ivan/Webots_YOLOv8/install/soccer_interfaces/share/soccer_interfaces/package.bash'
[2.823s] [34mcolcon.colcon_core.shell[0m [1;30mINFO[0m Creating package script '/home/ivan/Webots_YOLOv8/install/soccer_interfaces/share/soccer_interfaces/package.zsh'
[2.824s] [34mcolcon.colcon_core.environment[0m [1;30mLevel 1[0m create_file_with_runtime_dependencies(/home/ivan/Webots_YOLOv8/install/soccer_interfaces/share/colcon-core/packages/soccer_interfaces)
[2.843s] [34mcolcon.colcon_core.environment[0m [1;30mLevel 1[0m checking '/home/ivan/Webots_YOLOv8/install/ipm_library' for CMake module files
[2.843s] [34mcolcon.colcon_core.event_handler.log_command[0m [1;30mDEBUG[0m [32mInvoked command in '/home/ivan/Webots_YOLOv8/src/ipm/ipm_library' returned '0': CMAKE_PREFIX_PATH=/home/ivan/Webots_YOLOv8/install/ipm_interfaces:/home/ivan/Webots_YOLOv8/install/soccer_interfaces:/home/ivan/Webots_YOLOv8/install/soccer_vision_3d_msgs:/home/ivan/Webots_YOLOv8/install/soccer_vision_2d_msgs:/home/ivan/Webots_YOLOv8/install/soccer_model_msgs:/home/ivan/Webots_YOLOv8/install/soccer_vision_attribute_msgs:/home/ivan/Webots_YOLOv8/install/soccer_geometry_msgs LD_LIBRARY_PATH=/home/ivan/Webots_YOLOv8/install/ipm_interfaces/lib:/home/ivan/Webots_YOLOv8/install/soccer_vision_3d_msgs/lib:/home/ivan/Webots_YOLOv8/install/soccer_vision_2d_msgs/lib:/home/ivan/Webots_YOLOv8/install/soccer_model_msgs/lib:/home/ivan/Webots_YOLOv8/install/soccer_vision_attribute_msgs/lib:/home/ivan/Webots_YOLOv8/install/soccer_geometry_msgs/lib:/opt/ros/humble/opt/rviz_ogre_vendor/lib:/opt/ros/humble/lib/x86_64-linux-gnu:/opt/ros/humble/lib PYTHONPATH=/home/ivan/Webots_YOLOv8/build/ipm_library/prefix_override:/usr/lib/python3/dist-packages/colcon_core/task/python/colcon_distutils_commands:/home/ivan/Webots_YOLOv8/install/ipm_library/lib/python3.10/site-packages:${PYTHONPATH} /usr/bin/python3 -W ignore:setup.py install is deprecated -W ignore:easy_install command is deprecated setup.py egg_info --egg-base ../../../build/ipm_library build --build-base /home/ivan/Webots_YOLOv8/build/ipm_library/build install --record /home/ivan/Webots_YOLOv8/build/ipm_library/install.log --single-version-externally-managed install_data[0m
[2.844s] [34mcolcon.colcon_core.environment[0m [1;30mLevel 1[0m checking '/home/ivan/Webots_YOLOv8/install/ipm_library' for CMake config files
[2.844s] [34mcolcon.colcon_core.environment[0m [1;30mLevel 1[0m checking '/home/ivan/Webots_YOLOv8/install/ipm_library/lib'
[2.844s] [34mcolcon.colcon_core.environment[0m [1;30mLevel 1[0m checking '/home/ivan/Webots_YOLOv8/install/ipm_library/bin'
[2.844s] [34mcolcon.colcon_core.environment[0m [1;30mLevel 1[0m checking '/home/ivan/Webots_YOLOv8/install/ipm_library/lib/pkgconfig/ipm_library.pc'
[2.844s] [34mcolcon.colcon_core.environment[0m [1;30mLevel 1[0m checking '/home/ivan/Webots_YOLOv8/install/ipm_library/lib/python3.10/site-packages'
[2.844s] [34mcolcon.colcon_core.shell[0m [1;30mLevel 1[0m create_environment_hook('ipm_library', 'pythonpath')
[2.845s] [34mcolcon.colcon_core.shell[0m [1;30mINFO[0m Creating environment hook '/home/ivan/Webots_YOLOv8/install/ipm_library/share/ipm_library/hook/pythonpath.ps1'
[2.845s] [34mcolcon.colcon_core.shell[0m [1;30mINFO[0m Creating environment descriptor '/home/ivan/Webots_YOLOv8/install/ipm_library/share/ipm_library/hook/pythonpath.dsv'
[2.845s] [34mcolcon.colcon_core.shell[0m [1;30mINFO[0m Creating environment hook '/home/ivan/Webots_YOLOv8/install/ipm_library/share/ipm_library/hook/pythonpath.sh'
[2.846s] [34mcolcon.colcon_core.environment[0m [1;30mLevel 1[0m checking '/home/ivan/Webots_YOLOv8/install/ipm_library/bin'
[2.846s] [34mcolcon.colcon_core.environment[0m [1;30mLevel 1[0m create_environment_scripts_only(ipm_library)
[2.846s] [34mcolcon.colcon_core.shell[0m [1;30mINFO[0m Creating package script '/home/ivan/Webots_YOLOv8/install/ipm_library/share/ipm_library/package.ps1'
[2.847s] [34mcolcon.colcon_core.shell[0m [1;30mINFO[0m Creating package descriptor '/home/ivan/Webots_YOLOv8/install/ipm_library/share/ipm_library/package.dsv'
[2.847s] [34mcolcon.colcon_core.shell[0m [1;30mINFO[0m Creating package script '/home/ivan/Webots_YOLOv8/install/ipm_library/share/ipm_library/package.sh'
[2.847s] [34mcolcon.colcon_core.shell[0m [1;30mINFO[0m Creating package script '/home/ivan/Webots_YOLOv8/install/ipm_library/share/ipm_library/package.bash'
[2.847s] [34mcolcon.colcon_core.shell[0m [1;30mINFO[0m Creating package script '/home/ivan/Webots_YOLOv8/install/ipm_library/share/ipm_library/package.zsh'
[2.848s] [34mcolcon.colcon_core.environment[0m [1;30mLevel 1[0m create_file_with_runtime_dependencies(/home/ivan/Webots_YOLOv8/install/ipm_library/share/colcon-core/packages/ipm_library)
[2.848s] [34mcolcon.colcon_ros.task.ament_python.build[0m [1;30mINFO[0m Building ROS package in '/home/ivan/Webots_YOLOv8/src/soccer_ipm/soccer_ipm' with build type 'ament_python'
[2.848s] [34mcolcon.colcon_core.shell[0m [1;30mLevel 1[0m create_environment_hook('soccer_ipm', 'ament_prefix_path')
[2.848s] [34mcolcon.colcon_core.shell[0m [1;30mINFO[0m Creating environment hook '/home/ivan/Webots_YOLOv8/install/soccer_ipm/share/soccer_ipm/hook/ament_prefix_path.ps1'
[2.850s] [34mcolcon.colcon_core.shell[0m [1;30mINFO[0m Creating environment descriptor '/home/ivan/Webots_YOLOv8/install/soccer_ipm/share/soccer_ipm/hook/ament_prefix_path.dsv'
[2.850s] [34mcolcon.colcon_core.shell[0m [1;30mINFO[0m Creating environment hook '/home/ivan/Webots_YOLOv8/install/soccer_ipm/share/soccer_ipm/hook/ament_prefix_path.sh'
[2.851s] [34mcolcon.colcon_core.shell[0m [1;30mINFO[0m Skip shell extension 'powershell' for command environment: Not usable outside of PowerShell
[2.851s] [34mcolcon.colcon_core.shell[0m [1;30mDEBUG[0m [32mSkip shell extension 'dsv' for command environment[0m
[2.855s] [34mcolcon.colcon_ros.task.ament_python.build[0m [1;30mINFO[0m Building ROS package in '/home/ivan/Webots_YOLOv8/src/ipm/ipm_image_node' with build type 'ament_python'
[2.856s] [34mcolcon.colcon_core.shell[0m [1;30mLevel 1[0m create_environment_hook('ipm_image_node', 'ament_prefix_path')
[2.856s] [34mcolcon.colcon_core.shell[0m [1;30mINFO[0m Creating environment hook '/home/ivan/Webots_YOLOv8/install/ipm_image_node/share/ipm_image_node/hook/ament_prefix_path.ps1'
[2.857s] [34mcolcon.colcon_core.shell[0m [1;30mINFO[0m Creating environment descriptor '/home/ivan/Webots_YOLOv8/install/ipm_image_node/share/ipm_image_node/hook/ament_prefix_path.dsv'
[2.858s] [34mcolcon.colcon_core.shell[0m [1;30mINFO[0m Creating environment hook '/home/ivan/Webots_YOLOv8/install/ipm_image_node/share/ipm_image_node/hook/ament_prefix_path.sh'
[2.859s] [34mcolcon.colcon_core.shell[0m [1;30mINFO[0m Skip shell extension 'powershell' for command environment: Not usable outside of PowerShell
[2.859s] [34mcolcon.colcon_core.shell[0m [1;30mDEBUG[0m [32mSkip shell extension 'dsv' for command environment[0m
[2.863s] [34mcolcon.colcon_ros.task.ament_python.build[0m [1;30mINFO[0m Building ROS package in '/home/ivan/Webots_YOLOv8/src/ipm/ipm_service' with build type 'ament_python'
[2.863s] [34mcolcon.colcon_core.shell[0m [1;30mLevel 1[0m create_environment_hook('ipm_service', 'ament_prefix_path')
[2.864s] [34mcolcon.colcon_core.shell[0m [1;30mINFO[0m Creating environment hook '/home/ivan/Webots_YOLOv8/install/ipm_service/share/ipm_service/hook/ament_prefix_path.ps1'
[2.866s] [34mcolcon.colcon_core.shell[0m [1;30mINFO[0m Creating environment descriptor '/home/ivan/Webots_YOLOv8/install/ipm_service/share/ipm_service/hook/ament_prefix_path.dsv'
[2.866s] [34mcolcon.colcon_core.shell[0m [1;30mINFO[0m Creating environment hook '/home/ivan/Webots_YOLOv8/install/ipm_service/share/ipm_service/hook/ament_prefix_path.sh'
[2.867s] [34mcolcon.colcon_core.shell[0m [1;30mINFO[0m Skip shell extension 'powershell' for command environment: Not usable outside of PowerShell
[2.867s] [34mcolcon.colcon_core.shell[0m [1;30mDEBUG[0m [32mSkip shell extension 'dsv' for command environment[0m
[3.139s] [34mcolcon.colcon_core.task.python.build[0m [1;30mINFO[0m Building Python package in '/home/ivan/Webots_YOLOv8/src/soccer_ipm/soccer_ipm'
[3.139s] [34mcolcon.colcon_core.shell[0m [1;30mINFO[0m Skip shell extension 'powershell' for command environment: Not usable outside of PowerShell
[3.139s] [34mcolcon.colcon_core.shell[0m [1;30mDEBUG[0m [32mSkip shell extension 'dsv' for command environment[0m
[3.404s] [34mcolcon.colcon_core.task.python.build[0m [1;30mINFO[0m Building Python package in '/home/ivan/Webots_YOLOv8/src/ipm/ipm_image_node'
[3.404s] [34mcolcon.colcon_core.shell[0m [1;30mINFO[0m Skip shell extension 'powershell' for command environment: Not usable outside of PowerShell
[3.404s] [34mcolcon.colcon_core.shell[0m [1;30mDEBUG[0m [32mSkip shell extension 'dsv' for command environment[0m
[3.672s] [34mcolcon.colcon_core.task.python.build[0m [1;30mINFO[0m Building Python package in '/home/ivan/Webots_YOLOv8/src/ipm/ipm_service'
[3.672s] [34mcolcon.colcon_core.shell[0m [1;30mINFO[0m Skip shell extension 'powershell' for command environment: Not usable outside of PowerShell
[3.672s] [34mcolcon.colcon_core.shell[0m [1;30mDEBUG[0m [32mSkip shell extension 'dsv' for command environment[0m
[4.036s] [34mcolcon.colcon_core.event_handler.log_command[0m [1;30mDEBUG[0m [32mInvoking command in '/home/ivan/Webots_YOLOv8/src/soccer_ipm/soccer_ipm': AMENT_PREFIX_PATH=/home/ivan/Webots_YOLOv8/install/ipm_library:/home/ivan/Webots_YOLOv8/install/Webots_YOLOv8:/home/ivan/Webots_YOLOv8/install/soccer_ipm:/home/ivan/Webots_YOLOv8/install/soccer_interfaces:/home/ivan/Webots_YOLOv8/install/soccer_vision_3d_msgs:/home/ivan/Webots_YOLOv8/install/soccer_vision_2d_msgs:/home/ivan/Webots_YOLOv8/install/soccer_model_msgs:/home/ivan/Webots_YOLOv8/install/soccer_vision_attribute_msgs:/home/ivan/Webots_YOLOv8/install/soccer_geometry_msgs:/home/ivan/Webots_YOLOv8/install/my_package:/home/ivan/Webots_YOLOv8/install/ipm_service:/home/ivan/Webots_YOLOv8/install/ipm_image_node:/home/ivan/Webots_YOLOv8/install/ipm_interfaces:/opt/ros/humble CMAKE_PREFIX_PATH=/home/ivan/Webots_YOLOv8/install/soccer_vision_3d_msgs:/home/ivan/Webots_YOLOv8/install/soccer_vision_2d_msgs:/home/ivan/Webots_YOLOv8/install/soccer_vision_attribute_msgs:/home/ivan/Webots_YOLOv8/install/ipm_interfaces:/home/ivan/Webots_YOLOv8/install/soccer_interfaces:/home/ivan/Webots_YOLOv8/install/soccer_model_msgs:/home/ivan/Webots_YOLOv8/install/soccer_geometry_msgs LD_LIBRARY_PATH=/home/ivan/Webots_YOLOv8/install/soccer_vision_3d_msgs/lib:/home/ivan/Webots_YOLOv8/install/soccer_vision_2d_msgs/lib:/home/ivan/Webots_YOLOv8/install/soccer_vision_attribute_msgs/lib:/home/ivan/Webots_YOLOv8/install/ipm_interfaces/lib:/home/ivan/Webots_YOLOv8/install/soccer_model_msgs/lib:/home/ivan/Webots_YOLOv8/install/soccer_geometry_msgs/lib:/opt/ros/humble/opt/rviz_ogre_vendor/lib:/opt/ros/humble/lib/x86_64-linux-gnu:/opt/ros/humble/lib PYTHONPATH=/home/ivan/Webots_YOLOv8/build/soccer_ipm/prefix_override:/usr/lib/python3/dist-packages/colcon_core/task/python/colcon_distutils_commands:/home/ivan/Webots_YOLOv8/install/soccer_ipm/lib/python3.10/site-packages:/home/ivan/Webots_YOLOv8/install/ipm_library/lib/python3.10/site-packages:/home/ivan/Webots_YOLOv8/install/Webots_YOLOv8/lib/python3.10/site-packages:/home/ivan/Webots_YOLOv8/install/soccer_ipm/lib/python3.10/site-packages:/home/ivan/Webots_YOLOv8/install/soccer_vision_3d_msgs/local/lib/python3.10/dist-packages:/home/ivan/Webots_YOLOv8/install/soccer_vision_2d_msgs/local/lib/python3.10/dist-packages:/home/ivan/Webots_YOLOv8/install/soccer_model_msgs/local/lib/python3.10/dist-packages:/home/ivan/Webots_YOLOv8/install/soccer_vision_attribute_msgs/local/lib/python3.10/dist-packages:/home/ivan/Webots_YOLOv8/install/soccer_geometry_msgs/local/lib/python3.10/dist-packages:/home/ivan/Webots_YOLOv8/install/my_package/lib/python3.10/site-packages:/home/ivan/Webots_YOLOv8/install/ipm_service/lib/python3.10/site-packages:/home/ivan/Webots_YOLOv8/install/ipm_image_node/lib/python3.10/site-packages:/home/ivan/Webots_YOLOv8/install/ipm_interfaces/local/lib/python3.10/dist-packages:/opt/ros/humble/lib/python3.10/site-packages:/opt/ros/humble/local/lib/python3.10/dist-packages /usr/bin/python3 -W ignore:setup.py install is deprecated -W ignore:easy_install command is deprecated setup.py egg_info --egg-base ../../../build/soccer_ipm build --build-base /home/ivan/Webots_YOLOv8/build/soccer_ipm/build install --record /home/ivan/Webots_YOLOv8/build/soccer_ipm/install.log --single-version-externally-managed install_data[0m
[4.076s] [34mcolcon.colcon_core.event_handler.log_command[0m [1;30mDEBUG[0m [32mInvoking command in '/home/ivan/Webots_YOLOv8/src/ipm/ipm_image_node': AMENT_PREFIX_PATH=/home/ivan/Webots_YOLOv8/install/ipm_library:/home/ivan/Webots_YOLOv8/install/Webots_YOLOv8:/home/ivan/Webots_YOLOv8/install/soccer_ipm:/home/ivan/Webots_YOLOv8/install/soccer_interfaces:/home/ivan/Webots_YOLOv8/install/soccer_vision_3d_msgs:/home/ivan/Webots_YOLOv8/install/soccer_vision_2d_msgs:/home/ivan/Webots_YOLOv8/install/soccer_model_msgs:/home/ivan/Webots_YOLOv8/install/soccer_vision_attribute_msgs:/home/ivan/Webots_YOLOv8/install/soccer_geometry_msgs:/home/ivan/Webots_YOLOv8/install/my_package:/home/ivan/Webots_YOLOv8/install/ipm_service:/home/ivan/Webots_YOLOv8/install/ipm_image_node:/home/ivan/Webots_YOLOv8/install/ipm_interfaces:/opt/ros/humble CMAKE_PREFIX_PATH=/home/ivan/Webots_YOLOv8/install/ipm_interfaces:/home/ivan/Webots_YOLOv8/install/soccer_interfaces:/home/ivan/Webots_YOLOv8/install/soccer_vision_3d_msgs:/home/ivan/Webots_YOLOv8/install/soccer_vision_2d_msgs:/home/ivan/Webots_YOLOv8/install/soccer_model_msgs:/home/ivan/Webots_YOLOv8/install/soccer_vision_attribute_msgs:/home/ivan/Webots_YOLOv8/install/soccer_geometry_msgs LD_LIBRARY_PATH=/home/ivan/Webots_YOLOv8/install/ipm_interfaces/lib:/home/ivan/Webots_YOLOv8/install/soccer_vision_3d_msgs/lib:/home/ivan/Webots_YOLOv8/install/soccer_vision_2d_msgs/lib:/home/ivan/Webots_YOLOv8/install/soccer_model_msgs/lib:/home/ivan/Webots_YOLOv8/install/soccer_vision_attribute_msgs/lib:/home/ivan/Webots_YOLOv8/install/soccer_geometry_msgs/lib:/opt/ros/humble/opt/rviz_ogre_vendor/lib:/opt/ros/humble/lib/x86_64-linux-gnu:/opt/ros/humble/lib PYTHONPATH=/home/ivan/Webots_YOLOv8/build/ipm_image_node/prefix_override:/usr/lib/python3/dist-packages/colcon_core/task/python/colcon_distutils_commands:/home/ivan/Webots_YOLOv8/install/ipm_image_node/lib/python3.10/site-packages:/home/ivan/Webots_YOLOv8/install/ipm_library/lib/python3.10/site-packages:/home/ivan/Webots_YOLOv8/install/Webots_YOLOv8/lib/python3.10/site-packages:/home/ivan/Webots_YOLOv8/install/soccer_ipm/lib/python3.10/site-packages:/home/ivan/Webots_YOLOv8/install/soccer_vision_3d_msgs/local/lib/python3.10/dist-packages:/home/ivan/Webots_YOLOv8/install/soccer_vision_2d_msgs/local/lib/python3.10/dist-packages:/home/ivan/Webots_YOLOv8/install/soccer_model_msgs/local/lib/python3.10/dist-packages:/home/ivan/Webots_YOLOv8/install/soccer_vision_attribute_msgs/local/lib/python3.10/dist-packages:/home/ivan/Webots_YOLOv8/install/soccer_geometry_msgs/local/lib/python3.10/dist-packages:/home/ivan/Webots_YOLOv8/install/my_package/lib/python3.10/site-packages:/home/ivan/Webots_YOLOv8/install/ipm_service/lib/python3.10/site-packages:/home/ivan/Webots_YOLOv8/install/ipm_image_node/lib/python3.10/site-packages:/home/ivan/Webots_YOLOv8/install/ipm_interfaces/local/lib/python3.10/dist-packages:/opt/ros/humble/lib/python3.10/site-packages:/opt/ros/humble/local/lib/python3.10/dist-packages /usr/bin/python3 -W ignore:setup.py install is deprecated -W ignore:easy_install command is deprecated setup.py egg_info --egg-base ../../../build/ipm_image_node build --build-base /home/ivan/Webots_YOLOv8/build/ipm_image_node/build install --record /home/ivan/Webots_YOLOv8/build/ipm_image_node/install.log --single-version-externally-managed install_data[0m
[4.077s] [34mcolcon.colcon_core.event_handler.log_command[0m [1;30mDEBUG[0m [32mInvoking command in '/home/ivan/Webots_YOLOv8/src/ipm/ipm_service': AMENT_PREFIX_PATH=/home/ivan/Webots_YOLOv8/install/ipm_library:/home/ivan/Webots_YOLOv8/install/Webots_YOLOv8:/home/ivan/Webots_YOLOv8/install/soccer_ipm:/home/ivan/Webots_YOLOv8/install/soccer_interfaces:/home/ivan/Webots_YOLOv8/install/soccer_vision_3d_msgs:/home/ivan/Webots_YOLOv8/install/soccer_vision_2d_msgs:/home/ivan/Webots_YOLOv8/install/soccer_model_msgs:/home/ivan/Webots_YOLOv8/install/soccer_vision_attribute_msgs:/home/ivan/Webots_YOLOv8/install/soccer_geometry_msgs:/home/ivan/Webots_YOLOv8/install/my_package:/home/ivan/Webots_YOLOv8/install/ipm_service:/home/ivan/Webots_YOLOv8/install/ipm_image_node:/home/ivan/Webots_YOLOv8/install/ipm_interfaces:/opt/ros/humble CMAKE_PREFIX_PATH=/home/ivan/Webots_YOLOv8/install/ipm_interfaces:/home/ivan/Webots_YOLOv8/install/soccer_interfaces:/home/ivan/Webots_YOLOv8/install/soccer_vision_3d_msgs:/home/ivan/Webots_YOLOv8/install/soccer_vision_2d_msgs:/home/ivan/Webots_YOLOv8/install/soccer_model_msgs:/home/ivan/Webots_YOLOv8/install/soccer_vision_attribute_msgs:/home/ivan/Webots_YOLOv8/install/soccer_geometry_msgs LD_LIBRARY_PATH=/home/ivan/Webots_YOLOv8/install/ipm_interfaces/lib:/home/ivan/Webots_YOLOv8/install/soccer_vision_3d_msgs/lib:/home/ivan/Webots_YOLOv8/install/soccer_vision_2d_msgs/lib:/home/ivan/Webots_YOLOv8/install/soccer_model_msgs/lib:/home/ivan/Webots_YOLOv8/install/soccer_vision_attribute_msgs/lib:/home/ivan/Webots_YOLOv8/install/soccer_geometry_msgs/lib:/opt/ros/humble/opt/rviz_ogre_vendor/lib:/opt/ros/humble/lib/x86_64-linux-gnu:/opt/ros/humble/lib PYTHONPATH=/home/ivan/Webots_YOLOv8/build/ipm_service/prefix_override:/usr/lib/python3/dist-packages/colcon_core/task/python/colcon_distutils_commands:/home/ivan/Webots_YOLOv8/install/ipm_service/lib/python3.10/site-packages:/home/ivan/Webots_YOLOv8/install/ipm_library/lib/python3.10/site-packages:/home/ivan/Webots_YOLOv8/install/Webots_YOLOv8/lib/python3.10/site-packages:/home/ivan/Webots_YOLOv8/install/soccer_ipm/lib/python3.10/site-packages:/home/ivan/Webots_YOLOv8/install/soccer_vision_3d_msgs/local/lib/python3.10/dist-packages:/home/ivan/Webots_YOLOv8/install/soccer_vision_2d_msgs/local/lib/python3.10/dist-packages:/home/ivan/Webots_YOLOv8/install/soccer_model_msgs/local/lib/python3.10/dist-packages:/home/ivan/Webots_YOLOv8/install/soccer_vision_attribute_msgs/local/lib/python3.10/dist-packages:/home/ivan/Webots_YOLOv8/install/soccer_geometry_msgs/local/lib/python3.10/dist-packages:/home/ivan/Webots_YOLOv8/install/my_package/lib/python3.10/site-packages:/home/ivan/Webots_YOLOv8/install/ipm_service/lib/python3.10/site-packages:/home/ivan/Webots_YOLOv8/install/ipm_image_node/lib/python3.10/site-packages:/home/ivan/Webots_YOLOv8/install/ipm_interfaces/local/lib/python3.10/dist-packages:/opt/ros/humble/lib/python3.10/site-packages:/opt/ros/humble/local/lib/python3.10/dist-packages /usr/bin/python3 -W ignore:setup.py install is deprecated -W ignore:easy_install command is deprecated setup.py egg_info --egg-base ../../../build/ipm_service build --build-base /home/ivan/Webots_YOLOv8/build/ipm_service/build install --record /home/ivan/Webots_YOLOv8/build/ipm_service/install.log --single-version-externally-managed install_data[0m
[4.361s] [34mcolcon.colcon_core.environment[0m [1;30mLevel 1[0m checking '/home/ivan/Webots_YOLOv8/install/soccer_ipm' for CMake module files
[4.362s] [34mcolcon.colcon_core.event_handler.log_command[0m [1;30mDEBUG[0m [32mInvoked command in '/home/ivan/Webots_YOLOv8/src/soccer_ipm/soccer_ipm' returned '0': AMENT_PREFIX_PATH=/home/ivan/Webots_YOLOv8/install/ipm_library:/home/ivan/Webots_YOLOv8/install/Webots_YOLOv8:/home/ivan/Webots_YOLOv8/install/soccer_ipm:/home/ivan/Webots_YOLOv8/install/soccer_interfaces:/home/ivan/Webots_YOLOv8/install/soccer_vision_3d_msgs:/home/ivan/Webots_YOLOv8/install/soccer_vision_2d_msgs:/home/ivan/Webots_YOLOv8/install/soccer_model_msgs:/home/ivan/Webots_YOLOv8/install/soccer_vision_attribute_msgs:/home/ivan/Webots_YOLOv8/install/soccer_geometry_msgs:/home/ivan/Webots_YOLOv8/install/my_package:/home/ivan/Webots_YOLOv8/install/ipm_service:/home/ivan/Webots_YOLOv8/install/ipm_image_node:/home/ivan/Webots_YOLOv8/install/ipm_interfaces:/opt/ros/humble CMAKE_PREFIX_PATH=/home/ivan/Webots_YOLOv8/install/soccer_vision_3d_msgs:/home/ivan/Webots_YOLOv8/install/soccer_vision_2d_msgs:/home/ivan/Webots_YOLOv8/install/soccer_vision_attribute_msgs:/home/ivan/Webots_YOLOv8/install/ipm_interfaces:/home/ivan/Webots_YOLOv8/install/soccer_interfaces:/home/ivan/Webots_YOLOv8/install/soccer_model_msgs:/home/ivan/Webots_YOLOv8/install/soccer_geometry_msgs LD_LIBRARY_PATH=/home/ivan/Webots_YOLOv8/install/soccer_vision_3d_msgs/lib:/home/ivan/Webots_YOLOv8/install/soccer_vision_2d_msgs/lib:/home/ivan/Webots_YOLOv8/install/soccer_vision_attribute_msgs/lib:/home/ivan/Webots_YOLOv8/install/ipm_interfaces/lib:/home/ivan/Webots_YOLOv8/install/soccer_model_msgs/lib:/home/ivan/Webots_YOLOv8/install/soccer_geometry_msgs/lib:/opt/ros/humble/opt/rviz_ogre_vendor/lib:/opt/ros/humble/lib/x86_64-linux-gnu:/opt/ros/humble/lib PYTHONPATH=/home/ivan/Webots_YOLOv8/build/soccer_ipm/prefix_override:/usr/lib/python3/dist-packages/colcon_core/task/python/colcon_distutils_commands:/home/ivan/Webots_YOLOv8/install/soccer_ipm/lib/python3.10/site-packages:/home/ivan/Webots_YOLOv8/install/ipm_library/lib/python3.10/site-packages:/home/ivan/Webots_YOLOv8/install/Webots_YOLOv8/lib/python3.10/site-packages:/home/ivan/Webots_YOLOv8/install/soccer_ipm/lib/python3.10/site-packages:/home/ivan/Webots_YOLOv8/install/soccer_vision_3d_msgs/local/lib/python3.10/dist-packages:/home/ivan/Webots_YOLOv8/install/soccer_vision_2d_msgs/local/lib/python3.10/dist-packages:/home/ivan/Webots_YOLOv8/install/soccer_model_msgs/local/lib/python3.10/dist-packages:/home/ivan/Webots_YOLOv8/install/soccer_vision_attribute_msgs/local/lib/python3.10/dist-packages:/home/ivan/Webots_YOLOv8/install/soccer_geometry_msgs/local/lib/python3.10/dist-packages:/home/ivan/Webots_YOLOv8/install/my_package/lib/python3.10/site-packages:/home/ivan/Webots_YOLOv8/install/ipm_service/lib/python3.10/site-packages:/home/ivan/Webots_YOLOv8/install/ipm_image_node/lib/python3.10/site-packages:/home/ivan/Webots_YOLOv8/install/ipm_interfaces/local/lib/python3.10/dist-packages:/opt/ros/humble/lib/python3.10/site-packages:/opt/ros/humble/local/lib/python3.10/dist-packages /usr/bin/python3 -W ignore:setup.py install is deprecated -W ignore:easy_install command is deprecated setup.py egg_info --egg-base ../../../build/soccer_ipm build --build-base /home/ivan/Webots_YOLOv8/build/soccer_ipm/build install --record /home/ivan/Webots_YOLOv8/build/soccer_ipm/install.log --single-version-externally-managed install_data[0m
[4.362s] [34mcolcon.colcon_core.environment[0m [1;30mLevel 1[0m checking '/home/ivan/Webots_YOLOv8/install/soccer_ipm' for CMake config files
[4.363s] [34mcolcon.colcon_core.environment[0m [1;30mLevel 1[0m checking '/home/ivan/Webots_YOLOv8/install/soccer_ipm/lib'
[4.364s] [34mcolcon.colcon_core.environment[0m [1;30mLevel 1[0m checking '/home/ivan/Webots_YOLOv8/install/soccer_ipm/bin'
[4.364s] [34mcolcon.colcon_core.environment[0m [1;30mLevel 1[0m checking '/home/ivan/Webots_YOLOv8/install/soccer_ipm/lib/pkgconfig/soccer_ipm.pc'
[4.364s] [34mcolcon.colcon_core.environment[0m [1;30mLevel 1[0m checking '/home/ivan/Webots_YOLOv8/install/soccer_ipm/lib/python3.10/site-packages'
[4.364s] [34mcolcon.colcon_core.shell[0m [1;30mLevel 1[0m create_environment_hook('soccer_ipm', 'pythonpath')
[4.364s] [34mcolcon.colcon_core.shell[0m [1;30mINFO[0m Creating environment hook '/home/ivan/Webots_YOLOv8/install/soccer_ipm/share/soccer_ipm/hook/pythonpath.ps1'
[4.365s] [34mcolcon.colcon_core.shell[0m [1;30mINFO[0m Creating environment descriptor '/home/ivan/Webots_YOLOv8/install/soccer_ipm/share/soccer_ipm/hook/pythonpath.dsv'
[4.365s] [34mcolcon.colcon_core.shell[0m [1;30mINFO[0m Creating environment hook '/home/ivan/Webots_YOLOv8/install/soccer_ipm/share/soccer_ipm/hook/pythonpath.sh'
[4.366s] [34mcolcon.colcon_core.environment[0m [1;30mLevel 1[0m checking '/home/ivan/Webots_YOLOv8/install/soccer_ipm/bin'
[4.366s] [34mcolcon.colcon_core.environment[0m [1;30mLevel 1[0m create_environment_scripts_only(soccer_ipm)
[4.366s] [34mcolcon.colcon_core.shell[0m [1;30mINFO[0m Creating package script '/home/ivan/Webots_YOLOv8/install/soccer_ipm/share/soccer_ipm/package.ps1'
[4.367s] [34mcolcon.colcon_core.shell[0m [1;30mINFO[0m Creating package descriptor '/home/ivan/Webots_YOLOv8/install/soccer_ipm/share/soccer_ipm/package.dsv'
[4.367s] [34mcolcon.colcon_core.shell[0m [1;30mINFO[0m Creating package script '/home/ivan/Webots_YOLOv8/install/soccer_ipm/share/soccer_ipm/package.sh'
[4.367s] [34mcolcon.colcon_core.shell[0m [1;30mINFO[0m Creating package script '/home/ivan/Webots_YOLOv8/install/soccer_ipm/share/soccer_ipm/package.bash'
[4.368s] [34mcolcon.colcon_core.shell[0m [1;30mINFO[0m Creating package script '/home/ivan/Webots_YOLOv8/install/soccer_ipm/share/soccer_ipm/package.zsh'
[4.368s] [34mcolcon.colcon_core.environment[0m [1;30mLevel 1[0m create_file_with_runtime_dependencies(/home/ivan/Webots_YOLOv8/install/soccer_ipm/share/colcon-core/packages/soccer_ipm)
[4.368s] [34mcolcon.colcon_ros.task.ament_python.build[0m [1;30mINFO[0m Building ROS package in '/home/ivan/Webots_YOLOv8/src/Webots_YOLOv8' with build type 'ament_python'
[4.369s] [34mcolcon.colcon_core.shell[0m [1;30mLevel 1[0m create_environment_hook('Webots_YOLOv8', 'ament_prefix_path')
[4.369s] [34mcolcon.colcon_core.shell[0m [1;30mINFO[0m Creating environment hook '/home/ivan/Webots_YOLOv8/install/Webots_YOLOv8/share/Webots_YOLOv8/hook/ament_prefix_path.ps1'
[4.371s] [34mcolcon.colcon_core.shell[0m [1;30mINFO[0m Creating environment descriptor '/home/ivan/Webots_YOLOv8/install/Webots_YOLOv8/share/Webots_YOLOv8/hook/ament_prefix_path.dsv'
[4.371s] [34mcolcon.colcon_core.shell[0m [1;30mINFO[0m Creating environment hook '/home/ivan/Webots_YOLOv8/install/Webots_YOLOv8/share/Webots_YOLOv8/hook/ament_prefix_path.sh'
[4.372s] [34mcolcon.colcon_core.shell[0m [1;30mINFO[0m Skip shell extension 'powershell' for command environment: Not usable outside of PowerShell
[4.372s] [34mcolcon.colcon_core.shell[0m [1;30mDEBUG[0m [32mSkip shell extension 'dsv' for command environment[0m
[4.673s] [34mcolcon.colcon_ros.task.ament_python.build[0m [1;30mWARNING[0m [33mPackage 'Webots_YOLOv8' doesn't explicitly install a marker in the package index (colcon-ros currently does it implicitly but that fallback will be removed in the future)[0m
[4.673s] [34mcolcon.colcon_core.task.python.build[0m [1;30mINFO[0m Building Python package in '/home/ivan/Webots_YOLOv8/src/Webots_YOLOv8'
[4.674s] [34mcolcon.colcon_core.shell[0m [1;30mINFO[0m Skip shell extension 'powershell' for command environment: Not usable outside of PowerShell
[4.674s] [34mcolcon.colcon_core.shell[0m [1;30mDEBUG[0m [32mSkip shell extension 'dsv' for command environment[0m
[4.679s] [34mcolcon.colcon_core.environment[0m [1;30mLevel 1[0m checking '/home/ivan/Webots_YOLOv8/install/ipm_image_node' for CMake module files
[4.679s] [34mcolcon.colcon_core.event_handler.log_command[0m [1;30mDEBUG[0m [32mInvoked command in '/home/ivan/Webots_YOLOv8/src/ipm/ipm_image_node' returned '0': AMENT_PREFIX_PATH=/home/ivan/Webots_YOLOv8/install/ipm_library:/home/ivan/Webots_YOLOv8/install/Webots_YOLOv8:/home/ivan/Webots_YOLOv8/install/soccer_ipm:/home/ivan/Webots_YOLOv8/install/soccer_interfaces:/home/ivan/Webots_YOLOv8/install/soccer_vision_3d_msgs:/home/ivan/Webots_YOLOv8/install/soccer_vision_2d_msgs:/home/ivan/Webots_YOLOv8/install/soccer_model_msgs:/home/ivan/Webots_YOLOv8/install/soccer_vision_attribute_msgs:/home/ivan/Webots_YOLOv8/install/soccer_geometry_msgs:/home/ivan/Webots_YOLOv8/install/my_package:/home/ivan/Webots_YOLOv8/install/ipm_service:/home/ivan/Webots_YOLOv8/install/ipm_image_node:/home/ivan/Webots_YOLOv8/install/ipm_interfaces:/opt/ros/humble CMAKE_PREFIX_PATH=/home/ivan/Webots_YOLOv8/install/ipm_interfaces:/home/ivan/Webots_YOLOv8/install/soccer_interfaces:/home/ivan/Webots_YOLOv8/install/soccer_vision_3d_msgs:/home/ivan/Webots_YOLOv8/install/soccer_vision_2d_msgs:/home/ivan/Webots_YOLOv8/install/soccer_model_msgs:/home/ivan/Webots_YOLOv8/install/soccer_vision_attribute_msgs:/home/ivan/Webots_YOLOv8/install/soccer_geometry_msgs LD_LIBRARY_PATH=/home/ivan/Webots_YOLOv8/install/ipm_interfaces/lib:/home/ivan/Webots_YOLOv8/install/soccer_vision_3d_msgs/lib:/home/ivan/Webots_YOLOv8/install/soccer_vision_2d_msgs/lib:/home/ivan/Webots_YOLOv8/install/soccer_model_msgs/lib:/home/ivan/Webots_YOLOv8/install/soccer_vision_attribute_msgs/lib:/home/ivan/Webots_YOLOv8/install/soccer_geometry_msgs/lib:/opt/ros/humble/opt/rviz_ogre_vendor/lib:/opt/ros/humble/lib/x86_64-linux-gnu:/opt/ros/humble/lib PYTHONPATH=/home/ivan/Webots_YOLOv8/build/ipm_image_node/prefix_override:/usr/lib/python3/dist-packages/colcon_core/task/python/colcon_distutils_commands:/home/ivan/Webots_YOLOv8/install/ipm_image_node/lib/python3.10/site-packages:/home/ivan/Webots_YOLOv8/install/ipm_library/lib/python3.10/site-packages:/home/ivan/Webots_YOLOv8/install/Webots_YOLOv8/lib/python3.10/site-packages:/home/ivan/Webots_YOLOv8/install/soccer_ipm/lib/python3.10/site-packages:/home/ivan/Webots_YOLOv8/install/soccer_vision_3d_msgs/local/lib/python3.10/dist-packages:/home/ivan/Webots_YOLOv8/install/soccer_vision_2d_msgs/local/lib/python3.10/dist-packages:/home/ivan/Webots_YOLOv8/install/soccer_model_msgs/local/lib/python3.10/dist-packages:/home/ivan/Webots_YOLOv8/install/soccer_vision_attribute_msgs/local/lib/python3.10/dist-packages:/home/ivan/Webots_YOLOv8/install/soccer_geometry_msgs/local/lib/python3.10/dist-packages:/home/ivan/Webots_YOLOv8/install/my_package/lib/python3.10/site-packages:/home/ivan/Webots_YOLOv8/install/ipm_service/lib/python3.10/site-packages:/home/ivan/Webots_YOLOv8/install/ipm_image_node/lib/python3.10/site-packages:/home/ivan/Webots_YOLOv8/install/ipm_interfaces/local/lib/python3.10/dist-packages:/opt/ros/humble/lib/python3.10/site-packages:/opt/ros/humble/local/lib/python3.10/dist-packages /usr/bin/python3 -W ignore:setup.py install is deprecated -W ignore:easy_install command is deprecated setup.py egg_info --egg-base ../../../build/ipm_image_node build --build-base /home/ivan/Webots_YOLOv8/build/ipm_image_node/build install --record /home/ivan/Webots_YOLOv8/build/ipm_image_node/install.log --single-version-externally-managed install_data[0m
[4.680s] [34mcolcon.colcon_core.environment[0m [1;30mLevel 1[0m checking '/home/ivan/Webots_YOLOv8/install/ipm_image_node' for CMake config files
[4.680s] [34mcolcon.colcon_core.environment[0m [1;30mLevel 1[0m checking '/home/ivan/Webots_YOLOv8/install/ipm_image_node/lib'
[4.680s] [34mcolcon.colcon_core.environment[0m [1;30mLevel 1[0m checking '/home/ivan/Webots_YOLOv8/install/ipm_image_node/bin'
[4.680s] [34mcolcon.colcon_core.environment[0m [1;30mLevel 1[0m checking '/home/ivan/Webots_YOLOv8/install/ipm_image_node/lib/pkgconfig/ipm_image_node.pc'
[4.680s] [34mcolcon.colcon_core.environment[0m [1;30mLevel 1[0m checking '/home/ivan/Webots_YOLOv8/install/ipm_image_node/lib/python3.10/site-packages'
[4.680s] [34mcolcon.colcon_core.shell[0m [1;30mLevel 1[0m create_environment_hook('ipm_image_node', 'pythonpath')
[4.681s] [34mcolcon.colcon_core.shell[0m [1;30mINFO[0m Creating environment hook '/home/ivan/Webots_YOLOv8/install/ipm_image_node/share/ipm_image_node/hook/pythonpath.ps1'
[4.681s] [34mcolcon.colcon_core.shell[0m [1;30mINFO[0m Creating environment descriptor '/home/ivan/Webots_YOLOv8/install/ipm_image_node/share/ipm_image_node/hook/pythonpath.dsv'
[4.681s] [34mcolcon.colcon_core.shell[0m [1;30mINFO[0m Creating environment hook '/home/ivan/Webots_YOLOv8/install/ipm_image_node/share/ipm_image_node/hook/pythonpath.sh'
[4.682s] [34mcolcon.colcon_core.environment[0m [1;30mLevel 1[0m checking '/home/ivan/Webots_YOLOv8/install/ipm_image_node/bin'
[4.682s] [34mcolcon.colcon_core.environment[0m [1;30mLevel 1[0m create_environment_scripts_only(ipm_image_node)
[4.682s] [34mcolcon.colcon_core.shell[0m [1;30mINFO[0m Creating package script '/home/ivan/Webots_YOLOv8/install/ipm_image_node/share/ipm_image_node/package.ps1'
[4.683s] [34mcolcon.colcon_core.shell[0m [1;30mINFO[0m Creating package descriptor '/home/ivan/Webots_YOLOv8/install/ipm_image_node/share/ipm_image_node/package.dsv'
[4.683s] [34mcolcon.colcon_core.shell[0m [1;30mINFO[0m Creating package script '/home/ivan/Webots_YOLOv8/install/ipm_image_node/share/ipm_image_node/package.sh'
[4.683s] [34mcolcon.colcon_core.shell[0m [1;30mINFO[0m Creating package script '/home/ivan/Webots_YOLOv8/install/ipm_image_node/share/ipm_image_node/package.bash'
[4.684s] [34mcolcon.colcon_core.shell[0m [1;30mINFO[0m Creating package script '/home/ivan/Webots_YOLOv8/install/ipm_image_node/share/ipm_image_node/package.zsh'
[4.684s] [34mcolcon.colcon_core.environment[0m [1;30mLevel 1[0m create_file_with_runtime_dependencies(/home/ivan/Webots_YOLOv8/install/ipm_image_node/share/colcon-core/packages/ipm_image_node)
[4.685s] [34mcolcon.colcon_core.environment[0m [1;30mLevel 1[0m checking '/home/ivan/Webots_YOLOv8/install/ipm_service' for CMake module files
[4.686s] [34mcolcon.colcon_core.event_handler.log_command[0m [1;30mDEBUG[0m [32mInvoked command in '/home/ivan/Webots_YOLOv8/src/ipm/ipm_service' returned '0': AMENT_PREFIX_PATH=/home/ivan/Webots_YOLOv8/install/ipm_library:/home/ivan/Webots_YOLOv8/install/Webots_YOLOv8:/home/ivan/Webots_YOLOv8/install/soccer_ipm:/home/ivan/Webots_YOLOv8/install/soccer_interfaces:/home/ivan/Webots_YOLOv8/install/soccer_vision_3d_msgs:/home/ivan/Webots_YOLOv8/install/soccer_vision_2d_msgs:/home/ivan/Webots_YOLOv8/install/soccer_model_msgs:/home/ivan/Webots_YOLOv8/install/soccer_vision_attribute_msgs:/home/ivan/Webots_YOLOv8/install/soccer_geometry_msgs:/home/ivan/Webots_YOLOv8/install/my_package:/home/ivan/Webots_YOLOv8/install/ipm_service:/home/ivan/Webots_YOLOv8/install/ipm_image_node:/home/ivan/Webots_YOLOv8/install/ipm_interfaces:/opt/ros/humble CMAKE_PREFIX_PATH=/home/ivan/Webots_YOLOv8/install/ipm_interfaces:/home/ivan/Webots_YOLOv8/install/soccer_interfaces:/home/ivan/Webots_YOLOv8/install/soccer_vision_3d_msgs:/home/ivan/Webots_YOLOv8/install/soccer_vision_2d_msgs:/home/ivan/Webots_YOLOv8/install/soccer_model_msgs:/home/ivan/Webots_YOLOv8/install/soccer_vision_attribute_msgs:/home/ivan/Webots_YOLOv8/install/soccer_geometry_msgs LD_LIBRARY_PATH=/home/ivan/Webots_YOLOv8/install/ipm_interfaces/lib:/home/ivan/Webots_YOLOv8/install/soccer_vision_3d_msgs/lib:/home/ivan/Webots_YOLOv8/install/soccer_vision_2d_msgs/lib:/home/ivan/Webots_YOLOv8/install/soccer_model_msgs/lib:/home/ivan/Webots_YOLOv8/install/soccer_vision_attribute_msgs/lib:/home/ivan/Webots_YOLOv8/install/soccer_geometry_msgs/lib:/opt/ros/humble/opt/rviz_ogre_vendor/lib:/opt/ros/humble/lib/x86_64-linux-gnu:/opt/ros/humble/lib PYTHONPATH=/home/ivan/Webots_YOLOv8/build/ipm_service/prefix_override:/usr/lib/python3/dist-packages/colcon_core/task/python/colcon_distutils_commands:/home/ivan/Webots_YOLOv8/install/ipm_service/lib/python3.10/site-packages:/home/ivan/Webots_YOLOv8/install/ipm_library/lib/python3.10/site-packages:/home/ivan/Webots_YOLOv8/install/Webots_YOLOv8/lib/python3.10/site-packages:/home/ivan/Webots_YOLOv8/install/soccer_ipm/lib/python3.10/site-packages:/home/ivan/Webots_YOLOv8/install/soccer_vision_3d_msgs/local/lib/python3.10/dist-packages:/home/ivan/Webots_YOLOv8/install/soccer_vision_2d_msgs/local/lib/python3.10/dist-packages:/home/ivan/Webots_YOLOv8/install/soccer_model_msgs/local/lib/python3.10/dist-packages:/home/ivan/Webots_YOLOv8/install/soccer_vision_attribute_msgs/local/lib/python3.10/dist-packages:/home/ivan/Webots_YOLOv8/install/soccer_geometry_msgs/local/lib/python3.10/dist-packages:/home/ivan/Webots_YOLOv8/install/my_package/lib/python3.10/site-packages:/home/ivan/Webots_YOLOv8/install/ipm_service/lib/python3.10/site-packages:/home/ivan/Webots_YOLOv8/install/ipm_image_node/lib/python3.10/site-packages:/home/ivan/Webots_YOLOv8/install/ipm_interfaces/local/lib/python3.10/dist-packages:/opt/ros/humble/lib/python3.10/site-packages:/opt/ros/humble/local/lib/python3.10/dist-packages /usr/bin/python3 -W ignore:setup.py install is deprecated -W ignore:easy_install command is deprecated setup.py egg_info --egg-base ../../../build/ipm_service build --build-base /home/ivan/Webots_YOLOv8/build/ipm_service/build install --record /home/ivan/Webots_YOLOv8/build/ipm_service/install.log --single-version-externally-managed install_data[0m
[4.686s] [34mcolcon.colcon_core.environment[0m [1;30mLevel 1[0m checking '/home/ivan/Webots_YOLOv8/install/ipm_service' for CMake config files
[4.687s] [34mcolcon.colcon_core.environment[0m [1;30mLevel 1[0m checking '/home/ivan/Webots_YOLOv8/install/ipm_service/lib'
[4.687s] [34mcolcon.colcon_core.environment[0m [1;30mLevel 1[0m checking '/home/ivan/Webots_YOLOv8/install/ipm_service/bin'
[4.687s] [34mcolcon.colcon_core.environment[0m [1;30mLevel 1[0m checking '/home/ivan/Webots_YOLOv8/install/ipm_service/lib/pkgconfig/ipm_service.pc'
[4.688s] [34mcolcon.colcon_core.environment[0m [1;30mLevel 1[0m checking '/home/ivan/Webots_YOLOv8/install/ipm_service/lib/python3.10/site-packages'
[4.688s] [34mcolcon.colcon_core.shell[0m [1;30mLevel 1[0m create_environment_hook('ipm_service', 'pythonpath')
[4.688s] [34mcolcon.colcon_core.shell[0m [1;30mINFO[0m Creating environment hook '/home/ivan/Webots_YOLOv8/install/ipm_service/share/ipm_service/hook/pythonpath.ps1'
[4.688s] [34mcolcon.colcon_core.shell[0m [1;30mINFO[0m Creating environment descriptor '/home/ivan/Webots_YOLOv8/install/ipm_service/share/ipm_service/hook/pythonpath.dsv'
[4.689s] [34mcolcon.colcon_core.shell[0m [1;30mINFO[0m Creating environment hook '/home/ivan/Webots_YOLOv8/install/ipm_service/share/ipm_service/hook/pythonpath.sh'
[4.689s] [34mcolcon.colcon_core.environment[0m [1;30mLevel 1[0m checking '/home/ivan/Webots_YOLOv8/install/ipm_service/bin'
[4.689s] [34mcolcon.colcon_core.environment[0m [1;30mLevel 1[0m create_environment_scripts_only(ipm_service)
[4.689s] [34mcolcon.colcon_core.shell[0m [1;30mINFO[0m Creating package script '/home/ivan/Webots_YOLOv8/install/ipm_service/share/ipm_service/package.ps1'
[4.690s] [34mcolcon.colcon_core.shell[0m [1;30mINFO[0m Creating package descriptor '/home/ivan/Webots_YOLOv8/install/ipm_service/share/ipm_service/package.dsv'
[4.690s] [34mcolcon.colcon_core.shell[0m [1;30mINFO[0m Creating package script '/home/ivan/Webots_YOLOv8/install/ipm_service/share/ipm_service/package.sh'
[4.691s] [34mcolcon.colcon_core.shell[0m [1;30mINFO[0m Creating package script '/home/ivan/Webots_YOLOv8/install/ipm_service/share/ipm_service/package.bash'
[4.691s] [34mcolcon.colcon_core.shell[0m [1;30mINFO[0m Creating package script '/home/ivan/Webots_YOLOv8/install/ipm_service/share/ipm_service/package.zsh'
[4.691s] [34mcolcon.colcon_core.environment[0m [1;30mLevel 1[0m create_file_with_runtime_dependencies(/home/ivan/Webots_YOLOv8/install/ipm_service/share/colcon-core/packages/ipm_service)
[5.058s] [34mcolcon.colcon_core.event_handler.log_command[0m [1;30mDEBUG[0m [32mInvoking command in '/home/ivan/Webots_YOLOv8/src/Webots_YOLOv8': AMENT_PREFIX_PATH=/home/ivan/Webots_YOLOv8/install/soccer_ipm:/home/ivan/Webots_YOLOv8/install/ipm_library:/home/ivan/Webots_YOLOv8/install/Webots_YOLOv8:/home/ivan/Webots_YOLOv8/install/soccer_interfaces:/home/ivan/Webots_YOLOv8/install/soccer_vision_3d_msgs:/home/ivan/Webots_YOLOv8/install/soccer_vision_2d_msgs:/home/ivan/Webots_YOLOv8/install/soccer_model_msgs:/home/ivan/Webots_YOLOv8/install/soccer_vision_attribute_msgs:/home/ivan/Webots_YOLOv8/install/soccer_geometry_msgs:/home/ivan/Webots_YOLOv8/install/my_package:/home/ivan/Webots_YOLOv8/install/ipm_service:/home/ivan/Webots_YOLOv8/install/ipm_image_node:/home/ivan/Webots_YOLOv8/install/ipm_interfaces:/opt/ros/humble CMAKE_PREFIX_PATH=/home/ivan/Webots_YOLOv8/install/soccer_vision_3d_msgs:/home/ivan/Webots_YOLOv8/install/soccer_vision_2d_msgs:/home/ivan/Webots_YOLOv8/install/soccer_vision_attribute_msgs:/home/ivan/Webots_YOLOv8/install/ipm_interfaces:/home/ivan/Webots_YOLOv8/install/soccer_interfaces:/home/ivan/Webots_YOLOv8/install/soccer_model_msgs:/home/ivan/Webots_YOLOv8/install/soccer_geometry_msgs LD_LIBRARY_PATH=/home/ivan/Webots_YOLOv8/install/soccer_vision_3d_msgs/lib:/home/ivan/Webots_YOLOv8/install/soccer_vision_2d_msgs/lib:/home/ivan/Webots_YOLOv8/install/soccer_vision_attribute_msgs/lib:/home/ivan/Webots_YOLOv8/install/ipm_interfaces/lib:/home/ivan/Webots_YOLOv8/install/soccer_model_msgs/lib:/home/ivan/Webots_YOLOv8/install/soccer_geometry_msgs/lib:/opt/ros/humble/opt/rviz_ogre_vendor/lib:/opt/ros/humble/lib/x86_64-linux-gnu:/opt/ros/humble/lib PYTHONPATH=/home/ivan/Webots_YOLOv8/build/Webots_YOLOv8/prefix_override:/usr/lib/python3/dist-packages/colcon_core/task/python/colcon_distutils_commands:/home/ivan/Webots_YOLOv8/install/Webots_YOLOv8/lib/python3.10/site-packages:/home/ivan/Webots_YOLOv8/install/soccer_ipm/lib/python3.10/site-packages:/home/ivan/Webots_YOLOv8/install/ipm_library/lib/python3.10/site-packages:/home/ivan/Webots_YOLOv8/install/Webots_YOLOv8/lib/python3.10/site-packages:/home/ivan/Webots_YOLOv8/install/soccer_vision_3d_msgs/local/lib/python3.10/dist-packages:/home/ivan/Webots_YOLOv8/install/soccer_vision_2d_msgs/local/lib/python3.10/dist-packages:/home/ivan/Webots_YOLOv8/install/soccer_model_msgs/local/lib/python3.10/dist-packages:/home/ivan/Webots_YOLOv8/install/soccer_vision_attribute_msgs/local/lib/python3.10/dist-packages:/home/ivan/Webots_YOLOv8/install/soccer_geometry_msgs/local/lib/python3.10/dist-packages:/home/ivan/Webots_YOLOv8/install/my_package/lib/python3.10/site-packages:/home/ivan/Webots_YOLOv8/install/ipm_service/lib/python3.10/site-packages:/home/ivan/Webots_YOLOv8/install/ipm_image_node/lib/python3.10/site-packages:/home/ivan/Webots_YOLOv8/install/ipm_interfaces/local/lib/python3.10/dist-packages:/opt/ros/humble/lib/python3.10/site-packages:/opt/ros/humble/local/lib/python3.10/dist-packages /usr/bin/python3 -W ignore:setup.py install is deprecated -W ignore:easy_install command is deprecated setup.py egg_info --egg-base ../../build/Webots_YOLOv8 build --build-base /home/ivan/Webots_YOLOv8/build/Webots_YOLOv8/build install --record /home/ivan/Webots_YOLOv8/build/Webots_YOLOv8/install.log --single-version-externally-managed install_data[0m
[5.373s] [34mcolcon.colcon_core.environment[0m [1;30mLevel 1[0m checking '/home/ivan/Webots_YOLOv8/install/Webots_YOLOv8' for CMake module files
[5.374s] [34mcolcon.colcon_core.event_handler.log_command[0m [1;30mDEBUG[0m [32mInvoked command in '/home/ivan/Webots_YOLOv8/src/Webots_YOLOv8' returned '0': AMENT_PREFIX_PATH=/home/ivan/Webots_YOLOv8/install/soccer_ipm:/home/ivan/Webots_YOLOv8/install/ipm_library:/home/ivan/Webots_YOLOv8/install/Webots_YOLOv8:/home/ivan/Webots_YOLOv8/install/soccer_interfaces:/home/ivan/Webots_YOLOv8/install/soccer_vision_3d_msgs:/home/ivan/Webots_YOLOv8/install/soccer_vision_2d_msgs:/home/ivan/Webots_YOLOv8/install/soccer_model_msgs:/home/ivan/Webots_YOLOv8/install/soccer_vision_attribute_msgs:/home/ivan/Webots_YOLOv8/install/soccer_geometry_msgs:/home/ivan/Webots_YOLOv8/install/my_package:/home/ivan/Webots_YOLOv8/install/ipm_service:/home/ivan/Webots_YOLOv8/install/ipm_image_node:/home/ivan/Webots_YOLOv8/install/ipm_interfaces:/opt/ros/humble CMAKE_PREFIX_PATH=/home/ivan/Webots_YOLOv8/install/soccer_vision_3d_msgs:/home/ivan/Webots_YOLOv8/install/soccer_vision_2d_msgs:/home/ivan/Webots_YOLOv8/install/soccer_vision_attribute_msgs:/home/ivan/Webots_YOLOv8/install/ipm_interfaces:/home/ivan/Webots_YOLOv8/install/soccer_interfaces:/home/ivan/Webots_YOLOv8/install/soccer_model_msgs:/home/ivan/Webots_YOLOv8/install/soccer_geometry_msgs LD_LIBRARY_PATH=/home/ivan/Webots_YOLOv8/install/soccer_vision_3d_msgs/lib:/home/ivan/Webots_YOLOv8/install/soccer_vision_2d_msgs/lib:/home/ivan/Webots_YOLOv8/install/soccer_vision_attribute_msgs/lib:/home/ivan/Webots_YOLOv8/install/ipm_interfaces/lib:/home/ivan/Webots_YOLOv8/install/soccer_model_msgs/lib:/home/ivan/Webots_YOLOv8/install/soccer_geometry_msgs/lib:/opt/ros/humble/opt/rviz_ogre_vendor/lib:/opt/ros/humble/lib/x86_64-linux-gnu:/opt/ros/humble/lib PYTHONPATH=/home/ivan/Webots_YOLOv8/build/Webots_YOLOv8/prefix_override:/usr/lib/python3/dist-packages/colcon_core/task/python/colcon_distutils_commands:/home/ivan/Webots_YOLOv8/install/Webots_YOLOv8/lib/python3.10/site-packages:/home/ivan/Webots_YOLOv8/install/soccer_ipm/lib/python3.10/site-packages:/home/ivan/Webots_YOLOv8/install/ipm_library/lib/python3.10/site-packages:/home/ivan/Webots_YOLOv8/install/Webots_YOLOv8/lib/python3.10/site-packages:/home/ivan/Webots_YOLOv8/install/soccer_vision_3d_msgs/local/lib/python3.10/dist-packages:/home/ivan/Webots_YOLOv8/install/soccer_vision_2d_msgs/local/lib/python3.10/dist-packages:/home/ivan/Webots_YOLOv8/install/soccer_model_msgs/local/lib/python3.10/dist-packages:/home/ivan/Webots_YOLOv8/install/soccer_vision_attribute_msgs/local/lib/python3.10/dist-packages:/home/ivan/Webots_YOLOv8/install/soccer_geometry_msgs/local/lib/python3.10/dist-packages:/home/ivan/Webots_YOLOv8/install/my_package/lib/python3.10/site-packages:/home/ivan/Webots_YOLOv8/install/ipm_service/lib/python3.10/site-packages:/home/ivan/Webots_YOLOv8/install/ipm_image_node/lib/python3.10/site-packages:/home/ivan/Webots_YOLOv8/install/ipm_interfaces/local/lib/python3.10/dist-packages:/opt/ros/humble/lib/python3.10/site-packages:/opt/ros/humble/local/lib/python3.10/dist-packages /usr/bin/python3 -W ignore:setup.py install is deprecated -W ignore:easy_install command is deprecated setup.py egg_info --egg-base ../../build/Webots_YOLOv8 build --build-base /home/ivan/Webots_YOLOv8/build/Webots_YOLOv8/build install --record /home/ivan/Webots_YOLOv8/build/Webots_YOLOv8/install.log --single-version-externally-managed install_data[0m
[5.375s] [34mcolcon.colcon_core.environment[0m [1;30mLevel 1[0m checking '/home/ivan/Webots_YOLOv8/install/Webots_YOLOv8' for CMake config files
[5.377s] [34mcolcon.colcon_core.environment[0m [1;30mLevel 1[0m checking '/home/ivan/Webots_YOLOv8/install/Webots_YOLOv8/lib'
[5.377s] [34mcolcon.colcon_core.environment[0m [1;30mLevel 1[0m checking '/home/ivan/Webots_YOLOv8/install/Webots_YOLOv8/bin'
[5.377s] [34mcolcon.colcon_core.environment[0m [1;30mLevel 1[0m checking '/home/ivan/Webots_YOLOv8/install/Webots_YOLOv8/lib/pkgconfig/Webots_YOLOv8.pc'
[5.377s] [34mcolcon.colcon_core.environment[0m [1;30mLevel 1[0m checking '/home/ivan/Webots_YOLOv8/install/Webots_YOLOv8/lib/python3.10/site-packages'
[5.377s] [34mcolcon.colcon_core.shell[0m [1;30mLevel 1[0m create_environment_hook('Webots_YOLOv8', 'pythonpath')
[5.377s] [34mcolcon.colcon_core.shell[0m [1;30mINFO[0m Creating environment hook '/home/ivan/Webots_YOLOv8/install/Webots_YOLOv8/share/Webots_YOLOv8/hook/pythonpath.ps1'
[5.378s] [34mcolcon.colcon_core.shell[0m [1;30mINFO[0m Creating environment descriptor '/home/ivan/Webots_YOLOv8/install/Webots_YOLOv8/share/Webots_YOLOv8/hook/pythonpath.dsv'
[5.378s] [34mcolcon.colcon_core.shell[0m [1;30mINFO[0m Creating environment hook '/home/ivan/Webots_YOLOv8/install/Webots_YOLOv8/share/Webots_YOLOv8/hook/pythonpath.sh'
[5.378s] [34mcolcon.colcon_core.environment[0m [1;30mLevel 1[0m checking '/home/ivan/Webots_YOLOv8/install/Webots_YOLOv8/bin'
[5.378s] [34mcolcon.colcon_core.environment[0m [1;30mLevel 1[0m create_environment_scripts_only(Webots_YOLOv8)
[5.379s] [34mcolcon.colcon_core.shell[0m [1;30mINFO[0m Creating package script '/home/ivan/Webots_YOLOv8/install/Webots_YOLOv8/share/Webots_YOLOv8/package.ps1'
[5.379s] [34mcolcon.colcon_core.shell[0m [1;30mINFO[0m Creating package descriptor '/home/ivan/Webots_YOLOv8/install/Webots_YOLOv8/share/Webots_YOLOv8/package.dsv'
[5.379s] [34mcolcon.colcon_core.shell[0m [1;30mINFO[0m Creating package script '/home/ivan/Webots_YOLOv8/install/Webots_YOLOv8/share/Webots_YOLOv8/package.sh'
[5.380s] [34mcolcon.colcon_core.shell[0m [1;30mINFO[0m Creating package script '/home/ivan/Webots_YOLOv8/install/Webots_YOLOv8/share/Webots_YOLOv8/package.bash'
[5.380s] [34mcolcon.colcon_core.shell[0m [1;30mINFO[0m Creating package script '/home/ivan/Webots_YOLOv8/install/Webots_YOLOv8/share/Webots_YOLOv8/package.zsh'
[5.380s] [34mcolcon.colcon_core.environment[0m [1;30mLevel 1[0m create_file_with_runtime_dependencies(/home/ivan/Webots_YOLOv8/install/Webots_YOLOv8/share/colcon-core/packages/Webots_YOLOv8)
[5.381s] [34mcolcon.colcon_parallel_executor.executor.parallel[0m [1;30mDEBUG[0m [32mclosing loop[0m
[5.381s] [34mcolcon.colcon_parallel_executor.executor.parallel[0m [1;30mDEBUG[0m [32mloop closed[0m
[5.381s] [34mcolcon.colcon_parallel_executor.executor.parallel[0m [1;30mDEBUG[0m [32mrun_until_complete finished with '0'[0m
[5.381s] [34mcolcon.colcon_core.event_reactor[0m [1;30mDEBUG[0m [32mjoining thread[0m
[5.391s] [34mcolcon.colcon_core.plugin_system[0m [1;30mINFO[0m Skipping extension 'colcon_notification.desktop_notification.terminal_notifier': Not used on non-Darwin systems
[5.391s] [34mcolcon.colcon_core.plugin_system[0m [1;30mINFO[0m Skipping extension 'colcon_notification.desktop_notification.win32': Not used on non-Windows systems
[5.391s] [34mcolcon.colcon_notification.desktop_notification[0m [1;30mINFO[0m Sending desktop notification using 'notify2'
[5.409s] [34mcolcon.colcon_core.event_reactor[0m [1;30mDEBUG[0m [32mjoined thread[0m
[5.410s] [34mcolcon.colcon_core.shell[0m [1;30mINFO[0m Creating prefix script '/home/ivan/Webots_YOLOv8/install/local_setup.ps1'
[5.411s] [34mcolcon.colcon_core.shell[0m [1;30mINFO[0m Creating prefix util module '/home/ivan/Webots_YOLOv8/install/_local_setup_util_ps1.py'
[5.413s] [34mcolcon.colcon_core.shell[0m [1;30mINFO[0m Creating prefix chain script '/home/ivan/Webots_YOLOv8/install/setup.ps1'
[5.415s] [34mcolcon.colcon_core.shell[0m [1;30mINFO[0m Creating prefix script '/home/ivan/Webots_YOLOv8/install/local_setup.sh'
[5.416s] [34mcolcon.colcon_core.shell[0m [1;30mINFO[0m Creating prefix util module '/home/ivan/Webots_YOLOv8/install/_local_setup_util_sh.py'
[5.416s] [34mcolcon.colcon_core.shell[0m [1;30mINFO[0m Creating prefix chain script '/home/ivan/Webots_YOLOv8/install/setup.sh'
[5.418s] [34mcolcon.colcon_core.shell[0m [1;30mINFO[0m Creating prefix script '/home/ivan/Webots_YOLOv8/install/local_setup.bash'
[5.419s] [34mcolcon.colcon_core.shell[0m [1;30mINFO[0m Creating prefix chain script '/home/ivan/Webots_YOLOv8/install/setup.bash'
[5.421s] [34mcolcon.colcon_core.shell[0m [1;30mINFO[0m Creating prefix script '/home/ivan/Webots_YOLOv8/install/local_setup.zsh'
[5.422s] [34mcolcon.colcon_core.shell[0m [1;30mINFO[0m Creating prefix chain script '/home/ivan/Webots_YOLOv8/install/setup.zsh'
