[0.220s] [34mcolcon[0m [1;30mDEBUG[0m [32mCommand line arguments: ['/usr/bin/colcon', 'build'][0m
[0.221s] [34mcolcon[0m [1;30mDEBUG[0m [32mParsed command line arguments: Namespace(log_base=None, log_level=None, verb_name='build', build_base='build', install_base='install', merge_install=False, symlink_install=False, test_result_base=None, continue_on_error=False, executor='parallel', parallel_workers=12, event_handlers=None, ignore_user_meta=False, metas=['./colcon.meta'], base_paths=['.'], packages_ignore=None, packages_ignore_regex=None, paths=None, packages_up_to=None, packages_up_to_regex=None, packages_above=None, packages_above_and_dependencies=None, packages_above_depth=None, packages_select_by_dep=None, packages_skip_by_dep=None, packages_skip_up_to=None, packages_select_build_failed=False, packages_skip_build_finished=False, packages_select_test_failures=False, packages_skip_test_passed=False, packages_select=None, packages_skip=None, packages_select_regex=None, packages_skip_regex=None, packages_start=None, packages_end=None, allow_overriding=[], cmake_args=None, cmake_target=None, cmake_target_skip_unavailable=False, cmake_clean_cache=False, cmake_clean_first=False, cmake_force_configure=False, ament_cmake_args=None, catkin_cmake_args=None, catkin_skip_building_tests=False, mixin_files=None, mixin=None, verb_parser=<colcon_mixin.mixin.mixin_argument.MixinArgumentDecorator object at 0x764de211f7f0>, verb_extension=<colcon_core.verb.build.BuildVerb object at 0x764de22d4ee0>, main=<bound method BuildVerb.main of <colcon_core.verb.build.BuildVerb object at 0x764de22d4ee0>>, mixin_verb=('build',))[0m
[0.586s] [34mcolcon.colcon_core.package_discovery[0m [1;30mLevel 1[0m discover_packages(colcon_meta) check parameters
[0.587s] [34mcolcon.colcon_core.package_discovery[0m [1;30mLevel 1[0m discover_packages(recursive) check parameters
[0.587s] [34mcolcon.colcon_core.package_discovery[0m [1;30mLevel 1[0m discover_packages(ignore) check parameters
[0.587s] [34mcolcon.colcon_core.package_discovery[0m [1;30mLevel 1[0m discover_packages(path) check parameters
[0.587s] [34mcolcon.colcon_core.package_discovery[0m [1;30mLevel 1[0m discover_packages(colcon_meta) discover
[0.587s] [34mcolcon.colcon_core.package_discovery[0m [1;30mLevel 1[0m discover_packages(recursive) discover
[0.587s] [34mcolcon.colcon_core.package_discovery[0m [1;30mINFO[0m Crawling recursively for packages in '/home/ivan/Webots_YOLOv8'
[0.587s] [34mcolcon.colcon_core.package_identification[0m [1;30mLevel 1[0m _identify(.) by extensions ['ignore', 'ignore_ament_install']
[0.587s] [34mcolcon.colcon_core.package_identification[0m [1;30mLevel 1[0m _identify(.) by extension 'ignore'
[0.587s] [34mcolcon.colcon_core.package_identification[0m [1;30mLevel 1[0m _identify(.) by extension 'ignore_ament_install'
[0.587s] [34mcolcon.colcon_core.package_identification[0m [1;30mLevel 1[0m _identify(.) by extensions ['colcon_pkg']
[0.587s] [34mcolcon.colcon_core.package_identification[0m [1;30mLevel 1[0m _identify(.) by extension 'colcon_pkg'
[0.587s] [34mcolcon.colcon_core.package_identification[0m [1;30mLevel 1[0m _identify(.) by extensions ['colcon_meta']
[0.587s] [34mcolcon.colcon_core.package_identification[0m [1;30mLevel 1[0m _identify(.) by extension 'colcon_meta'
[0.587s] [34mcolcon.colcon_core.package_identification[0m [1;30mLevel 1[0m _identify(.) by extensions ['ros']
[0.587s] [34mcolcon.colcon_core.package_identification[0m [1;30mLevel 1[0m _identify(.) by extension 'ros'
[0.604s] [34mcolcon.colcon_core.package_identification[0m [1;30mLevel 1[0m _identify(.) by extensions ['cmake', 'python']
[0.604s] [34mcolcon.colcon_core.package_identification[0m [1;30mLevel 1[0m _identify(.) by extension 'cmake'
[0.604s] [34mcolcon.colcon_core.package_identification[0m [1;30mLevel 1[0m _identify(.) by extension 'python'
[0.604s] [34mcolcon.colcon_core.package_identification[0m [1;30mLevel 1[0m _identify(.) by extensions ['python_setup_py']
[0.604s] [34mcolcon.colcon_core.package_identification[0m [1;30mLevel 1[0m _identify(.) by extension 'python_setup_py'
[0.604s] [34mcolcon.colcon_core.package_identification[0m [1;30mLevel 1[0m _identify(build) by extensions ['ignore', 'ignore_ament_install']
[0.605s] [34mcolcon.colcon_core.package_identification[0m [1;30mLevel 1[0m _identify(build) by extension 'ignore'
[0.605s] [34mcolcon.colcon_core.package_identification[0m [1;30mLevel 1[0m _identify(build) ignored
[0.605s] [34mcolcon.colcon_core.package_identification[0m [1;30mLevel 1[0m _identify(image) by extensions ['ignore', 'ignore_ament_install']
[0.605s] [34mcolcon.colcon_core.package_identification[0m [1;30mLevel 1[0m _identify(image) by extension 'ignore'
[0.605s] [34mcolcon.colcon_core.package_identification[0m [1;30mLevel 1[0m _identify(image) by extension 'ignore_ament_install'
[0.605s] [34mcolcon.colcon_core.package_identification[0m [1;30mLevel 1[0m _identify(image) by extensions ['colcon_pkg']
[0.605s] [34mcolcon.colcon_core.package_identification[0m [1;30mLevel 1[0m _identify(image) by extension 'colcon_pkg'
[0.605s] [34mcolcon.colcon_core.package_identification[0m [1;30mLevel 1[0m _identify(image) by extensions ['colcon_meta']
[0.605s] [34mcolcon.colcon_core.package_identification[0m [1;30mLevel 1[0m _identify(image) by extension 'colcon_meta'
[0.605s] [34mcolcon.colcon_core.package_identification[0m [1;30mLevel 1[0m _identify(image) by extensions ['ros']
[0.605s] [34mcolcon.colcon_core.package_identification[0m [1;30mLevel 1[0m _identify(image) by extension 'ros'
[0.605s] [34mcolcon.colcon_core.package_identification[0m [1;30mLevel 1[0m _identify(image) by extensions ['cmake', 'python']
[0.605s] [34mcolcon.colcon_core.package_identification[0m [1;30mLevel 1[0m _identify(image) by extension 'cmake'
[0.605s] [34mcolcon.colcon_core.package_identification[0m [1;30mLevel 1[0m _identify(image) by extension 'python'
[0.606s] [34mcolcon.colcon_core.package_identification[0m [1;30mLevel 1[0m _identify(image) by extensions ['python_setup_py']
[0.606s] [34mcolcon.colcon_core.package_identification[0m [1;30mLevel 1[0m _identify(image) by extension 'python_setup_py'
[0.606s] [34mcolcon.colcon_core.package_identification[0m [1;30mLevel 1[0m _identify(install) by extensions ['ignore', 'ignore_ament_install']
[0.606s] [34mcolcon.colcon_core.package_identification[0m [1;30mLevel 1[0m _identify(install) by extension 'ignore'
[0.606s] [34mcolcon.colcon_core.package_identification[0m [1;30mLevel 1[0m _identify(install) ignored
[0.606s] [34mcolcon.colcon_core.package_identification[0m [1;30mLevel 1[0m _identify(log) by extensions ['ignore', 'ignore_ament_install']
[0.606s] [34mcolcon.colcon_core.package_identification[0m [1;30mLevel 1[0m _identify(log) by extension 'ignore'
[0.606s] [34mcolcon.colcon_core.package_identification[0m [1;30mLevel 1[0m _identify(log) ignored
[0.606s] [34mcolcon.colcon_core.package_identification[0m [1;30mLevel 1[0m _identify(src) by extensions ['ignore', 'ignore_ament_install']
[0.606s] [34mcolcon.colcon_core.package_identification[0m [1;30mLevel 1[0m _identify(src) by extension 'ignore'
[0.606s] [34mcolcon.colcon_core.package_identification[0m [1;30mLevel 1[0m _identify(src) by extension 'ignore_ament_install'
[0.606s] [34mcolcon.colcon_core.package_identification[0m [1;30mLevel 1[0m _identify(src) by extensions ['colcon_pkg']
[0.607s] [34mcolcon.colcon_core.package_identification[0m [1;30mLevel 1[0m _identify(src) by extension 'colcon_pkg'
[0.607s] [34mcolcon.colcon_core.package_identification[0m [1;30mLevel 1[0m _identify(src) by extensions ['colcon_meta']
[0.607s] [34mcolcon.colcon_core.package_identification[0m [1;30mLevel 1[0m _identify(src) by extension 'colcon_meta'
[0.607s] [34mcolcon.colcon_core.package_identification[0m [1;30mLevel 1[0m _identify(src) by extensions ['ros']
[0.607s] [34mcolcon.colcon_core.package_identification[0m [1;30mLevel 1[0m _identify(src) by extension 'ros'
[0.607s] [34mcolcon.colcon_core.package_identification[0m [1;30mLevel 1[0m _identify(src) by extensions ['cmake', 'python']
[0.607s] [34mcolcon.colcon_core.package_identification[0m [1;30mLevel 1[0m _identify(src) by extension 'cmake'
[0.607s] [34mcolcon.colcon_core.package_identification[0m [1;30mLevel 1[0m _identify(src) by extension 'python'
[0.607s] [34mcolcon.colcon_core.package_identification[0m [1;30mLevel 1[0m _identify(src) by extensions ['python_setup_py']
[0.607s] [34mcolcon.colcon_core.package_identification[0m [1;30mLevel 1[0m _identify(src) by extension 'python_setup_py'
[0.607s] [34mcolcon.colcon_core.package_identification[0m [1;30mLevel 1[0m _identify(src/Webots_YOLOv8) by extensions ['ignore', 'ignore_ament_install']
[0.607s] [34mcolcon.colcon_core.package_identification[0m [1;30mLevel 1[0m _identify(src/Webots_YOLOv8) by extension 'ignore'
[0.607s] [34mcolcon.colcon_core.package_identification[0m [1;30mLevel 1[0m _identify(src/Webots_YOLOv8) by extension 'ignore_ament_install'
[0.607s] [34mcolcon.colcon_core.package_identification[0m [1;30mLevel 1[0m _identify(src/Webots_YOLOv8) by extensions ['colcon_pkg']
[0.607s] [34mcolcon.colcon_core.package_identification[0m [1;30mLevel 1[0m _identify(src/Webots_YOLOv8) by extension 'colcon_pkg'
[0.608s] [34mcolcon.colcon_core.package_identification[0m [1;30mLevel 1[0m _identify(src/Webots_YOLOv8) by extensions ['colcon_meta']
[0.608s] [34mcolcon.colcon_core.package_identification[0m [1;30mLevel 1[0m _identify(src/Webots_YOLOv8) by extension 'colcon_meta'
[0.608s] [34mcolcon.colcon_core.package_identification[0m [1;30mLevel 1[0m _identify(src/Webots_YOLOv8) by extensions ['ros']
[0.608s] [34mcolcon.colcon_core.package_identification[0m [1;30mLevel 1[0m _identify(src/Webots_YOLOv8) by extension 'ros'
[0.614s] [34mcolcon.colcon_core.package_identification[0m [1;30mDEBUG[0m [32mPackage 'src/Webots_YOLOv8' with type 'ros.ament_python' and name 'Webots_YOLOv8'[0m
[0.615s] [34mcolcon.colcon_core.package_identification[0m [1;30mLevel 1[0m _identify(src/ipm) by extensions ['ignore', 'ignore_ament_install']
[0.615s] [34mcolcon.colcon_core.package_identification[0m [1;30mLevel 1[0m _identify(src/ipm) by extension 'ignore'
[0.615s] [34mcolcon.colcon_core.package_identification[0m [1;30mLevel 1[0m _identify(src/ipm) by extension 'ignore_ament_install'
[0.615s] [34mcolcon.colcon_core.package_identification[0m [1;30mLevel 1[0m _identify(src/ipm) by extensions ['colcon_pkg']
[0.615s] [34mcolcon.colcon_core.package_identification[0m [1;30mLevel 1[0m _identify(src/ipm) by extension 'colcon_pkg'
[0.615s] [34mcolcon.colcon_core.package_identification[0m [1;30mLevel 1[0m _identify(src/ipm) by extensions ['colcon_meta']
[0.615s] [34mcolcon.colcon_core.package_identification[0m [1;30mLevel 1[0m _identify(src/ipm) by extension 'colcon_meta'
[0.615s] [34mcolcon.colcon_core.package_identification[0m [1;30mLevel 1[0m _identify(src/ipm) by extensions ['ros']
[0.615s] [34mcolcon.colcon_core.package_identification[0m [1;30mLevel 1[0m _identify(src/ipm) by extension 'ros'
[0.615s] [34mcolcon.colcon_core.package_identification[0m [1;30mLevel 1[0m _identify(src/ipm) by extensions ['cmake', 'python']
[0.615s] [34mcolcon.colcon_core.package_identification[0m [1;30mLevel 1[0m _identify(src/ipm) by extension 'cmake'
[0.616s] [34mcolcon.colcon_core.package_identification[0m [1;30mLevel 1[0m _identify(src/ipm) by extension 'python'
[0.616s] [34mcolcon.colcon_core.package_identification[0m [1;30mLevel 1[0m _identify(src/ipm) by extensions ['python_setup_py']
[0.616s] [34mcolcon.colcon_core.package_identification[0m [1;30mLevel 1[0m _identify(src/ipm) by extension 'python_setup_py'
[0.616s] [34mcolcon.colcon_core.package_identification[0m [1;30mLevel 1[0m _identify(src/ipm/ipm_image_node) by extensions ['ignore', 'ignore_ament_install']
[0.616s] [34mcolcon.colcon_core.package_identification[0m [1;30mLevel 1[0m _identify(src/ipm/ipm_image_node) by extension 'ignore'
[0.616s] [34mcolcon.colcon_core.package_identification[0m [1;30mLevel 1[0m _identify(src/ipm/ipm_image_node) by extension 'ignore_ament_install'
[0.616s] [34mcolcon.colcon_core.package_identification[0m [1;30mLevel 1[0m _identify(src/ipm/ipm_image_node) by extensions ['colcon_pkg']
[0.616s] [34mcolcon.colcon_core.package_identification[0m [1;30mLevel 1[0m _identify(src/ipm/ipm_image_node) by extension 'colcon_pkg'
[0.616s] [34mcolcon.colcon_core.package_identification[0m [1;30mLevel 1[0m _identify(src/ipm/ipm_image_node) by extensions ['colcon_meta']
[0.616s] [34mcolcon.colcon_core.package_identification[0m [1;30mLevel 1[0m _identify(src/ipm/ipm_image_node) by extension 'colcon_meta'
[0.616s] [34mcolcon.colcon_core.package_identification[0m [1;30mLevel 1[0m _identify(src/ipm/ipm_image_node) by extensions ['ros']
[0.616s] [34mcolcon.colcon_core.package_identification[0m [1;30mLevel 1[0m _identify(src/ipm/ipm_image_node) by extension 'ros'
[0.618s] [34mcolcon.colcon_core.package_identification[0m [1;30mDEBUG[0m [32mPackage 'src/ipm/ipm_image_node' with type 'ros.ament_python' and name 'ipm_image_node'[0m
[0.618s] [34mcolcon.colcon_core.package_identification[0m [1;30mLevel 1[0m _identify(src/ipm/ipm_interfaces) by extensions ['ignore', 'ignore_ament_install']
[0.618s] [34mcolcon.colcon_core.package_identification[0m [1;30mLevel 1[0m _identify(src/ipm/ipm_interfaces) by extension 'ignore'
[0.618s] [34mcolcon.colcon_core.package_identification[0m [1;30mLevel 1[0m _identify(src/ipm/ipm_interfaces) by extension 'ignore_ament_install'
[0.618s] [34mcolcon.colcon_core.package_identification[0m [1;30mLevel 1[0m _identify(src/ipm/ipm_interfaces) by extensions ['colcon_pkg']
[0.618s] [34mcolcon.colcon_core.package_identification[0m [1;30mLevel 1[0m _identify(src/ipm/ipm_interfaces) by extension 'colcon_pkg'
[0.618s] [34mcolcon.colcon_core.package_identification[0m [1;30mLevel 1[0m _identify(src/ipm/ipm_interfaces) by extensions ['colcon_meta']
[0.619s] [34mcolcon.colcon_core.package_identification[0m [1;30mLevel 1[0m _identify(src/ipm/ipm_interfaces) by extension 'colcon_meta'
[0.619s] [34mcolcon.colcon_core.package_identification[0m [1;30mLevel 1[0m _identify(src/ipm/ipm_interfaces) by extensions ['ros']
[0.619s] [34mcolcon.colcon_core.package_identification[0m [1;30mLevel 1[0m _identify(src/ipm/ipm_interfaces) by extension 'ros'
[0.620s] [34mcolcon.colcon_core.package_identification[0m [1;30mDEBUG[0m [32mPackage 'src/ipm/ipm_interfaces' with type 'ros.ament_cmake' and name 'ipm_interfaces'[0m
[0.620s] [34mcolcon.colcon_core.package_identification[0m [1;30mLevel 1[0m _identify(src/ipm/ipm_library) by extensions ['ignore', 'ignore_ament_install']
[0.620s] [34mcolcon.colcon_core.package_identification[0m [1;30mLevel 1[0m _identify(src/ipm/ipm_library) by extension 'ignore'
[0.620s] [34mcolcon.colcon_core.package_identification[0m [1;30mLevel 1[0m _identify(src/ipm/ipm_library) by extension 'ignore_ament_install'
[0.621s] [34mcolcon.colcon_core.package_identification[0m [1;30mLevel 1[0m _identify(src/ipm/ipm_library) by extensions ['colcon_pkg']
[0.621s] [34mcolcon.colcon_core.package_identification[0m [1;30mLevel 1[0m _identify(src/ipm/ipm_library) by extension 'colcon_pkg'
[0.621s] [34mcolcon.colcon_core.package_identification[0m [1;30mLevel 1[0m _identify(src/ipm/ipm_library) by extensions ['colcon_meta']
[0.621s] [34mcolcon.colcon_core.package_identification[0m [1;30mLevel 1[0m _identify(src/ipm/ipm_library) by extension 'colcon_meta'
[0.621s] [34mcolcon.colcon_core.package_identification[0m [1;30mLevel 1[0m _identify(src/ipm/ipm_library) by extensions ['ros']
[0.621s] [34mcolcon.colcon_core.package_identification[0m [1;30mLevel 1[0m _identify(src/ipm/ipm_library) by extension 'ros'
[0.623s] [34mcolcon.colcon_core.package_identification[0m [1;30mDEBUG[0m [32mPackage 'src/ipm/ipm_library' with type 'ros.ament_python' and name 'ipm_library'[0m
[0.623s] [34mcolcon.colcon_core.package_identification[0m [1;30mLevel 1[0m _identify(src/ipm/ipm_service) by extensions ['ignore', 'ignore_ament_install']
[0.623s] [34mcolcon.colcon_core.package_identification[0m [1;30mLevel 1[0m _identify(src/ipm/ipm_service) by extension 'ignore'
[0.623s] [34mcolcon.colcon_core.package_identification[0m [1;30mLevel 1[0m _identify(src/ipm/ipm_service) by extension 'ignore_ament_install'
[0.623s] [34mcolcon.colcon_core.package_identification[0m [1;30mLevel 1[0m _identify(src/ipm/ipm_service) by extensions ['colcon_pkg']
[0.623s] [34mcolcon.colcon_core.package_identification[0m [1;30mLevel 1[0m _identify(src/ipm/ipm_service) by extension 'colcon_pkg'
[0.623s] [34mcolcon.colcon_core.package_identification[0m [1;30mLevel 1[0m _identify(src/ipm/ipm_service) by extensions ['colcon_meta']
[0.623s] [34mcolcon.colcon_core.package_identification[0m [1;30mLevel 1[0m _identify(src/ipm/ipm_service) by extension 'colcon_meta'
[0.623s] [34mcolcon.colcon_core.package_identification[0m [1;30mLevel 1[0m _identify(src/ipm/ipm_service) by extensions ['ros']
[0.623s] [34mcolcon.colcon_core.package_identification[0m [1;30mLevel 1[0m _identify(src/ipm/ipm_service) by extension 'ros'
[0.625s] [34mcolcon.colcon_core.package_identification[0m [1;30mDEBUG[0m [32mPackage 'src/ipm/ipm_service' with type 'ros.ament_python' and name 'ipm_service'[0m
[0.625s] [34mcolcon.colcon_core.package_identification[0m [1;30mLevel 1[0m _identify(src/my_package) by extensions ['ignore', 'ignore_ament_install']
[0.625s] [34mcolcon.colcon_core.package_identification[0m [1;30mLevel 1[0m _identify(src/my_package) by extension 'ignore'
[0.625s] [34mcolcon.colcon_core.package_identification[0m [1;30mLevel 1[0m _identify(src/my_package) by extension 'ignore_ament_install'
[0.625s] [34mcolcon.colcon_core.package_identification[0m [1;30mLevel 1[0m _identify(src/my_package) by extensions ['colcon_pkg']
[0.625s] [34mcolcon.colcon_core.package_identification[0m [1;30mLevel 1[0m _identify(src/my_package) by extension 'colcon_pkg'
[0.625s] [34mcolcon.colcon_core.package_identification[0m [1;30mLevel 1[0m _identify(src/my_package) by extensions ['colcon_meta']
[0.625s] [34mcolcon.colcon_core.package_identification[0m [1;30mLevel 1[0m _identify(src/my_package) by extension 'colcon_meta'
[0.626s] [34mcolcon.colcon_core.package_identification[0m [1;30mLevel 1[0m _identify(src/my_package) by extensions ['ros']
[0.626s] [34mcolcon.colcon_core.package_identification[0m [1;30mLevel 1[0m _identify(src/my_package) by extension 'ros'
[0.627s] [34mcolcon.colcon_core.package_identification[0m [1;30mDEBUG[0m [32mPackage 'src/my_package' with type 'ros.ament_python' and name 'my_package'[0m
[0.627s] [34mcolcon.colcon_core.package_identification[0m [1;30mLevel 1[0m _identify(src/soccer_interfaces) by extensions ['ignore', 'ignore_ament_install']
[0.627s] [34mcolcon.colcon_core.package_identification[0m [1;30mLevel 1[0m _identify(src/soccer_interfaces) by extension 'ignore'
[0.628s] [34mcolcon.colcon_core.package_identification[0m [1;30mLevel 1[0m _identify(src/soccer_interfaces) by extension 'ignore_ament_install'
[0.628s] [34mcolcon.colcon_core.package_identification[0m [1;30mLevel 1[0m _identify(src/soccer_interfaces) by extensions ['colcon_pkg']
[0.628s] [34mcolcon.colcon_core.package_identification[0m [1;30mLevel 1[0m _identify(src/soccer_interfaces) by extension 'colcon_pkg'
[0.628s] [34mcolcon.colcon_core.package_identification[0m [1;30mLevel 1[0m _identify(src/soccer_interfaces) by extensions ['colcon_meta']
[0.628s] [34mcolcon.colcon_core.package_identification[0m [1;30mLevel 1[0m _identify(src/soccer_interfaces) by extension 'colcon_meta'
[0.628s] [34mcolcon.colcon_core.package_identification[0m [1;30mLevel 1[0m _identify(src/soccer_interfaces) by extensions ['ros']
[0.628s] [34mcolcon.colcon_core.package_identification[0m [1;30mLevel 1[0m _identify(src/soccer_interfaces) by extension 'ros'
[0.628s] [34mcolcon.colcon_core.package_identification[0m [1;30mLevel 1[0m _identify(src/soccer_interfaces) by extensions ['cmake', 'python']
[0.628s] [34mcolcon.colcon_core.package_identification[0m [1;30mLevel 1[0m _identify(src/soccer_interfaces) by extension 'cmake'
[0.628s] [34mcolcon.colcon_core.package_identification[0m [1;30mLevel 1[0m _identify(src/soccer_interfaces) by extension 'python'
[0.628s] [34mcolcon.colcon_core.package_identification[0m [1;30mLevel 1[0m _identify(src/soccer_interfaces) by extensions ['python_setup_py']
[0.628s] [34mcolcon.colcon_core.package_identification[0m [1;30mLevel 1[0m _identify(src/soccer_interfaces) by extension 'python_setup_py'
[0.628s] [34mcolcon.colcon_core.package_identification[0m [1;30mLevel 1[0m _identify(src/soccer_interfaces/soccer_geometry_msgs) by extensions ['ignore', 'ignore_ament_install']
[0.628s] [34mcolcon.colcon_core.package_identification[0m [1;30mLevel 1[0m _identify(src/soccer_interfaces/soccer_geometry_msgs) by extension 'ignore'
[0.629s] [34mcolcon.colcon_core.package_identification[0m [1;30mLevel 1[0m _identify(src/soccer_interfaces/soccer_geometry_msgs) by extension 'ignore_ament_install'
[0.629s] [34mcolcon.colcon_core.package_identification[0m [1;30mLevel 1[0m _identify(src/soccer_interfaces/soccer_geometry_msgs) by extensions ['colcon_pkg']
[0.629s] [34mcolcon.colcon_core.package_identification[0m [1;30mLevel 1[0m _identify(src/soccer_interfaces/soccer_geometry_msgs) by extension 'colcon_pkg'
[0.629s] [34mcolcon.colcon_core.package_identification[0m [1;30mLevel 1[0m _identify(src/soccer_interfaces/soccer_geometry_msgs) by extensions ['colcon_meta']
[0.629s] [34mcolcon.colcon_core.package_identification[0m [1;30mLevel 1[0m _identify(src/soccer_interfaces/soccer_geometry_msgs) by extension 'colcon_meta'
[0.629s] [34mcolcon.colcon_core.package_identification[0m [1;30mLevel 1[0m _identify(src/soccer_interfaces/soccer_geometry_msgs) by extensions ['ros']
[0.629s] [34mcolcon.colcon_core.package_identification[0m [1;30mLevel 1[0m _identify(src/soccer_interfaces/soccer_geometry_msgs) by extension 'ros'
[0.630s] [34mcolcon.colcon_core.package_identification[0m [1;30mDEBUG[0m [32mPackage 'src/soccer_interfaces/soccer_geometry_msgs' with type 'ros.ament_cmake' and name 'soccer_geometry_msgs'[0m
[0.630s] [34mcolcon.colcon_core.package_identification[0m [1;30mLevel 1[0m _identify(src/soccer_interfaces/soccer_interfaces) by extensions ['ignore', 'ignore_ament_install']
[0.630s] [34mcolcon.colcon_core.package_identification[0m [1;30mLevel 1[0m _identify(src/soccer_interfaces/soccer_interfaces) by extension 'ignore'
[0.630s] [34mcolcon.colcon_core.package_identification[0m [1;30mLevel 1[0m _identify(src/soccer_interfaces/soccer_interfaces) by extension 'ignore_ament_install'
[0.630s] [34mcolcon.colcon_core.package_identification[0m [1;30mLevel 1[0m _identify(src/soccer_interfaces/soccer_interfaces) by extensions ['colcon_pkg']
[0.630s] [34mcolcon.colcon_core.package_identification[0m [1;30mLevel 1[0m _identify(src/soccer_interfaces/soccer_interfaces) by extension 'colcon_pkg'
[0.631s] [34mcolcon.colcon_core.package_identification[0m [1;30mLevel 1[0m _identify(src/soccer_interfaces/soccer_interfaces) by extensions ['colcon_meta']
[0.631s] [34mcolcon.colcon_core.package_identification[0m [1;30mLevel 1[0m _identify(src/soccer_interfaces/soccer_interfaces) by extension 'colcon_meta'
[0.631s] [34mcolcon.colcon_core.package_identification[0m [1;30mLevel 1[0m _identify(src/soccer_interfaces/soccer_interfaces) by extensions ['ros']
[0.631s] [34mcolcon.colcon_core.package_identification[0m [1;30mLevel 1[0m _identify(src/soccer_interfaces/soccer_interfaces) by extension 'ros'
[0.631s] [34mcolcon.colcon_core.package_identification[0m [1;30mDEBUG[0m [32mPackage 'src/soccer_interfaces/soccer_interfaces' with type 'ros.ament_cmake' and name 'soccer_interfaces'[0m
[0.632s] [34mcolcon.colcon_core.package_identification[0m [1;30mLevel 1[0m _identify(src/soccer_interfaces/soccer_model_msgs) by extensions ['ignore', 'ignore_ament_install']
[0.632s] [34mcolcon.colcon_core.package_identification[0m [1;30mLevel 1[0m _identify(src/soccer_interfaces/soccer_model_msgs) by extension 'ignore'
[0.632s] [34mcolcon.colcon_core.package_identification[0m [1;30mLevel 1[0m _identify(src/soccer_interfaces/soccer_model_msgs) by extension 'ignore_ament_install'
[0.632s] [34mcolcon.colcon_core.package_identification[0m [1;30mLevel 1[0m _identify(src/soccer_interfaces/soccer_model_msgs) by extensions ['colcon_pkg']
[0.632s] [34mcolcon.colcon_core.package_identification[0m [1;30mLevel 1[0m _identify(src/soccer_interfaces/soccer_model_msgs) by extension 'colcon_pkg'
[0.632s] [34mcolcon.colcon_core.package_identification[0m [1;30mLevel 1[0m _identify(src/soccer_interfaces/soccer_model_msgs) by extensions ['colcon_meta']
[0.632s] [34mcolcon.colcon_core.package_identification[0m [1;30mLevel 1[0m _identify(src/soccer_interfaces/soccer_model_msgs) by extension 'colcon_meta'
[0.632s] [34mcolcon.colcon_core.package_identification[0m [1;30mLevel 1[0m _identify(src/soccer_interfaces/soccer_model_msgs) by extensions ['ros']
[0.632s] [34mcolcon.colcon_core.package_identification[0m [1;30mLevel 1[0m _identify(src/soccer_interfaces/soccer_model_msgs) by extension 'ros'
[0.633s] [34mcolcon.colcon_core.package_identification[0m [1;30mDEBUG[0m [32mPackage 'src/soccer_interfaces/soccer_model_msgs' with type 'ros.ament_cmake' and name 'soccer_model_msgs'[0m
[0.634s] [34mcolcon.colcon_core.package_identification[0m [1;30mLevel 1[0m _identify(src/soccer_interfaces/soccer_vision_2d_msgs) by extensions ['ignore', 'ignore_ament_install']
[0.634s] [34mcolcon.colcon_core.package_identification[0m [1;30mLevel 1[0m _identify(src/soccer_interfaces/soccer_vision_2d_msgs) by extension 'ignore'
[0.634s] [34mcolcon.colcon_core.package_identification[0m [1;30mLevel 1[0m _identify(src/soccer_interfaces/soccer_vision_2d_msgs) by extension 'ignore_ament_install'
[0.634s] [34mcolcon.colcon_core.package_identification[0m [1;30mLevel 1[0m _identify(src/soccer_interfaces/soccer_vision_2d_msgs) by extensions ['colcon_pkg']
[0.634s] [34mcolcon.colcon_core.package_identification[0m [1;30mLevel 1[0m _identify(src/soccer_interfaces/soccer_vision_2d_msgs) by extension 'colcon_pkg'
[0.634s] [34mcolcon.colcon_core.package_identification[0m [1;30mLevel 1[0m _identify(src/soccer_interfaces/soccer_vision_2d_msgs) by extensions ['colcon_meta']
[0.634s] [34mcolcon.colcon_core.package_identification[0m [1;30mLevel 1[0m _identify(src/soccer_interfaces/soccer_vision_2d_msgs) by extension 'colcon_meta'
[0.634s] [34mcolcon.colcon_core.package_identification[0m [1;30mLevel 1[0m _identify(src/soccer_interfaces/soccer_vision_2d_msgs) by extensions ['ros']
[0.634s] [34mcolcon.colcon_core.package_identification[0m [1;30mLevel 1[0m _identify(src/soccer_interfaces/soccer_vision_2d_msgs) by extension 'ros'
[0.635s] [34mcolcon.colcon_core.package_identification[0m [1;30mDEBUG[0m [32mPackage 'src/soccer_interfaces/soccer_vision_2d_msgs' with type 'ros.ament_cmake' and name 'soccer_vision_2d_msgs'[0m
[0.635s] [34mcolcon.colcon_core.package_identification[0m [1;30mLevel 1[0m _identify(src/soccer_interfaces/soccer_vision_3d_msgs) by extensions ['ignore', 'ignore_ament_install']
[0.635s] [34mcolcon.colcon_core.package_identification[0m [1;30mLevel 1[0m _identify(src/soccer_interfaces/soccer_vision_3d_msgs) by extension 'ignore'
[0.635s] [34mcolcon.colcon_core.package_identification[0m [1;30mLevel 1[0m _identify(src/soccer_interfaces/soccer_vision_3d_msgs) by extension 'ignore_ament_install'
[0.636s] [34mcolcon.colcon_core.package_identification[0m [1;30mLevel 1[0m _identify(src/soccer_interfaces/soccer_vision_3d_msgs) by extensions ['colcon_pkg']
[0.636s] [34mcolcon.colcon_core.package_identification[0m [1;30mLevel 1[0m _identify(src/soccer_interfaces/soccer_vision_3d_msgs) by extension 'colcon_pkg'
[0.636s] [34mcolcon.colcon_core.package_identification[0m [1;30mLevel 1[0m _identify(src/soccer_interfaces/soccer_vision_3d_msgs) by extensions ['colcon_meta']
[0.636s] [34mcolcon.colcon_core.package_identification[0m [1;30mLevel 1[0m _identify(src/soccer_interfaces/soccer_vision_3d_msgs) by extension 'colcon_meta'
[0.636s] [34mcolcon.colcon_core.package_identification[0m [1;30mLevel 1[0m _identify(src/soccer_interfaces/soccer_vision_3d_msgs) by extensions ['ros']
[0.636s] [34mcolcon.colcon_core.package_identification[0m [1;30mLevel 1[0m _identify(src/soccer_interfaces/soccer_vision_3d_msgs) by extension 'ros'
[0.637s] [34mcolcon.colcon_core.package_identification[0m [1;30mDEBUG[0m [32mPackage 'src/soccer_interfaces/soccer_vision_3d_msgs' with type 'ros.ament_cmake' and name 'soccer_vision_3d_msgs'[0m
[0.637s] [34mcolcon.colcon_core.package_identification[0m [1;30mLevel 1[0m _identify(src/soccer_interfaces/soccer_vision_attribute_msgs) by extensions ['ignore', 'ignore_ament_install']
[0.637s] [34mcolcon.colcon_core.package_identification[0m [1;30mLevel 1[0m _identify(src/soccer_interfaces/soccer_vision_attribute_msgs) by extension 'ignore'
[0.637s] [34mcolcon.colcon_core.package_identification[0m [1;30mLevel 1[0m _identify(src/soccer_interfaces/soccer_vision_attribute_msgs) by extension 'ignore_ament_install'
[0.637s] [34mcolcon.colcon_core.package_identification[0m [1;30mLevel 1[0m _identify(src/soccer_interfaces/soccer_vision_attribute_msgs) by extensions ['colcon_pkg']
[0.637s] [34mcolcon.colcon_core.package_identification[0m [1;30mLevel 1[0m _identify(src/soccer_interfaces/soccer_vision_attribute_msgs) by extension 'colcon_pkg'
[0.637s] [34mcolcon.colcon_core.package_identification[0m [1;30mLevel 1[0m _identify(src/soccer_interfaces/soccer_vision_attribute_msgs) by extensions ['colcon_meta']
[0.637s] [34mcolcon.colcon_core.package_identification[0m [1;30mLevel 1[0m _identify(src/soccer_interfaces/soccer_vision_attribute_msgs) by extension 'colcon_meta'
[0.638s] [34mcolcon.colcon_core.package_identification[0m [1;30mLevel 1[0m _identify(src/soccer_interfaces/soccer_vision_attribute_msgs) by extensions ['ros']
[0.638s] [34mcolcon.colcon_core.package_identification[0m [1;30mLevel 1[0m _identify(src/soccer_interfaces/soccer_vision_attribute_msgs) by extension 'ros'
[0.638s] [34mcolcon.colcon_core.package_identification[0m [1;30mDEBUG[0m [32mPackage 'src/soccer_interfaces/soccer_vision_attribute_msgs' with type 'ros.ament_cmake' and name 'soccer_vision_attribute_msgs'[0m
[0.639s] [34mcolcon.colcon_core.package_identification[0m [1;30mLevel 1[0m _identify(src/soccer_ipm) by extensions ['ignore', 'ignore_ament_install']
[0.639s] [34mcolcon.colcon_core.package_identification[0m [1;30mLevel 1[0m _identify(src/soccer_ipm) by extension 'ignore'
[0.639s] [34mcolcon.colcon_core.package_identification[0m [1;30mLevel 1[0m _identify(src/soccer_ipm) by extension 'ignore_ament_install'
[0.639s] [34mcolcon.colcon_core.package_identification[0m [1;30mLevel 1[0m _identify(src/soccer_ipm) by extensions ['colcon_pkg']
[0.639s] [34mcolcon.colcon_core.package_identification[0m [1;30mLevel 1[0m _identify(src/soccer_ipm) by extension 'colcon_pkg'
[0.639s] [34mcolcon.colcon_core.package_identification[0m [1;30mLevel 1[0m _identify(src/soccer_ipm) by extensions ['colcon_meta']
[0.639s] [34mcolcon.colcon_core.package_identification[0m [1;30mLevel 1[0m _identify(src/soccer_ipm) by extension 'colcon_meta'
[0.639s] [34mcolcon.colcon_core.package_identification[0m [1;30mLevel 1[0m _identify(src/soccer_ipm) by extensions ['ros']
[0.639s] [34mcolcon.colcon_core.package_identification[0m [1;30mLevel 1[0m _identify(src/soccer_ipm) by extension 'ros'
[0.639s] [34mcolcon.colcon_core.package_identification[0m [1;30mLevel 1[0m _identify(src/soccer_ipm) by extensions ['cmake', 'python']
[0.639s] [34mcolcon.colcon_core.package_identification[0m [1;30mLevel 1[0m _identify(src/soccer_ipm) by extension 'cmake'
[0.639s] [34mcolcon.colcon_core.package_identification[0m [1;30mLevel 1[0m _identify(src/soccer_ipm) by extension 'python'
[0.639s] [34mcolcon.colcon_core.package_identification[0m [1;30mLevel 1[0m _identify(src/soccer_ipm) by extensions ['python_setup_py']
[0.640s] [34mcolcon.colcon_core.package_identification[0m [1;30mLevel 1[0m _identify(src/soccer_ipm) by extension 'python_setup_py'
[0.640s] [34mcolcon.colcon_core.package_identification[0m [1;30mLevel 1[0m _identify(src/soccer_ipm/soccer_ipm) by extensions ['ignore', 'ignore_ament_install']
[0.640s] [34mcolcon.colcon_core.package_identification[0m [1;30mLevel 1[0m _identify(src/soccer_ipm/soccer_ipm) by extension 'ignore'
[0.640s] [34mcolcon.colcon_core.package_identification[0m [1;30mLevel 1[0m _identify(src/soccer_ipm/soccer_ipm) by extension 'ignore_ament_install'
[0.640s] [34mcolcon.colcon_core.package_identification[0m [1;30mLevel 1[0m _identify(src/soccer_ipm/soccer_ipm) by extensions ['colcon_pkg']
[0.640s] [34mcolcon.colcon_core.package_identification[0m [1;30mLevel 1[0m _identify(src/soccer_ipm/soccer_ipm) by extension 'colcon_pkg'
[0.640s] [34mcolcon.colcon_core.package_identification[0m [1;30mLevel 1[0m _identify(src/soccer_ipm/soccer_ipm) by extensions ['colcon_meta']
[0.640s] [34mcolcon.colcon_core.package_identification[0m [1;30mLevel 1[0m _identify(src/soccer_ipm/soccer_ipm) by extension 'colcon_meta'
[0.640s] [34mcolcon.colcon_core.package_identification[0m [1;30mLevel 1[0m _identify(src/soccer_ipm/soccer_ipm) by extensions ['ros']
[0.640s] [34mcolcon.colcon_core.package_identification[0m [1;30mLevel 1[0m _identify(src/soccer_ipm/soccer_ipm) by extension 'ros'
[0.642s] [34mcolcon.colcon_core.package_identification[0m [1;30mDEBUG[0m [32mPackage 'src/soccer_ipm/soccer_ipm' with type 'ros.ament_python' and name 'soccer_ipm'[0m
[0.642s] [34mcolcon.colcon_core.package_discovery[0m [1;30mLevel 1[0m discover_packages(recursive) using defaults
[0.642s] [34mcolcon.colcon_core.package_discovery[0m [1;30mLevel 1[0m discover_packages(ignore) discover
[0.642s] [34mcolcon.colcon_core.package_discovery[0m [1;30mLevel 1[0m discover_packages(ignore) using defaults
[0.642s] [34mcolcon.colcon_core.package_discovery[0m [1;30mLevel 1[0m discover_packages(path) discover
[0.642s] [34mcolcon.colcon_core.package_discovery[0m [1;30mLevel 1[0m discover_packages(path) using defaults
[0.674s] [34mcolcon.colcon_core.package_discovery[0m [1;30mLevel 1[0m discover_packages(prefix_path) check parameters
[0.675s] [34mcolcon.colcon_core.package_discovery[0m [1;30mLevel 1[0m discover_packages(prefix_path) discover
[0.681s] [34mcolcon.colcon_installed_package_information.package_discovery[0m [1;30mDEBUG[0m [32mFound 13 installed packages in /home/ivan/Webots_YOLOv8/install[0m
[0.682s] [34mcolcon.colcon_installed_package_information.package_discovery[0m [1;30mDEBUG[0m [32mFound 5 installed packages in /home/ivan/ros2_ws/install[0m
[0.685s] [34mcolcon.colcon_installed_package_information.package_discovery[0m [1;30mDEBUG[0m [32mFound 317 installed packages in /opt/ros/humble[0m
[0.687s] [34mcolcon.colcon_core.package_discovery[0m [1;30mLevel 1[0m discover_packages(prefix_path) using defaults
[0.779s] [34mcolcon.colcon_core.verb[0m [1;30mLevel 5[0m set package 'ipm_interfaces' build argument 'cmake_args' from command line to 'None'
[0.779s] [34mcolcon.colcon_core.verb[0m [1;30mLevel 5[0m set package 'ipm_interfaces' build argument 'cmake_target' from command line to 'None'
[0.779s] [34mcolcon.colcon_core.verb[0m [1;30mLevel 5[0m set package 'ipm_interfaces' build argument 'cmake_target_skip_unavailable' from command line to 'False'
[0.779s] [34mcolcon.colcon_core.verb[0m [1;30mLevel 5[0m set package 'ipm_interfaces' build argument 'cmake_clean_cache' from command line to 'False'
[0.779s] [34mcolcon.colcon_core.verb[0m [1;30mLevel 5[0m set package 'ipm_interfaces' build argument 'cmake_clean_first' from command line to 'False'
[0.779s] [34mcolcon.colcon_core.verb[0m [1;30mLevel 5[0m set package 'ipm_interfaces' build argument 'cmake_force_configure' from command line to 'False'
[0.779s] [34mcolcon.colcon_core.verb[0m [1;30mLevel 5[0m set package 'ipm_interfaces' build argument 'ament_cmake_args' from command line to 'None'
[0.779s] [34mcolcon.colcon_core.verb[0m [1;30mLevel 5[0m set package 'ipm_interfaces' build argument 'catkin_cmake_args' from command line to 'None'
[0.779s] [34mcolcon.colcon_core.verb[0m [1;30mLevel 5[0m set package 'ipm_interfaces' build argument 'catkin_skip_building_tests' from command line to 'False'
[0.779s] [34mcolcon.colcon_core.verb[0m [1;30mDEBUG[0m [32mBuilding package 'ipm_interfaces' with the following arguments: {'ament_cmake_args': None, 'build_base': '/home/ivan/Webots_YOLOv8/build/ipm_interfaces', 'catkin_cmake_args': None, 'catkin_skip_building_tests': False, 'cmake_args': None, 'cmake_clean_cache': False, 'cmake_clean_first': False, 'cmake_force_configure': False, 'cmake_target': None, 'cmake_target_skip_unavailable': False, 'install_base': '/home/ivan/Webots_YOLOv8/install/ipm_interfaces', 'merge_install': False, 'path': '/home/ivan/Webots_YOLOv8/src/ipm/ipm_interfaces', 'symlink_install': False, 'test_result_base': None}[0m
[0.780s] [34mcolcon.colcon_core.verb[0m [1;30mLevel 5[0m set package 'my_package' build argument 'cmake_args' from command line to 'None'
[0.780s] [34mcolcon.colcon_core.verb[0m [1;30mLevel 5[0m set package 'my_package' build argument 'cmake_target' from command line to 'None'
[0.780s] [34mcolcon.colcon_core.verb[0m [1;30mLevel 5[0m set package 'my_package' build argument 'cmake_target_skip_unavailable' from command line to 'False'
[0.780s] [34mcolcon.colcon_core.verb[0m [1;30mLevel 5[0m set package 'my_package' build argument 'cmake_clean_cache' from command line to 'False'
[0.780s] [34mcolcon.colcon_core.verb[0m [1;30mLevel 5[0m set package 'my_package' build argument 'cmake_clean_first' from command line to 'False'
[0.780s] [34mcolcon.colcon_core.verb[0m [1;30mLevel 5[0m set package 'my_package' build argument 'cmake_force_configure' from command line to 'False'
[0.780s] [34mcolcon.colcon_core.verb[0m [1;30mLevel 5[0m set package 'my_package' build argument 'ament_cmake_args' from command line to 'None'
[0.780s] [34mcolcon.colcon_core.verb[0m [1;30mLevel 5[0m set package 'my_package' build argument 'catkin_cmake_args' from command line to 'None'
[0.780s] [34mcolcon.colcon_core.verb[0m [1;30mLevel 5[0m set package 'my_package' build argument 'catkin_skip_building_tests' from command line to 'False'
[0.780s] [34mcolcon.colcon_core.verb[0m [1;30mDEBUG[0m [32mBuilding package 'my_package' with the following arguments: {'ament_cmake_args': None, 'build_base': '/home/ivan/Webots_YOLOv8/build/my_package', 'catkin_cmake_args': None, 'catkin_skip_building_tests': False, 'cmake_args': None, 'cmake_clean_cache': False, 'cmake_clean_first': False, 'cmake_force_configure': False, 'cmake_target': None, 'cmake_target_skip_unavailable': False, 'install_base': '/home/ivan/Webots_YOLOv8/install/my_package', 'merge_install': False, 'path': '/home/ivan/Webots_YOLOv8/src/my_package', 'symlink_install': False, 'test_result_base': None}[0m
[0.780s] [34mcolcon.colcon_core.verb[0m [1;30mLevel 5[0m set package 'soccer_geometry_msgs' build argument 'cmake_args' from command line to 'None'
[0.780s] [34mcolcon.colcon_core.verb[0m [1;30mLevel 5[0m set package 'soccer_geometry_msgs' build argument 'cmake_target' from command line to 'None'
[0.780s] [34mcolcon.colcon_core.verb[0m [1;30mLevel 5[0m set package 'soccer_geometry_msgs' build argument 'cmake_target_skip_unavailable' from command line to 'False'
[0.780s] [34mcolcon.colcon_core.verb[0m [1;30mLevel 5[0m set package 'soccer_geometry_msgs' build argument 'cmake_clean_cache' from command line to 'False'
[0.780s] [34mcolcon.colcon_core.verb[0m [1;30mLevel 5[0m set package 'soccer_geometry_msgs' build argument 'cmake_clean_first' from command line to 'False'
[0.781s] [34mcolcon.colcon_core.verb[0m [1;30mLevel 5[0m set package 'soccer_geometry_msgs' build argument 'cmake_force_configure' from command line to 'False'
[0.781s] [34mcolcon.colcon_core.verb[0m [1;30mLevel 5[0m set package 'soccer_geometry_msgs' build argument 'ament_cmake_args' from command line to 'None'
[0.781s] [34mcolcon.colcon_core.verb[0m [1;30mLevel 5[0m set package 'soccer_geometry_msgs' build argument 'catkin_cmake_args' from command line to 'None'
[0.781s] [34mcolcon.colcon_core.verb[0m [1;30mLevel 5[0m set package 'soccer_geometry_msgs' build argument 'catkin_skip_building_tests' from command line to 'False'
[0.781s] [34mcolcon.colcon_core.verb[0m [1;30mDEBUG[0m [32mBuilding package 'soccer_geometry_msgs' with the following arguments: {'ament_cmake_args': None, 'build_base': '/home/ivan/Webots_YOLOv8/build/soccer_geometry_msgs', 'catkin_cmake_args': None, 'catkin_skip_building_tests': False, 'cmake_args': None, 'cmake_clean_cache': False, 'cmake_clean_first': False, 'cmake_force_configure': False, 'cmake_target': None, 'cmake_target_skip_unavailable': False, 'install_base': '/home/ivan/Webots_YOLOv8/install/soccer_geometry_msgs', 'merge_install': False, 'path': '/home/ivan/Webots_YOLOv8/src/soccer_interfaces/soccer_geometry_msgs', 'symlink_install': False, 'test_result_base': None}[0m
[0.781s] [34mcolcon.colcon_core.verb[0m [1;30mLevel 5[0m set package 'soccer_vision_attribute_msgs' build argument 'cmake_args' from command line to 'None'
[0.781s] [34mcolcon.colcon_core.verb[0m [1;30mLevel 5[0m set package 'soccer_vision_attribute_msgs' build argument 'cmake_target' from command line to 'None'
[0.781s] [34mcolcon.colcon_core.verb[0m [1;30mLevel 5[0m set package 'soccer_vision_attribute_msgs' build argument 'cmake_target_skip_unavailable' from command line to 'False'
[0.781s] [34mcolcon.colcon_core.verb[0m [1;30mLevel 5[0m set package 'soccer_vision_attribute_msgs' build argument 'cmake_clean_cache' from command line to 'False'
[0.781s] [34mcolcon.colcon_core.verb[0m [1;30mLevel 5[0m set package 'soccer_vision_attribute_msgs' build argument 'cmake_clean_first' from command line to 'False'
[0.781s] [34mcolcon.colcon_core.verb[0m [1;30mLevel 5[0m set package 'soccer_vision_attribute_msgs' build argument 'cmake_force_configure' from command line to 'False'
[0.781s] [34mcolcon.colcon_core.verb[0m [1;30mLevel 5[0m set package 'soccer_vision_attribute_msgs' build argument 'ament_cmake_args' from command line to 'None'
[0.781s] [34mcolcon.colcon_core.verb[0m [1;30mLevel 5[0m set package 'soccer_vision_attribute_msgs' build argument 'catkin_cmake_args' from command line to 'None'
[0.781s] [34mcolcon.colcon_core.verb[0m [1;30mLevel 5[0m set package 'soccer_vision_attribute_msgs' build argument 'catkin_skip_building_tests' from command line to 'False'
[0.781s] [34mcolcon.colcon_core.verb[0m [1;30mDEBUG[0m [32mBuilding package 'soccer_vision_attribute_msgs' with the following arguments: {'ament_cmake_args': None, 'build_base': '/home/ivan/Webots_YOLOv8/build/soccer_vision_attribute_msgs', 'catkin_cmake_args': None, 'catkin_skip_building_tests': False, 'cmake_args': None, 'cmake_clean_cache': False, 'cmake_clean_first': False, 'cmake_force_configure': False, 'cmake_target': None, 'cmake_target_skip_unavailable': False, 'install_base': '/home/ivan/Webots_YOLOv8/install/soccer_vision_attribute_msgs', 'merge_install': False, 'path': '/home/ivan/Webots_YOLOv8/src/soccer_interfaces/soccer_vision_attribute_msgs', 'symlink_install': False, 'test_result_base': None}[0m
[0.782s] [34mcolcon.colcon_core.verb[0m [1;30mLevel 5[0m set package 'ipm_library' build argument 'cmake_args' from command line to 'None'
[0.782s] [34mcolcon.colcon_core.verb[0m [1;30mLevel 5[0m set package 'ipm_library' build argument 'cmake_target' from command line to 'None'
[0.782s] [34mcolcon.colcon_core.verb[0m [1;30mLevel 5[0m set package 'ipm_library' build argument 'cmake_target_skip_unavailable' from command line to 'False'
[0.782s] [34mcolcon.colcon_core.verb[0m [1;30mLevel 5[0m set package 'ipm_library' build argument 'cmake_clean_cache' from command line to 'False'
[0.782s] [34mcolcon.colcon_core.verb[0m [1;30mLevel 5[0m set package 'ipm_library' build argument 'cmake_clean_first' from command line to 'False'
[0.782s] [34mcolcon.colcon_core.verb[0m [1;30mLevel 5[0m set package 'ipm_library' build argument 'cmake_force_configure' from command line to 'False'
[0.782s] [34mcolcon.colcon_core.verb[0m [1;30mLevel 5[0m set package 'ipm_library' build argument 'ament_cmake_args' from command line to 'None'
[0.782s] [34mcolcon.colcon_core.verb[0m [1;30mLevel 5[0m set package 'ipm_library' build argument 'catkin_cmake_args' from command line to 'None'
[0.782s] [34mcolcon.colcon_core.verb[0m [1;30mLevel 5[0m set package 'ipm_library' build argument 'catkin_skip_building_tests' from command line to 'False'
[0.782s] [34mcolcon.colcon_core.verb[0m [1;30mDEBUG[0m [32mBuilding package 'ipm_library' with the following arguments: {'ament_cmake_args': None, 'build_base': '/home/ivan/Webots_YOLOv8/build/ipm_library', 'catkin_cmake_args': None, 'catkin_skip_building_tests': False, 'cmake_args': None, 'cmake_clean_cache': False, 'cmake_clean_first': False, 'cmake_force_configure': False, 'cmake_target': None, 'cmake_target_skip_unavailable': False, 'install_base': '/home/ivan/Webots_YOLOv8/install/ipm_library', 'merge_install': False, 'path': '/home/ivan/Webots_YOLOv8/src/ipm/ipm_library', 'symlink_install': False, 'test_result_base': None}[0m
[0.783s] [34mcolcon.colcon_core.verb[0m [1;30mLevel 5[0m set package 'soccer_model_msgs' build argument 'cmake_args' from command line to 'None'
[0.783s] [34mcolcon.colcon_core.verb[0m [1;30mLevel 5[0m set package 'soccer_model_msgs' build argument 'cmake_target' from command line to 'None'
[0.783s] [34mcolcon.colcon_core.verb[0m [1;30mLevel 5[0m set package 'soccer_model_msgs' build argument 'cmake_target_skip_unavailable' from command line to 'False'
[0.783s] [34mcolcon.colcon_core.verb[0m [1;30mLevel 5[0m set package 'soccer_model_msgs' build argument 'cmake_clean_cache' from command line to 'False'
[0.783s] [34mcolcon.colcon_core.verb[0m [1;30mLevel 5[0m set package 'soccer_model_msgs' build argument 'cmake_clean_first' from command line to 'False'
[0.783s] [34mcolcon.colcon_core.verb[0m [1;30mLevel 5[0m set package 'soccer_model_msgs' build argument 'cmake_force_configure' from command line to 'False'
[0.783s] [34mcolcon.colcon_core.verb[0m [1;30mLevel 5[0m set package 'soccer_model_msgs' build argument 'ament_cmake_args' from command line to 'None'
[0.783s] [34mcolcon.colcon_core.verb[0m [1;30mLevel 5[0m set package 'soccer_model_msgs' build argument 'catkin_cmake_args' from command line to 'None'
[0.783s] [34mcolcon.colcon_core.verb[0m [1;30mLevel 5[0m set package 'soccer_model_msgs' build argument 'catkin_skip_building_tests' from command line to 'False'
[0.783s] [34mcolcon.colcon_core.verb[0m [1;30mDEBUG[0m [32mBuilding package 'soccer_model_msgs' with the following arguments: {'ament_cmake_args': None, 'build_base': '/home/ivan/Webots_YOLOv8/build/soccer_model_msgs', 'catkin_cmake_args': None, 'catkin_skip_building_tests': False, 'cmake_args': None, 'cmake_clean_cache': False, 'cmake_clean_first': False, 'cmake_force_configure': False, 'cmake_target': None, 'cmake_target_skip_unavailable': False, 'install_base': '/home/ivan/Webots_YOLOv8/install/soccer_model_msgs', 'merge_install': False, 'path': '/home/ivan/Webots_YOLOv8/src/soccer_interfaces/soccer_model_msgs', 'symlink_install': False, 'test_result_base': None}[0m
[0.783s] [34mcolcon.colcon_core.verb[0m [1;30mLevel 5[0m set package 'soccer_vision_2d_msgs' build argument 'cmake_args' from command line to 'None'
[0.783s] [34mcolcon.colcon_core.verb[0m [1;30mLevel 5[0m set package 'soccer_vision_2d_msgs' build argument 'cmake_target' from command line to 'None'
[0.783s] [34mcolcon.colcon_core.verb[0m [1;30mLevel 5[0m set package 'soccer_vision_2d_msgs' build argument 'cmake_target_skip_unavailable' from command line to 'False'
[0.783s] [34mcolcon.colcon_core.verb[0m [1;30mLevel 5[0m set package 'soccer_vision_2d_msgs' build argument 'cmake_clean_cache' from command line to 'False'
[0.783s] [34mcolcon.colcon_core.verb[0m [1;30mLevel 5[0m set package 'soccer_vision_2d_msgs' build argument 'cmake_clean_first' from command line to 'False'
[0.783s] [34mcolcon.colcon_core.verb[0m [1;30mLevel 5[0m set package 'soccer_vision_2d_msgs' build argument 'cmake_force_configure' from command line to 'False'
[0.783s] [34mcolcon.colcon_core.verb[0m [1;30mLevel 5[0m set package 'soccer_vision_2d_msgs' build argument 'ament_cmake_args' from command line to 'None'
[0.783s] [34mcolcon.colcon_core.verb[0m [1;30mLevel 5[0m set package 'soccer_vision_2d_msgs' build argument 'catkin_cmake_args' from command line to 'None'
[0.783s] [34mcolcon.colcon_core.verb[0m [1;30mLevel 5[0m set package 'soccer_vision_2d_msgs' build argument 'catkin_skip_building_tests' from command line to 'False'
[0.784s] [34mcolcon.colcon_core.verb[0m [1;30mDEBUG[0m [32mBuilding package 'soccer_vision_2d_msgs' with the following arguments: {'ament_cmake_args': None, 'build_base': '/home/ivan/Webots_YOLOv8/build/soccer_vision_2d_msgs', 'catkin_cmake_args': None, 'catkin_skip_building_tests': False, 'cmake_args': None, 'cmake_clean_cache': False, 'cmake_clean_first': False, 'cmake_force_configure': False, 'cmake_target': None, 'cmake_target_skip_unavailable': False, 'install_base': '/home/ivan/Webots_YOLOv8/install/soccer_vision_2d_msgs', 'merge_install': False, 'path': '/home/ivan/Webots_YOLOv8/src/soccer_interfaces/soccer_vision_2d_msgs', 'symlink_install': False, 'test_result_base': None}[0m
[0.784s] [34mcolcon.colcon_core.verb[0m [1;30mLevel 5[0m set package 'soccer_vision_3d_msgs' build argument 'cmake_args' from command line to 'None'
[0.784s] [34mcolcon.colcon_core.verb[0m [1;30mLevel 5[0m set package 'soccer_vision_3d_msgs' build argument 'cmake_target' from command line to 'None'
[0.784s] [34mcolcon.colcon_core.verb[0m [1;30mLevel 5[0m set package 'soccer_vision_3d_msgs' build argument 'cmake_target_skip_unavailable' from command line to 'False'
[0.784s] [34mcolcon.colcon_core.verb[0m [1;30mLevel 5[0m set package 'soccer_vision_3d_msgs' build argument 'cmake_clean_cache' from command line to 'False'
[0.784s] [34mcolcon.colcon_core.verb[0m [1;30mLevel 5[0m set package 'soccer_vision_3d_msgs' build argument 'cmake_clean_first' from command line to 'False'
[0.784s] [34mcolcon.colcon_core.verb[0m [1;30mLevel 5[0m set package 'soccer_vision_3d_msgs' build argument 'cmake_force_configure' from command line to 'False'
[0.784s] [34mcolcon.colcon_core.verb[0m [1;30mLevel 5[0m set package 'soccer_vision_3d_msgs' build argument 'ament_cmake_args' from command line to 'None'
[0.784s] [34mcolcon.colcon_core.verb[0m [1;30mLevel 5[0m set package 'soccer_vision_3d_msgs' build argument 'catkin_cmake_args' from command line to 'None'
[0.784s] [34mcolcon.colcon_core.verb[0m [1;30mLevel 5[0m set package 'soccer_vision_3d_msgs' build argument 'catkin_skip_building_tests' from command line to 'False'
[0.784s] [34mcolcon.colcon_core.verb[0m [1;30mDEBUG[0m [32mBuilding package 'soccer_vision_3d_msgs' with the following arguments: {'ament_cmake_args': None, 'build_base': '/home/ivan/Webots_YOLOv8/build/soccer_vision_3d_msgs', 'catkin_cmake_args': None, 'catkin_skip_building_tests': False, 'cmake_args': None, 'cmake_clean_cache': False, 'cmake_clean_first': False, 'cmake_force_configure': False, 'cmake_target': None, 'cmake_target_skip_unavailable': False, 'install_base': '/home/ivan/Webots_YOLOv8/install/soccer_vision_3d_msgs', 'merge_install': False, 'path': '/home/ivan/Webots_YOLOv8/src/soccer_interfaces/soccer_vision_3d_msgs', 'symlink_install': False, 'test_result_base': None}[0m
[0.785s] [34mcolcon.colcon_core.verb[0m [1;30mLevel 5[0m set package 'Webots_YOLOv8' build argument 'cmake_args' from command line to 'None'
[0.785s] [34mcolcon.colcon_core.verb[0m [1;30mLevel 5[0m set package 'Webots_YOLOv8' build argument 'cmake_target' from command line to 'None'
[0.785s] [34mcolcon.colcon_core.verb[0m [1;30mLevel 5[0m set package 'Webots_YOLOv8' build argument 'cmake_target_skip_unavailable' from command line to 'False'
[0.785s] [34mcolcon.colcon_core.verb[0m [1;30mLevel 5[0m set package 'Webots_YOLOv8' build argument 'cmake_clean_cache' from command line to 'False'
[0.785s] [34mcolcon.colcon_core.verb[0m [1;30mLevel 5[0m set package 'Webots_YOLOv8' build argument 'cmake_clean_first' from command line to 'False'
[0.785s] [34mcolcon.colcon_core.verb[0m [1;30mLevel 5[0m set package 'Webots_YOLOv8' build argument 'cmake_force_configure' from command line to 'False'
[0.785s] [34mcolcon.colcon_core.verb[0m [1;30mLevel 5[0m set package 'Webots_YOLOv8' build argument 'ament_cmake_args' from command line to 'None'
[0.785s] [34mcolcon.colcon_core.verb[0m [1;30mLevel 5[0m set package 'Webots_YOLOv8' build argument 'catkin_cmake_args' from command line to 'None'
[0.785s] [34mcolcon.colcon_core.verb[0m [1;30mLevel 5[0m set package 'Webots_YOLOv8' build argument 'catkin_skip_building_tests' from command line to 'False'
[0.785s] [34mcolcon.colcon_core.verb[0m [1;30mDEBUG[0m [32mBuilding package 'Webots_YOLOv8' with the following arguments: {'ament_cmake_args': None, 'build_base': '/home/ivan/Webots_YOLOv8/build/Webots_YOLOv8', 'catkin_cmake_args': None, 'catkin_skip_building_tests': False, 'cmake_args': None, 'cmake_clean_cache': False, 'cmake_clean_first': False, 'cmake_force_configure': False, 'cmake_target': None, 'cmake_target_skip_unavailable': False, 'install_base': '/home/ivan/Webots_YOLOv8/install/Webots_YOLOv8', 'merge_install': False, 'path': '/home/ivan/Webots_YOLOv8/src/Webots_YOLOv8', 'symlink_install': False, 'test_result_base': None}[0m
[0.785s] [34mcolcon.colcon_core.verb[0m [1;30mLevel 5[0m set package 'ipm_image_node' build argument 'cmake_args' from command line to 'None'
[0.785s] [34mcolcon.colcon_core.verb[0m [1;30mLevel 5[0m set package 'ipm_image_node' build argument 'cmake_target' from command line to 'None'
[0.785s] [34mcolcon.colcon_core.verb[0m [1;30mLevel 5[0m set package 'ipm_image_node' build argument 'cmake_target_skip_unavailable' from command line to 'False'
[0.785s] [34mcolcon.colcon_core.verb[0m [1;30mLevel 5[0m set package 'ipm_image_node' build argument 'cmake_clean_cache' from command line to 'False'
[0.786s] [34mcolcon.colcon_core.verb[0m [1;30mLevel 5[0m set package 'ipm_image_node' build argument 'cmake_clean_first' from command line to 'False'
[0.786s] [34mcolcon.colcon_core.verb[0m [1;30mLevel 5[0m set package 'ipm_image_node' build argument 'cmake_force_configure' from command line to 'False'
[0.786s] [34mcolcon.colcon_core.verb[0m [1;30mLevel 5[0m set package 'ipm_image_node' build argument 'ament_cmake_args' from command line to 'None'
[0.786s] [34mcolcon.colcon_core.verb[0m [1;30mLevel 5[0m set package 'ipm_image_node' build argument 'catkin_cmake_args' from command line to 'None'
[0.786s] [34mcolcon.colcon_core.verb[0m [1;30mLevel 5[0m set package 'ipm_image_node' build argument 'catkin_skip_building_tests' from command line to 'False'
[0.786s] [34mcolcon.colcon_core.verb[0m [1;30mDEBUG[0m [32mBuilding package 'ipm_image_node' with the following arguments: {'ament_cmake_args': None, 'build_base': '/home/ivan/Webots_YOLOv8/build/ipm_image_node', 'catkin_cmake_args': None, 'catkin_skip_building_tests': False, 'cmake_args': None, 'cmake_clean_cache': False, 'cmake_clean_first': False, 'cmake_force_configure': False, 'cmake_target': None, 'cmake_target_skip_unavailable': False, 'install_base': '/home/ivan/Webots_YOLOv8/install/ipm_image_node', 'merge_install': False, 'path': '/home/ivan/Webots_YOLOv8/src/ipm/ipm_image_node', 'symlink_install': False, 'test_result_base': None}[0m
[0.786s] [34mcolcon.colcon_core.verb[0m [1;30mLevel 5[0m set package 'ipm_service' build argument 'cmake_args' from command line to 'None'
[0.786s] [34mcolcon.colcon_core.verb[0m [1;30mLevel 5[0m set package 'ipm_service' build argument 'cmake_target' from command line to 'None'
[0.786s] [34mcolcon.colcon_core.verb[0m [1;30mLevel 5[0m set package 'ipm_service' build argument 'cmake_target_skip_unavailable' from command line to 'False'
[0.786s] [34mcolcon.colcon_core.verb[0m [1;30mLevel 5[0m set package 'ipm_service' build argument 'cmake_clean_cache' from command line to 'False'
[0.786s] [34mcolcon.colcon_core.verb[0m [1;30mLevel 5[0m set package 'ipm_service' build argument 'cmake_clean_first' from command line to 'False'
[0.786s] [34mcolcon.colcon_core.verb[0m [1;30mLevel 5[0m set package 'ipm_service' build argument 'cmake_force_configure' from command line to 'False'
[0.786s] [34mcolcon.colcon_core.verb[0m [1;30mLevel 5[0m set package 'ipm_service' build argument 'ament_cmake_args' from command line to 'None'
[0.786s] [34mcolcon.colcon_core.verb[0m [1;30mLevel 5[0m set package 'ipm_service' build argument 'catkin_cmake_args' from command line to 'None'
[0.786s] [34mcolcon.colcon_core.verb[0m [1;30mLevel 5[0m set package 'ipm_service' build argument 'catkin_skip_building_tests' from command line to 'False'
[0.786s] [34mcolcon.colcon_core.verb[0m [1;30mDEBUG[0m [32mBuilding package 'ipm_service' with the following arguments: {'ament_cmake_args': None, 'build_base': '/home/ivan/Webots_YOLOv8/build/ipm_service', 'catkin_cmake_args': None, 'catkin_skip_building_tests': False, 'cmake_args': None, 'cmake_clean_cache': False, 'cmake_clean_first': False, 'cmake_force_configure': False, 'cmake_target': None, 'cmake_target_skip_unavailable': False, 'install_base': '/home/ivan/Webots_YOLOv8/install/ipm_service', 'merge_install': False, 'path': '/home/ivan/Webots_YOLOv8/src/ipm/ipm_service', 'symlink_install': False, 'test_result_base': None}[0m
[0.787s] [34mcolcon.colcon_core.verb[0m [1;30mLevel 5[0m set package 'soccer_interfaces' build argument 'cmake_args' from command line to 'None'
[0.787s] [34mcolcon.colcon_core.verb[0m [1;30mLevel 5[0m set package 'soccer_interfaces' build argument 'cmake_target' from command line to 'None'
[0.787s] [34mcolcon.colcon_core.verb[0m [1;30mLevel 5[0m set package 'soccer_interfaces' build argument 'cmake_target_skip_unavailable' from command line to 'False'
[0.787s] [34mcolcon.colcon_core.verb[0m [1;30mLevel 5[0m set package 'soccer_interfaces' build argument 'cmake_clean_cache' from command line to 'False'
[0.787s] [34mcolcon.colcon_core.verb[0m [1;30mLevel 5[0m set package 'soccer_interfaces' build argument 'cmake_clean_first' from command line to 'False'
[0.787s] [34mcolcon.colcon_core.verb[0m [1;30mLevel 5[0m set package 'soccer_interfaces' build argument 'cmake_force_configure' from command line to 'False'
[0.787s] [34mcolcon.colcon_core.verb[0m [1;30mLevel 5[0m set package 'soccer_interfaces' build argument 'ament_cmake_args' from command line to 'None'
[0.787s] [34mcolcon.colcon_core.verb[0m [1;30mLevel 5[0m set package 'soccer_interfaces' build argument 'catkin_cmake_args' from command line to 'None'
[0.787s] [34mcolcon.colcon_core.verb[0m [1;30mLevel 5[0m set package 'soccer_interfaces' build argument 'catkin_skip_building_tests' from command line to 'False'
[0.787s] [34mcolcon.colcon_core.verb[0m [1;30mDEBUG[0m [32mBuilding package 'soccer_interfaces' with the following arguments: {'ament_cmake_args': None, 'build_base': '/home/ivan/Webots_YOLOv8/build/soccer_interfaces', 'catkin_cmake_args': None, 'catkin_skip_building_tests': False, 'cmake_args': None, 'cmake_clean_cache': False, 'cmake_clean_first': False, 'cmake_force_configure': False, 'cmake_target': None, 'cmake_target_skip_unavailable': False, 'install_base': '/home/ivan/Webots_YOLOv8/install/soccer_interfaces', 'merge_install': False, 'path': '/home/ivan/Webots_YOLOv8/src/soccer_interfaces/soccer_interfaces', 'symlink_install': False, 'test_result_base': None}[0m
[0.788s] [34mcolcon.colcon_core.verb[0m [1;30mLevel 5[0m set package 'soccer_ipm' build argument 'cmake_args' from command line to 'None'
[0.788s] [34mcolcon.colcon_core.verb[0m [1;30mLevel 5[0m set package 'soccer_ipm' build argument 'cmake_target' from command line to 'None'
[0.788s] [34mcolcon.colcon_core.verb[0m [1;30mLevel 5[0m set package 'soccer_ipm' build argument 'cmake_target_skip_unavailable' from command line to 'False'
[0.788s] [34mcolcon.colcon_core.verb[0m [1;30mLevel 5[0m set package 'soccer_ipm' build argument 'cmake_clean_cache' from command line to 'False'
[0.788s] [34mcolcon.colcon_core.verb[0m [1;30mLevel 5[0m set package 'soccer_ipm' build argument 'cmake_clean_first' from command line to 'False'
[0.788s] [34mcolcon.colcon_core.verb[0m [1;30mLevel 5[0m set package 'soccer_ipm' build argument 'cmake_force_configure' from command line to 'False'
[0.788s] [34mcolcon.colcon_core.verb[0m [1;30mLevel 5[0m set package 'soccer_ipm' build argument 'ament_cmake_args' from command line to 'None'
[0.788s] [34mcolcon.colcon_core.verb[0m [1;30mLevel 5[0m set package 'soccer_ipm' build argument 'catkin_cmake_args' from command line to 'None'
[0.788s] [34mcolcon.colcon_core.verb[0m [1;30mLevel 5[0m set package 'soccer_ipm' build argument 'catkin_skip_building_tests' from command line to 'False'
[0.788s] [34mcolcon.colcon_core.verb[0m [1;30mDEBUG[0m [32mBuilding package 'soccer_ipm' with the following arguments: {'ament_cmake_args': None, 'build_base': '/home/ivan/Webots_YOLOv8/build/soccer_ipm', 'catkin_cmake_args': None, 'catkin_skip_building_tests': False, 'cmake_args': None, 'cmake_clean_cache': False, 'cmake_clean_first': False, 'cmake_force_configure': False, 'cmake_target': None, 'cmake_target_skip_unavailable': False, 'install_base': '/home/ivan/Webots_YOLOv8/install/soccer_ipm', 'merge_install': False, 'path': '/home/ivan/Webots_YOLOv8/src/soccer_ipm/soccer_ipm', 'symlink_install': False, 'test_result_base': None}[0m
[0.788s] [34mcolcon.colcon_core.executor[0m [1;30mINFO[0m Executing jobs using 'parallel' executor
[0.790s] [34mcolcon.colcon_parallel_executor.executor.parallel[0m [1;30mDEBUG[0m [32mrun_until_complete[0m
[0.790s] [34mcolcon.colcon_ros.task.ament_cmake.build[0m [1;30mINFO[0m Building ROS package in '/home/ivan/Webots_YOLOv8/src/soccer_interfaces/soccer_vision_attribute_msgs' with build type 'ament_cmake'
[0.790s] [34mcolcon.colcon_cmake.task.cmake.build[0m [1;30mINFO[0m Building CMake package in '/home/ivan/Webots_YOLOv8/src/soccer_interfaces/soccer_vision_attribute_msgs'
[0.796s] [34mcolcon.colcon_core.plugin_system[0m [1;30mINFO[0m Skipping extension 'colcon_core.shell.bat': Not used on non-Windows systems
[0.797s] [34mcolcon.colcon_core.shell[0m [1;30mINFO[0m Skip shell extension 'powershell' for command environment: Not usable outside of PowerShell
[0.797s] [34mcolcon.colcon_core.shell[0m [1;30mDEBUG[0m [32mSkip shell extension 'dsv' for command environment[0m
[0.804s] [34mcolcon.colcon_ros.task.ament_cmake.build[0m [1;30mINFO[0m Building ROS package in '/home/ivan/Webots_YOLOv8/src/ipm/ipm_interfaces' with build type 'ament_cmake'
[0.805s] [34mcolcon.colcon_cmake.task.cmake.build[0m [1;30mINFO[0m Building CMake package in '/home/ivan/Webots_YOLOv8/src/ipm/ipm_interfaces'
[0.805s] [34mcolcon.colcon_core.shell[0m [1;30mINFO[0m Skip shell extension 'powershell' for command environment: Not usable outside of PowerShell
[0.805s] [34mcolcon.colcon_core.shell[0m [1;30mDEBUG[0m [32mSkip shell extension 'dsv' for command environment[0m
[0.814s] [34mcolcon.colcon_ros.task.ament_cmake.build[0m [1;30mINFO[0m Building ROS package in '/home/ivan/Webots_YOLOv8/src/soccer_interfaces/soccer_geometry_msgs' with build type 'ament_cmake'
[0.815s] [34mcolcon.colcon_cmake.task.cmake.build[0m [1;30mINFO[0m Building CMake package in '/home/ivan/Webots_YOLOv8/src/soccer_interfaces/soccer_geometry_msgs'
[0.815s] [34mcolcon.colcon_core.shell[0m [1;30mINFO[0m Skip shell extension 'powershell' for command environment: Not usable outside of PowerShell
[0.815s] [34mcolcon.colcon_core.shell[0m [1;30mDEBUG[0m [32mSkip shell extension 'dsv' for command environment[0m
[0.827s] [34mcolcon.colcon_ros.task.ament_python.build[0m [1;30mINFO[0m Building ROS package in '/home/ivan/Webots_YOLOv8/src/my_package' with build type 'ament_python'
[0.828s] [34mcolcon.colcon_core.shell[0m [1;30mLevel 1[0m create_environment_hook('my_package', 'ament_prefix_path')
[0.829s] [34mcolcon.colcon_core.shell[0m [1;30mINFO[0m Creating environment hook '/home/ivan/Webots_YOLOv8/install/my_package/share/my_package/hook/ament_prefix_path.ps1'
[0.831s] [34mcolcon.colcon_core.shell[0m [1;30mINFO[0m Creating environment descriptor '/home/ivan/Webots_YOLOv8/install/my_package/share/my_package/hook/ament_prefix_path.dsv'
[0.833s] [34mcolcon.colcon_core.shell[0m [1;30mINFO[0m Creating environment hook '/home/ivan/Webots_YOLOv8/install/my_package/share/my_package/hook/ament_prefix_path.sh'
[0.835s] [34mcolcon.colcon_core.shell[0m [1;30mINFO[0m Skip shell extension 'powershell' for command environment: Not usable outside of PowerShell
[0.835s] [34mcolcon.colcon_core.shell[0m [1;30mDEBUG[0m [32mSkip shell extension 'dsv' for command environment[0m
[0.854s] [34mcolcon.colcon_core.event_handler.log_command[0m [1;30mDEBUG[0m [32mInvoking command in '/home/ivan/Webots_YOLOv8/build/soccer_vision_attribute_msgs': CMAKE_PREFIX_PATH=${CMAKE_PREFIX_PATH}:/home/ivan/Webots_YOLOv8/install/soccer_ipm:/home/ivan/Webots_YOLOv8/install/Webots_YOLOv8:/home/ivan/Webots_YOLOv8/install/my_package:/home/ivan/Webots_YOLOv8/install/ipm_service:/home/ivan/Webots_YOLOv8/install/ipm_image_node:/home/ivan/Webots_YOLOv8/install/ipm_library:/home/ivan/ros2_ws/install/object_finder_onnx:/home/ivan/ros2_ws/install/object_finder:/home/ivan/ros2_ws/install/my_package:/home/ivan/ros2_ws/install/Webots_YOLOv8:/opt/ros/humble /usr/bin/cmake --build /home/ivan/Webots_YOLOv8/build/soccer_vision_attribute_msgs -- -j12 -l12[0m
[0.867s] [34mcolcon.colcon_core.event_handler.log_command[0m [1;30mDEBUG[0m [32mInvoking command in '/home/ivan/Webots_YOLOv8/build/ipm_interfaces': CMAKE_PREFIX_PATH=${CMAKE_PREFIX_PATH}:/home/ivan/Webots_YOLOv8/install/soccer_ipm:/home/ivan/Webots_YOLOv8/install/Webots_YOLOv8:/home/ivan/Webots_YOLOv8/install/my_package:/home/ivan/Webots_YOLOv8/install/ipm_service:/home/ivan/Webots_YOLOv8/install/ipm_image_node:/home/ivan/Webots_YOLOv8/install/ipm_library:/home/ivan/ros2_ws/install/object_finder_onnx:/home/ivan/ros2_ws/install/object_finder:/home/ivan/ros2_ws/install/my_package:/home/ivan/ros2_ws/install/Webots_YOLOv8:/opt/ros/humble /usr/bin/cmake --build /home/ivan/Webots_YOLOv8/build/ipm_interfaces -- -j12 -l12[0m
[0.873s] [34mcolcon.colcon_core.event_handler.log_command[0m [1;30mDEBUG[0m [32mInvoking command in '/home/ivan/Webots_YOLOv8/build/soccer_geometry_msgs': CMAKE_PREFIX_PATH=${CMAKE_PREFIX_PATH}:/home/ivan/Webots_YOLOv8/install/soccer_ipm:/home/ivan/Webots_YOLOv8/install/Webots_YOLOv8:/home/ivan/Webots_YOLOv8/install/my_package:/home/ivan/Webots_YOLOv8/install/ipm_service:/home/ivan/Webots_YOLOv8/install/ipm_image_node:/home/ivan/Webots_YOLOv8/install/ipm_library:/home/ivan/ros2_ws/install/object_finder_onnx:/home/ivan/ros2_ws/install/object_finder:/home/ivan/ros2_ws/install/my_package:/home/ivan/ros2_ws/install/Webots_YOLOv8:/opt/ros/humble /usr/bin/cmake --build /home/ivan/Webots_YOLOv8/build/soccer_geometry_msgs -- -j12 -l12[0m
[1.455s] [34mcolcon.colcon_core.task.python.build[0m [1;30mINFO[0m Building Python package in '/home/ivan/Webots_YOLOv8/src/my_package'
[1.455s] [34mcolcon.colcon_core.shell[0m [1;30mINFO[0m Skip shell extension 'powershell' for command environment: Not usable outside of PowerShell
[1.455s] [34mcolcon.colcon_core.shell[0m [1;30mDEBUG[0m [32mSkip shell extension 'dsv' for command environment[0m
[1.648s] [34mcolcon.colcon_core.event_handler.log_command[0m [1;30mDEBUG[0m [32mInvoked command in '/home/ivan/Webots_YOLOv8/build/soccer_geometry_msgs' returned '0': CMAKE_PREFIX_PATH=${CMAKE_PREFIX_PATH}:/home/ivan/Webots_YOLOv8/install/soccer_ipm:/home/ivan/Webots_YOLOv8/install/Webots_YOLOv8:/home/ivan/Webots_YOLOv8/install/my_package:/home/ivan/Webots_YOLOv8/install/ipm_service:/home/ivan/Webots_YOLOv8/install/ipm_image_node:/home/ivan/Webots_YOLOv8/install/ipm_library:/home/ivan/ros2_ws/install/object_finder_onnx:/home/ivan/ros2_ws/install/object_finder:/home/ivan/ros2_ws/install/my_package:/home/ivan/ros2_ws/install/Webots_YOLOv8:/opt/ros/humble /usr/bin/cmake --build /home/ivan/Webots_YOLOv8/build/soccer_geometry_msgs -- -j12 -l12[0m
[1.665s] [34mcolcon.colcon_core.event_handler.log_command[0m [1;30mDEBUG[0m [32mInvoking command in '/home/ivan/Webots_YOLOv8/build/soccer_geometry_msgs': CMAKE_PREFIX_PATH=${CMAKE_PREFIX_PATH}:/home/ivan/Webots_YOLOv8/install/soccer_ipm:/home/ivan/Webots_YOLOv8/install/Webots_YOLOv8:/home/ivan/Webots_YOLOv8/install/my_package:/home/ivan/Webots_YOLOv8/install/ipm_service:/home/ivan/Webots_YOLOv8/install/ipm_image_node:/home/ivan/Webots_YOLOv8/install/ipm_library:/home/ivan/ros2_ws/install/object_finder_onnx:/home/ivan/ros2_ws/install/object_finder:/home/ivan/ros2_ws/install/my_package:/home/ivan/ros2_ws/install/Webots_YOLOv8:/opt/ros/humble /usr/bin/cmake --install /home/ivan/Webots_YOLOv8/build/soccer_geometry_msgs[0m
[1.667s] [34mcolcon.colcon_core.event_handler.log_command[0m [1;30mDEBUG[0m [32mInvoked command in '/home/ivan/Webots_YOLOv8/build/soccer_vision_attribute_msgs' returned '0': CMAKE_PREFIX_PATH=${CMAKE_PREFIX_PATH}:/home/ivan/Webots_YOLOv8/install/soccer_ipm:/home/ivan/Webots_YOLOv8/install/Webots_YOLOv8:/home/ivan/Webots_YOLOv8/install/my_package:/home/ivan/Webots_YOLOv8/install/ipm_service:/home/ivan/Webots_YOLOv8/install/ipm_image_node:/home/ivan/Webots_YOLOv8/install/ipm_library:/home/ivan/ros2_ws/install/object_finder_onnx:/home/ivan/ros2_ws/install/object_finder:/home/ivan/ros2_ws/install/my_package:/home/ivan/ros2_ws/install/Webots_YOLOv8:/opt/ros/humble /usr/bin/cmake --build /home/ivan/Webots_YOLOv8/build/soccer_vision_attribute_msgs -- -j12 -l12[0m
[1.670s] [34mcolcon.colcon_core.event_handler.log_command[0m [1;30mDEBUG[0m [32mInvoking command in '/home/ivan/Webots_YOLOv8/build/soccer_vision_attribute_msgs': CMAKE_PREFIX_PATH=${CMAKE_PREFIX_PATH}:/home/ivan/Webots_YOLOv8/install/soccer_ipm:/home/ivan/Webots_YOLOv8/install/Webots_YOLOv8:/home/ivan/Webots_YOLOv8/install/my_package:/home/ivan/Webots_YOLOv8/install/ipm_service:/home/ivan/Webots_YOLOv8/install/ipm_image_node:/home/ivan/Webots_YOLOv8/install/ipm_library:/home/ivan/ros2_ws/install/object_finder_onnx:/home/ivan/ros2_ws/install/object_finder:/home/ivan/ros2_ws/install/my_package:/home/ivan/ros2_ws/install/Webots_YOLOv8:/opt/ros/humble /usr/bin/cmake --install /home/ivan/Webots_YOLOv8/build/soccer_vision_attribute_msgs[0m
[1.676s] [34mcolcon.colcon_core.event_handler.log_command[0m [1;30mDEBUG[0m [32mInvoked command in '/home/ivan/Webots_YOLOv8/build/ipm_interfaces' returned '0': CMAKE_PREFIX_PATH=${CMAKE_PREFIX_PATH}:/home/ivan/Webots_YOLOv8/install/soccer_ipm:/home/ivan/Webots_YOLOv8/install/Webots_YOLOv8:/home/ivan/Webots_YOLOv8/install/my_package:/home/ivan/Webots_YOLOv8/install/ipm_service:/home/ivan/Webots_YOLOv8/install/ipm_image_node:/home/ivan/Webots_YOLOv8/install/ipm_library:/home/ivan/ros2_ws/install/object_finder_onnx:/home/ivan/ros2_ws/install/object_finder:/home/ivan/ros2_ws/install/my_package:/home/ivan/ros2_ws/install/Webots_YOLOv8:/opt/ros/humble /usr/bin/cmake --build /home/ivan/Webots_YOLOv8/build/ipm_interfaces -- -j12 -l12[0m
[1.680s] [34mcolcon.colcon_core.event_handler.log_command[0m [1;30mDEBUG[0m [32mInvoking command in '/home/ivan/Webots_YOLOv8/build/ipm_interfaces': CMAKE_PREFIX_PATH=${CMAKE_PREFIX_PATH}:/home/ivan/Webots_YOLOv8/install/soccer_ipm:/home/ivan/Webots_YOLOv8/install/Webots_YOLOv8:/home/ivan/Webots_YOLOv8/install/my_package:/home/ivan/Webots_YOLOv8/install/ipm_service:/home/ivan/Webots_YOLOv8/install/ipm_image_node:/home/ivan/Webots_YOLOv8/install/ipm_library:/home/ivan/ros2_ws/install/object_finder_onnx:/home/ivan/ros2_ws/install/object_finder:/home/ivan/ros2_ws/install/my_package:/home/ivan/ros2_ws/install/Webots_YOLOv8:/opt/ros/humble /usr/bin/cmake --install /home/ivan/Webots_YOLOv8/build/ipm_interfaces[0m
[1.772s] [34mcolcon.colcon_core.environment[0m [1;30mLevel 1[0m create_environment_scripts_only(soccer_vision_attribute_msgs)
[1.772s] [34mcolcon.colcon_core.event_handler.log_command[0m [1;30mDEBUG[0m [32mInvoked command in '/home/ivan/Webots_YOLOv8/build/soccer_vision_attribute_msgs' returned '0': CMAKE_PREFIX_PATH=${CMAKE_PREFIX_PATH}:/home/ivan/Webots_YOLOv8/install/soccer_ipm:/home/ivan/Webots_YOLOv8/install/Webots_YOLOv8:/home/ivan/Webots_YOLOv8/install/my_package:/home/ivan/Webots_YOLOv8/install/ipm_service:/home/ivan/Webots_YOLOv8/install/ipm_image_node:/home/ivan/Webots_YOLOv8/install/ipm_library:/home/ivan/ros2_ws/install/object_finder_onnx:/home/ivan/ros2_ws/install/object_finder:/home/ivan/ros2_ws/install/my_package:/home/ivan/ros2_ws/install/Webots_YOLOv8:/opt/ros/humble /usr/bin/cmake --install /home/ivan/Webots_YOLOv8/build/soccer_vision_attribute_msgs[0m
[1.787s] [34mcolcon.colcon_core.environment[0m [1;30mLevel 1[0m checking '/home/ivan/Webots_YOLOv8/install/soccer_vision_attribute_msgs' for CMake module files
[1.788s] [34mcolcon.colcon_core.environment[0m [1;30mLevel 1[0m checking '/home/ivan/Webots_YOLOv8/install/soccer_vision_attribute_msgs' for CMake config files
[1.789s] [34mcolcon.colcon_core.shell[0m [1;30mLevel 1[0m create_environment_hook('soccer_vision_attribute_msgs', 'cmake_prefix_path')
[1.790s] [34mcolcon.colcon_core.shell[0m [1;30mINFO[0m Creating environment hook '/home/ivan/Webots_YOLOv8/install/soccer_vision_attribute_msgs/share/soccer_vision_attribute_msgs/hook/cmake_prefix_path.ps1'
[1.790s] [34mcolcon.colcon_core.shell[0m [1;30mINFO[0m Creating environment descriptor '/home/ivan/Webots_YOLOv8/install/soccer_vision_attribute_msgs/share/soccer_vision_attribute_msgs/hook/cmake_prefix_path.dsv'
[1.791s] [34mcolcon.colcon_core.shell[0m [1;30mINFO[0m Creating environment hook '/home/ivan/Webots_YOLOv8/install/soccer_vision_attribute_msgs/share/soccer_vision_attribute_msgs/hook/cmake_prefix_path.sh'
[1.791s] [34mcolcon.colcon_core.environment[0m [1;30mLevel 1[0m checking '/home/ivan/Webots_YOLOv8/install/soccer_vision_attribute_msgs/lib'
[1.792s] [34mcolcon.colcon_core.shell[0m [1;30mLevel 1[0m create_environment_hook('soccer_vision_attribute_msgs', 'ld_library_path_lib')
[1.792s] [34mcolcon.colcon_core.shell[0m [1;30mINFO[0m Creating environment hook '/home/ivan/Webots_YOLOv8/install/soccer_vision_attribute_msgs/share/soccer_vision_attribute_msgs/hook/ld_library_path_lib.ps1'
[1.793s] [34mcolcon.colcon_core.shell[0m [1;30mINFO[0m Creating environment descriptor '/home/ivan/Webots_YOLOv8/install/soccer_vision_attribute_msgs/share/soccer_vision_attribute_msgs/hook/ld_library_path_lib.dsv'
[1.795s] [34mcolcon.colcon_core.shell[0m [1;30mINFO[0m Creating environment hook '/home/ivan/Webots_YOLOv8/install/soccer_vision_attribute_msgs/share/soccer_vision_attribute_msgs/hook/ld_library_path_lib.sh'
[1.795s] [34mcolcon.colcon_core.environment[0m [1;30mLevel 1[0m checking '/home/ivan/Webots_YOLOv8/install/soccer_vision_attribute_msgs/bin'
[1.795s] [34mcolcon.colcon_core.environment[0m [1;30mLevel 1[0m checking '/home/ivan/Webots_YOLOv8/install/soccer_vision_attribute_msgs/lib/pkgconfig/soccer_vision_attribute_msgs.pc'
[1.795s] [34mcolcon.colcon_core.environment[0m [1;30mLevel 1[0m checking '/home/ivan/Webots_YOLOv8/install/soccer_vision_attribute_msgs/lib/python3.10/site-packages'
[1.796s] [34mcolcon.colcon_core.environment[0m [1;30mLevel 1[0m checking '/home/ivan/Webots_YOLOv8/install/soccer_vision_attribute_msgs/bin'
[1.796s] [34mcolcon.colcon_core.shell[0m [1;30mINFO[0m Creating package script '/home/ivan/Webots_YOLOv8/install/soccer_vision_attribute_msgs/share/soccer_vision_attribute_msgs/package.ps1'
[1.797s] [34mcolcon.colcon_core.shell[0m [1;30mINFO[0m Creating package descriptor '/home/ivan/Webots_YOLOv8/install/soccer_vision_attribute_msgs/share/soccer_vision_attribute_msgs/package.dsv'
[1.799s] [34mcolcon.colcon_core.shell[0m [1;30mINFO[0m Creating package script '/home/ivan/Webots_YOLOv8/install/soccer_vision_attribute_msgs/share/soccer_vision_attribute_msgs/package.sh'
[1.800s] [34mcolcon.colcon_core.shell[0m [1;30mINFO[0m Creating package script '/home/ivan/Webots_YOLOv8/install/soccer_vision_attribute_msgs/share/soccer_vision_attribute_msgs/package.bash'
[1.801s] [34mcolcon.colcon_core.shell[0m [1;30mINFO[0m Creating package script '/home/ivan/Webots_YOLOv8/install/soccer_vision_attribute_msgs/share/soccer_vision_attribute_msgs/package.zsh'
[1.803s] [34mcolcon.colcon_core.environment[0m [1;30mLevel 1[0m create_file_with_runtime_dependencies(/home/ivan/Webots_YOLOv8/install/soccer_vision_attribute_msgs/share/colcon-core/packages/soccer_vision_attribute_msgs)
[1.804s] [34mcolcon.colcon_core.environment[0m [1;30mLevel 1[0m create_environment_scripts_only(soccer_vision_attribute_msgs)
[1.804s] [34mcolcon.colcon_core.environment[0m [1;30mLevel 1[0m checking '/home/ivan/Webots_YOLOv8/install/soccer_vision_attribute_msgs' for CMake module files
[1.805s] [34mcolcon.colcon_core.environment[0m [1;30mLevel 1[0m checking '/home/ivan/Webots_YOLOv8/install/soccer_vision_attribute_msgs' for CMake config files
[1.806s] [34mcolcon.colcon_core.shell[0m [1;30mLevel 1[0m create_environment_hook('soccer_vision_attribute_msgs', 'cmake_prefix_path')
[1.806s] [34mcolcon.colcon_core.shell[0m [1;30mINFO[0m Creating environment hook '/home/ivan/Webots_YOLOv8/install/soccer_vision_attribute_msgs/share/soccer_vision_attribute_msgs/hook/cmake_prefix_path.ps1'
[1.806s] [34mcolcon.colcon_core.shell[0m [1;30mINFO[0m Creating environment descriptor '/home/ivan/Webots_YOLOv8/install/soccer_vision_attribute_msgs/share/soccer_vision_attribute_msgs/hook/cmake_prefix_path.dsv'
[1.807s] [34mcolcon.colcon_core.shell[0m [1;30mINFO[0m Creating environment hook '/home/ivan/Webots_YOLOv8/install/soccer_vision_attribute_msgs/share/soccer_vision_attribute_msgs/hook/cmake_prefix_path.sh'
[1.807s] [34mcolcon.colcon_core.environment[0m [1;30mLevel 1[0m checking '/home/ivan/Webots_YOLOv8/install/soccer_vision_attribute_msgs/lib'
[1.807s] [34mcolcon.colcon_core.shell[0m [1;30mLevel 1[0m create_environment_hook('soccer_vision_attribute_msgs', 'ld_library_path_lib')
[1.808s] [34mcolcon.colcon_core.shell[0m [1;30mINFO[0m Creating environment hook '/home/ivan/Webots_YOLOv8/install/soccer_vision_attribute_msgs/share/soccer_vision_attribute_msgs/hook/ld_library_path_lib.ps1'
[1.808s] [34mcolcon.colcon_core.shell[0m [1;30mINFO[0m Creating environment descriptor '/home/ivan/Webots_YOLOv8/install/soccer_vision_attribute_msgs/share/soccer_vision_attribute_msgs/hook/ld_library_path_lib.dsv'
[1.809s] [34mcolcon.colcon_core.shell[0m [1;30mINFO[0m Creating environment hook '/home/ivan/Webots_YOLOv8/install/soccer_vision_attribute_msgs/share/soccer_vision_attribute_msgs/hook/ld_library_path_lib.sh'
[1.809s] [34mcolcon.colcon_core.environment[0m [1;30mLevel 1[0m checking '/home/ivan/Webots_YOLOv8/install/soccer_vision_attribute_msgs/bin'
[1.809s] [34mcolcon.colcon_core.environment[0m [1;30mLevel 1[0m checking '/home/ivan/Webots_YOLOv8/install/soccer_vision_attribute_msgs/lib/pkgconfig/soccer_vision_attribute_msgs.pc'
[1.810s] [34mcolcon.colcon_core.environment[0m [1;30mLevel 1[0m checking '/home/ivan/Webots_YOLOv8/install/soccer_vision_attribute_msgs/lib/python3.10/site-packages'
[1.810s] [34mcolcon.colcon_core.environment[0m [1;30mLevel 1[0m checking '/home/ivan/Webots_YOLOv8/install/soccer_vision_attribute_msgs/bin'
[1.810s] [34mcolcon.colcon_core.shell[0m [1;30mINFO[0m Creating package script '/home/ivan/Webots_YOLOv8/install/soccer_vision_attribute_msgs/share/soccer_vision_attribute_msgs/package.ps1'
[1.811s] [34mcolcon.colcon_core.shell[0m [1;30mINFO[0m Creating package descriptor '/home/ivan/Webots_YOLOv8/install/soccer_vision_attribute_msgs/share/soccer_vision_attribute_msgs/package.dsv'
[1.812s] [34mcolcon.colcon_core.shell[0m [1;30mINFO[0m Creating package script '/home/ivan/Webots_YOLOv8/install/soccer_vision_attribute_msgs/share/soccer_vision_attribute_msgs/package.sh'
[1.813s] [34mcolcon.colcon_core.shell[0m [1;30mINFO[0m Creating package script '/home/ivan/Webots_YOLOv8/install/soccer_vision_attribute_msgs/share/soccer_vision_attribute_msgs/package.bash'
[1.813s] [34mcolcon.colcon_core.shell[0m [1;30mINFO[0m Creating package script '/home/ivan/Webots_YOLOv8/install/soccer_vision_attribute_msgs/share/soccer_vision_attribute_msgs/package.zsh'
[1.814s] [34mcolcon.colcon_core.environment[0m [1;30mLevel 1[0m create_file_with_runtime_dependencies(/home/ivan/Webots_YOLOv8/install/soccer_vision_attribute_msgs/share/colcon-core/packages/soccer_vision_attribute_msgs)
[1.815s] [34mcolcon.colcon_ros.task.ament_cmake.build[0m [1;30mINFO[0m Building ROS package in '/home/ivan/Webots_YOLOv8/src/soccer_interfaces/soccer_vision_2d_msgs' with build type 'ament_cmake'
[1.815s] [34mcolcon.colcon_cmake.task.cmake.build[0m [1;30mINFO[0m Building CMake package in '/home/ivan/Webots_YOLOv8/src/soccer_interfaces/soccer_vision_2d_msgs'
[1.815s] [34mcolcon.colcon_core.shell[0m [1;30mINFO[0m Skip shell extension 'powershell' for command environment: Not usable outside of PowerShell
[1.815s] [34mcolcon.colcon_core.shell[0m [1;30mDEBUG[0m [32mSkip shell extension 'dsv' for command environment[0m
[1.822s] [34mcolcon.colcon_ros.task.ament_cmake.build[0m [1;30mINFO[0m Building ROS package in '/home/ivan/Webots_YOLOv8/src/soccer_interfaces/soccer_vision_3d_msgs' with build type 'ament_cmake'
[1.823s] [34mcolcon.colcon_cmake.task.cmake.build[0m [1;30mINFO[0m Building CMake package in '/home/ivan/Webots_YOLOv8/src/soccer_interfaces/soccer_vision_3d_msgs'
[1.823s] [34mcolcon.colcon_core.shell[0m [1;30mINFO[0m Skip shell extension 'powershell' for command environment: Not usable outside of PowerShell
[1.823s] [34mcolcon.colcon_core.shell[0m [1;30mDEBUG[0m [32mSkip shell extension 'dsv' for command environment[0m
[1.831s] [34mcolcon.colcon_core.environment[0m [1;30mLevel 1[0m create_environment_scripts_only(soccer_geometry_msgs)
[1.832s] [34mcolcon.colcon_core.environment[0m [1;30mLevel 1[0m checking '/home/ivan/Webots_YOLOv8/install/soccer_geometry_msgs' for CMake module files
[1.832s] [34mcolcon.colcon_core.event_handler.log_command[0m [1;30mDEBUG[0m [32mInvoked command in '/home/ivan/Webots_YOLOv8/build/soccer_geometry_msgs' returned '0': CMAKE_PREFIX_PATH=${CMAKE_PREFIX_PATH}:/home/ivan/Webots_YOLOv8/install/soccer_ipm:/home/ivan/Webots_YOLOv8/install/Webots_YOLOv8:/home/ivan/Webots_YOLOv8/install/my_package:/home/ivan/Webots_YOLOv8/install/ipm_service:/home/ivan/Webots_YOLOv8/install/ipm_image_node:/home/ivan/Webots_YOLOv8/install/ipm_library:/home/ivan/ros2_ws/install/object_finder_onnx:/home/ivan/ros2_ws/install/object_finder:/home/ivan/ros2_ws/install/my_package:/home/ivan/ros2_ws/install/Webots_YOLOv8:/opt/ros/humble /usr/bin/cmake --install /home/ivan/Webots_YOLOv8/build/soccer_geometry_msgs[0m
[1.833s] [34mcolcon.colcon_core.environment[0m [1;30mLevel 1[0m checking '/home/ivan/Webots_YOLOv8/install/soccer_geometry_msgs' for CMake config files
[1.834s] [34mcolcon.colcon_core.shell[0m [1;30mLevel 1[0m create_environment_hook('soccer_geometry_msgs', 'cmake_prefix_path')
[1.835s] [34mcolcon.colcon_core.shell[0m [1;30mINFO[0m Creating environment hook '/home/ivan/Webots_YOLOv8/install/soccer_geometry_msgs/share/soccer_geometry_msgs/hook/cmake_prefix_path.ps1'
[1.836s] [34mcolcon.colcon_core.shell[0m [1;30mINFO[0m Creating environment descriptor '/home/ivan/Webots_YOLOv8/install/soccer_geometry_msgs/share/soccer_geometry_msgs/hook/cmake_prefix_path.dsv'
[1.836s] [34mcolcon.colcon_core.shell[0m [1;30mINFO[0m Creating environment hook '/home/ivan/Webots_YOLOv8/install/soccer_geometry_msgs/share/soccer_geometry_msgs/hook/cmake_prefix_path.sh'
[1.837s] [34mcolcon.colcon_core.environment[0m [1;30mLevel 1[0m checking '/home/ivan/Webots_YOLOv8/install/soccer_geometry_msgs/lib'
[1.837s] [34mcolcon.colcon_core.shell[0m [1;30mLevel 1[0m create_environment_hook('soccer_geometry_msgs', 'ld_library_path_lib')
[1.837s] [34mcolcon.colcon_core.shell[0m [1;30mINFO[0m Creating environment hook '/home/ivan/Webots_YOLOv8/install/soccer_geometry_msgs/share/soccer_geometry_msgs/hook/ld_library_path_lib.ps1'
[1.838s] [34mcolcon.colcon_core.shell[0m [1;30mINFO[0m Creating environment descriptor '/home/ivan/Webots_YOLOv8/install/soccer_geometry_msgs/share/soccer_geometry_msgs/hook/ld_library_path_lib.dsv'
[1.838s] [34mcolcon.colcon_core.shell[0m [1;30mINFO[0m Creating environment hook '/home/ivan/Webots_YOLOv8/install/soccer_geometry_msgs/share/soccer_geometry_msgs/hook/ld_library_path_lib.sh'
[1.839s] [34mcolcon.colcon_core.environment[0m [1;30mLevel 1[0m checking '/home/ivan/Webots_YOLOv8/install/soccer_geometry_msgs/bin'
[1.839s] [34mcolcon.colcon_core.environment[0m [1;30mLevel 1[0m checking '/home/ivan/Webots_YOLOv8/install/soccer_geometry_msgs/lib/pkgconfig/soccer_geometry_msgs.pc'
[1.839s] [34mcolcon.colcon_core.environment[0m [1;30mLevel 1[0m checking '/home/ivan/Webots_YOLOv8/install/soccer_geometry_msgs/lib/python3.10/site-packages'
[1.839s] [34mcolcon.colcon_core.environment[0m [1;30mLevel 1[0m checking '/home/ivan/Webots_YOLOv8/install/soccer_geometry_msgs/bin'
[1.840s] [34mcolcon.colcon_core.shell[0m [1;30mINFO[0m Creating package script '/home/ivan/Webots_YOLOv8/install/soccer_geometry_msgs/share/soccer_geometry_msgs/package.ps1'
[1.840s] [34mcolcon.colcon_core.shell[0m [1;30mINFO[0m Creating package descriptor '/home/ivan/Webots_YOLOv8/install/soccer_geometry_msgs/share/soccer_geometry_msgs/package.dsv'
[1.841s] [34mcolcon.colcon_core.shell[0m [1;30mINFO[0m Creating package script '/home/ivan/Webots_YOLOv8/install/soccer_geometry_msgs/share/soccer_geometry_msgs/package.sh'
[1.842s] [34mcolcon.colcon_core.shell[0m [1;30mINFO[0m Creating package script '/home/ivan/Webots_YOLOv8/install/soccer_geometry_msgs/share/soccer_geometry_msgs/package.bash'
[1.842s] [34mcolcon.colcon_core.shell[0m [1;30mINFO[0m Creating package script '/home/ivan/Webots_YOLOv8/install/soccer_geometry_msgs/share/soccer_geometry_msgs/package.zsh'
[1.842s] [34mcolcon.colcon_core.environment[0m [1;30mLevel 1[0m create_file_with_runtime_dependencies(/home/ivan/Webots_YOLOv8/install/soccer_geometry_msgs/share/colcon-core/packages/soccer_geometry_msgs)
[1.844s] [34mcolcon.colcon_core.environment[0m [1;30mLevel 1[0m create_environment_scripts_only(soccer_geometry_msgs)
[1.845s] [34mcolcon.colcon_core.environment[0m [1;30mLevel 1[0m checking '/home/ivan/Webots_YOLOv8/install/soccer_geometry_msgs' for CMake module files
[1.846s] [34mcolcon.colcon_core.environment[0m [1;30mLevel 1[0m checking '/home/ivan/Webots_YOLOv8/install/soccer_geometry_msgs' for CMake config files
[1.847s] [34mcolcon.colcon_core.shell[0m [1;30mLevel 1[0m create_environment_hook('soccer_geometry_msgs', 'cmake_prefix_path')
[1.847s] [34mcolcon.colcon_core.shell[0m [1;30mINFO[0m Creating environment hook '/home/ivan/Webots_YOLOv8/install/soccer_geometry_msgs/share/soccer_geometry_msgs/hook/cmake_prefix_path.ps1'
[1.847s] [34mcolcon.colcon_core.shell[0m [1;30mINFO[0m Creating environment descriptor '/home/ivan/Webots_YOLOv8/install/soccer_geometry_msgs/share/soccer_geometry_msgs/hook/cmake_prefix_path.dsv'
[1.848s] [34mcolcon.colcon_core.shell[0m [1;30mINFO[0m Creating environment hook '/home/ivan/Webots_YOLOv8/install/soccer_geometry_msgs/share/soccer_geometry_msgs/hook/cmake_prefix_path.sh'
[1.849s] [34mcolcon.colcon_core.environment[0m [1;30mLevel 1[0m checking '/home/ivan/Webots_YOLOv8/install/soccer_geometry_msgs/lib'
[1.849s] [34mcolcon.colcon_core.shell[0m [1;30mLevel 1[0m create_environment_hook('soccer_geometry_msgs', 'ld_library_path_lib')
[1.849s] [34mcolcon.colcon_core.shell[0m [1;30mINFO[0m Creating environment hook '/home/ivan/Webots_YOLOv8/install/soccer_geometry_msgs/share/soccer_geometry_msgs/hook/ld_library_path_lib.ps1'
[1.849s] [34mcolcon.colcon_core.shell[0m [1;30mINFO[0m Creating environment descriptor '/home/ivan/Webots_YOLOv8/install/soccer_geometry_msgs/share/soccer_geometry_msgs/hook/ld_library_path_lib.dsv'
[1.850s] [34mcolcon.colcon_core.shell[0m [1;30mINFO[0m Creating environment hook '/home/ivan/Webots_YOLOv8/install/soccer_geometry_msgs/share/soccer_geometry_msgs/hook/ld_library_path_lib.sh'
[1.851s] [34mcolcon.colcon_core.environment[0m [1;30mLevel 1[0m checking '/home/ivan/Webots_YOLOv8/install/soccer_geometry_msgs/bin'
[1.851s] [34mcolcon.colcon_core.environment[0m [1;30mLevel 1[0m checking '/home/ivan/Webots_YOLOv8/install/soccer_geometry_msgs/lib/pkgconfig/soccer_geometry_msgs.pc'
[1.851s] [34mcolcon.colcon_core.environment[0m [1;30mLevel 1[0m checking '/home/ivan/Webots_YOLOv8/install/soccer_geometry_msgs/lib/python3.10/site-packages'
[1.851s] [34mcolcon.colcon_core.environment[0m [1;30mLevel 1[0m checking '/home/ivan/Webots_YOLOv8/install/soccer_geometry_msgs/bin'
[1.852s] [34mcolcon.colcon_core.shell[0m [1;30mINFO[0m Creating package script '/home/ivan/Webots_YOLOv8/install/soccer_geometry_msgs/share/soccer_geometry_msgs/package.ps1'
[1.854s] [34mcolcon.colcon_core.shell[0m [1;30mINFO[0m Creating package descriptor '/home/ivan/Webots_YOLOv8/install/soccer_geometry_msgs/share/soccer_geometry_msgs/package.dsv'
[1.855s] [34mcolcon.colcon_core.shell[0m [1;30mINFO[0m Creating package script '/home/ivan/Webots_YOLOv8/install/soccer_geometry_msgs/share/soccer_geometry_msgs/package.sh'
[1.856s] [34mcolcon.colcon_core.shell[0m [1;30mINFO[0m Creating package script '/home/ivan/Webots_YOLOv8/install/soccer_geometry_msgs/share/soccer_geometry_msgs/package.bash'
[1.857s] [34mcolcon.colcon_core.shell[0m [1;30mINFO[0m Creating package script '/home/ivan/Webots_YOLOv8/install/soccer_geometry_msgs/share/soccer_geometry_msgs/package.zsh'
[1.857s] [34mcolcon.colcon_core.environment[0m [1;30mLevel 1[0m create_file_with_runtime_dependencies(/home/ivan/Webots_YOLOv8/install/soccer_geometry_msgs/share/colcon-core/packages/soccer_geometry_msgs)
[1.859s] [34mcolcon.colcon_ros.task.ament_cmake.build[0m [1;30mINFO[0m Building ROS package in '/home/ivan/Webots_YOLOv8/src/soccer_interfaces/soccer_model_msgs' with build type 'ament_cmake'
[1.859s] [34mcolcon.colcon_cmake.task.cmake.build[0m [1;30mINFO[0m Building CMake package in '/home/ivan/Webots_YOLOv8/src/soccer_interfaces/soccer_model_msgs'
[1.859s] [34mcolcon.colcon_core.shell[0m [1;30mINFO[0m Skip shell extension 'powershell' for command environment: Not usable outside of PowerShell
[1.859s] [34mcolcon.colcon_core.shell[0m [1;30mDEBUG[0m [32mSkip shell extension 'dsv' for command environment[0m
[1.868s] [34mcolcon.colcon_core.environment[0m [1;30mLevel 1[0m create_environment_scripts_only(ipm_interfaces)
[1.869s] [34mcolcon.colcon_core.environment[0m [1;30mLevel 1[0m checking '/home/ivan/Webots_YOLOv8/install/ipm_interfaces' for CMake module files
[1.870s] [34mcolcon.colcon_core.event_handler.log_command[0m [1;30mDEBUG[0m [32mInvoked command in '/home/ivan/Webots_YOLOv8/build/ipm_interfaces' returned '0': CMAKE_PREFIX_PATH=${CMAKE_PREFIX_PATH}:/home/ivan/Webots_YOLOv8/install/soccer_ipm:/home/ivan/Webots_YOLOv8/install/Webots_YOLOv8:/home/ivan/Webots_YOLOv8/install/my_package:/home/ivan/Webots_YOLOv8/install/ipm_service:/home/ivan/Webots_YOLOv8/install/ipm_image_node:/home/ivan/Webots_YOLOv8/install/ipm_library:/home/ivan/ros2_ws/install/object_finder_onnx:/home/ivan/ros2_ws/install/object_finder:/home/ivan/ros2_ws/install/my_package:/home/ivan/ros2_ws/install/Webots_YOLOv8:/opt/ros/humble /usr/bin/cmake --install /home/ivan/Webots_YOLOv8/build/ipm_interfaces[0m
[1.871s] [34mcolcon.colcon_core.environment[0m [1;30mLevel 1[0m checking '/home/ivan/Webots_YOLOv8/install/ipm_interfaces' for CMake config files
[1.872s] [34mcolcon.colcon_core.shell[0m [1;30mLevel 1[0m create_environment_hook('ipm_interfaces', 'cmake_prefix_path')
[1.872s] [34mcolcon.colcon_core.shell[0m [1;30mINFO[0m Creating environment hook '/home/ivan/Webots_YOLOv8/install/ipm_interfaces/share/ipm_interfaces/hook/cmake_prefix_path.ps1'
[1.873s] [34mcolcon.colcon_core.shell[0m [1;30mINFO[0m Creating environment descriptor '/home/ivan/Webots_YOLOv8/install/ipm_interfaces/share/ipm_interfaces/hook/cmake_prefix_path.dsv'
[1.874s] [34mcolcon.colcon_core.shell[0m [1;30mINFO[0m Creating environment hook '/home/ivan/Webots_YOLOv8/install/ipm_interfaces/share/ipm_interfaces/hook/cmake_prefix_path.sh'
[1.875s] [34mcolcon.colcon_core.environment[0m [1;30mLevel 1[0m checking '/home/ivan/Webots_YOLOv8/install/ipm_interfaces/lib'
[1.875s] [34mcolcon.colcon_core.shell[0m [1;30mLevel 1[0m create_environment_hook('ipm_interfaces', 'ld_library_path_lib')
[1.875s] [34mcolcon.colcon_core.shell[0m [1;30mINFO[0m Creating environment hook '/home/ivan/Webots_YOLOv8/install/ipm_interfaces/share/ipm_interfaces/hook/ld_library_path_lib.ps1'
[1.876s] [34mcolcon.colcon_core.shell[0m [1;30mINFO[0m Creating environment descriptor '/home/ivan/Webots_YOLOv8/install/ipm_interfaces/share/ipm_interfaces/hook/ld_library_path_lib.dsv'
[1.877s] [34mcolcon.colcon_core.shell[0m [1;30mINFO[0m Creating environment hook '/home/ivan/Webots_YOLOv8/install/ipm_interfaces/share/ipm_interfaces/hook/ld_library_path_lib.sh'
[1.877s] [34mcolcon.colcon_core.environment[0m [1;30mLevel 1[0m checking '/home/ivan/Webots_YOLOv8/install/ipm_interfaces/bin'
[1.877s] [34mcolcon.colcon_core.environment[0m [1;30mLevel 1[0m checking '/home/ivan/Webots_YOLOv8/install/ipm_interfaces/lib/pkgconfig/ipm_interfaces.pc'
[1.878s] [34mcolcon.colcon_core.environment[0m [1;30mLevel 1[0m checking '/home/ivan/Webots_YOLOv8/install/ipm_interfaces/lib/python3.10/site-packages'
[1.878s] [34mcolcon.colcon_core.environment[0m [1;30mLevel 1[0m checking '/home/ivan/Webots_YOLOv8/install/ipm_interfaces/bin'
[1.879s] [34mcolcon.colcon_core.shell[0m [1;30mINFO[0m Creating package script '/home/ivan/Webots_YOLOv8/install/ipm_interfaces/share/ipm_interfaces/package.ps1'
[1.880s] [34mcolcon.colcon_core.shell[0m [1;30mINFO[0m Creating package descriptor '/home/ivan/Webots_YOLOv8/install/ipm_interfaces/share/ipm_interfaces/package.dsv'
[1.880s] [34mcolcon.colcon_core.shell[0m [1;30mINFO[0m Creating package script '/home/ivan/Webots_YOLOv8/install/ipm_interfaces/share/ipm_interfaces/package.sh'
[1.881s] [34mcolcon.colcon_core.shell[0m [1;30mINFO[0m Creating package script '/home/ivan/Webots_YOLOv8/install/ipm_interfaces/share/ipm_interfaces/package.bash'
[1.882s] [34mcolcon.colcon_core.shell[0m [1;30mINFO[0m Creating package script '/home/ivan/Webots_YOLOv8/install/ipm_interfaces/share/ipm_interfaces/package.zsh'
[1.882s] [34mcolcon.colcon_core.environment[0m [1;30mLevel 1[0m create_file_with_runtime_dependencies(/home/ivan/Webots_YOLOv8/install/ipm_interfaces/share/colcon-core/packages/ipm_interfaces)
[1.884s] [34mcolcon.colcon_core.environment[0m [1;30mLevel 1[0m create_environment_scripts_only(ipm_interfaces)
[1.885s] [34mcolcon.colcon_core.environment[0m [1;30mLevel 1[0m checking '/home/ivan/Webots_YOLOv8/install/ipm_interfaces' for CMake module files
[1.887s] [34mcolcon.colcon_core.environment[0m [1;30mLevel 1[0m checking '/home/ivan/Webots_YOLOv8/install/ipm_interfaces' for CMake config files
[1.888s] [34mcolcon.colcon_core.shell[0m [1;30mLevel 1[0m create_environment_hook('ipm_interfaces', 'cmake_prefix_path')
[1.888s] [34mcolcon.colcon_core.shell[0m [1;30mINFO[0m Creating environment hook '/home/ivan/Webots_YOLOv8/install/ipm_interfaces/share/ipm_interfaces/hook/cmake_prefix_path.ps1'
[1.889s] [34mcolcon.colcon_core.shell[0m [1;30mINFO[0m Creating environment descriptor '/home/ivan/Webots_YOLOv8/install/ipm_interfaces/share/ipm_interfaces/hook/cmake_prefix_path.dsv'
[1.890s] [34mcolcon.colcon_core.shell[0m [1;30mINFO[0m Creating environment hook '/home/ivan/Webots_YOLOv8/install/ipm_interfaces/share/ipm_interfaces/hook/cmake_prefix_path.sh'
[1.891s] [34mcolcon.colcon_core.environment[0m [1;30mLevel 1[0m checking '/home/ivan/Webots_YOLOv8/install/ipm_interfaces/lib'
[1.891s] [34mcolcon.colcon_core.shell[0m [1;30mLevel 1[0m create_environment_hook('ipm_interfaces', 'ld_library_path_lib')
[1.891s] [34mcolcon.colcon_core.shell[0m [1;30mINFO[0m Creating environment hook '/home/ivan/Webots_YOLOv8/install/ipm_interfaces/share/ipm_interfaces/hook/ld_library_path_lib.ps1'
[1.892s] [34mcolcon.colcon_core.shell[0m [1;30mINFO[0m Creating environment descriptor '/home/ivan/Webots_YOLOv8/install/ipm_interfaces/share/ipm_interfaces/hook/ld_library_path_lib.dsv'
[1.893s] [34mcolcon.colcon_core.shell[0m [1;30mINFO[0m Creating environment hook '/home/ivan/Webots_YOLOv8/install/ipm_interfaces/share/ipm_interfaces/hook/ld_library_path_lib.sh'
[1.894s] [34mcolcon.colcon_core.environment[0m [1;30mLevel 1[0m checking '/home/ivan/Webots_YOLOv8/install/ipm_interfaces/bin'
[1.894s] [34mcolcon.colcon_core.environment[0m [1;30mLevel 1[0m checking '/home/ivan/Webots_YOLOv8/install/ipm_interfaces/lib/pkgconfig/ipm_interfaces.pc'
[1.894s] [34mcolcon.colcon_core.environment[0m [1;30mLevel 1[0m checking '/home/ivan/Webots_YOLOv8/install/ipm_interfaces/lib/python3.10/site-packages'
[1.894s] [34mcolcon.colcon_core.environment[0m [1;30mLevel 1[0m checking '/home/ivan/Webots_YOLOv8/install/ipm_interfaces/bin'
[1.895s] [34mcolcon.colcon_core.shell[0m [1;30mINFO[0m Creating package script '/home/ivan/Webots_YOLOv8/install/ipm_interfaces/share/ipm_interfaces/package.ps1'
[1.896s] [34mcolcon.colcon_core.shell[0m [1;30mINFO[0m Creating package descriptor '/home/ivan/Webots_YOLOv8/install/ipm_interfaces/share/ipm_interfaces/package.dsv'
[1.897s] [34mcolcon.colcon_core.shell[0m [1;30mINFO[0m Creating package script '/home/ivan/Webots_YOLOv8/install/ipm_interfaces/share/ipm_interfaces/package.sh'
[1.898s] [34mcolcon.colcon_core.shell[0m [1;30mINFO[0m Creating package script '/home/ivan/Webots_YOLOv8/install/ipm_interfaces/share/ipm_interfaces/package.bash'
[1.899s] [34mcolcon.colcon_core.shell[0m [1;30mINFO[0m Creating package script '/home/ivan/Webots_YOLOv8/install/ipm_interfaces/share/ipm_interfaces/package.zsh'
[1.899s] [34mcolcon.colcon_core.environment[0m [1;30mLevel 1[0m create_file_with_runtime_dependencies(/home/ivan/Webots_YOLOv8/install/ipm_interfaces/share/colcon-core/packages/ipm_interfaces)
[1.900s] [34mcolcon.colcon_ros.task.ament_python.build[0m [1;30mINFO[0m Building ROS package in '/home/ivan/Webots_YOLOv8/src/ipm/ipm_library' with build type 'ament_python'
[1.901s] [34mcolcon.colcon_core.shell[0m [1;30mLevel 1[0m create_environment_hook('ipm_library', 'ament_prefix_path')
[1.901s] [34mcolcon.colcon_core.shell[0m [1;30mINFO[0m Creating environment hook '/home/ivan/Webots_YOLOv8/install/ipm_library/share/ipm_library/hook/ament_prefix_path.ps1'
[1.903s] [34mcolcon.colcon_core.shell[0m [1;30mINFO[0m Creating environment descriptor '/home/ivan/Webots_YOLOv8/install/ipm_library/share/ipm_library/hook/ament_prefix_path.dsv'
[1.904s] [34mcolcon.colcon_core.shell[0m [1;30mINFO[0m Creating environment hook '/home/ivan/Webots_YOLOv8/install/ipm_library/share/ipm_library/hook/ament_prefix_path.sh'
[1.905s] [34mcolcon.colcon_core.shell[0m [1;30mINFO[0m Skip shell extension 'powershell' for command environment: Not usable outside of PowerShell
[1.905s] [34mcolcon.colcon_core.shell[0m [1;30mDEBUG[0m [32mSkip shell extension 'dsv' for command environment[0m
[1.920s] [34mcolcon.colcon_core.event_handler.log_command[0m [1;30mDEBUG[0m [32mInvoking command in '/home/ivan/Webots_YOLOv8/build/soccer_vision_2d_msgs': CMAKE_PREFIX_PATH=/home/ivan/Webots_YOLOv8/install/soccer_vision_attribute_msgs:/home/ivan/Webots_YOLOv8/install/soccer_interfaces:/home/ivan/Webots_YOLOv8/install/soccer_vision_3d_msgs:/home/ivan/Webots_YOLOv8/install/soccer_vision_2d_msgs:/home/ivan/Webots_YOLOv8/install/soccer_model_msgs:/home/ivan/Webots_YOLOv8/install/soccer_geometry_msgs:/home/ivan/Webots_YOLOv8/install/ipm_interfaces:/home/ivan/ros2_ws/install/edrom_msgs:/home/ivan/Webots_YOLOv8/install/soccer_ipm:/home/ivan/Webots_YOLOv8/install/Webots_YOLOv8:/home/ivan/Webots_YOLOv8/install/my_package:/home/ivan/Webots_YOLOv8/install/ipm_service:/home/ivan/Webots_YOLOv8/install/ipm_image_node:/home/ivan/Webots_YOLOv8/install/ipm_library:/home/ivan/ros2_ws/install/object_finder_onnx:/home/ivan/ros2_ws/install/object_finder:/home/ivan/ros2_ws/install/my_package:/home/ivan/ros2_ws/install/Webots_YOLOv8:/opt/ros/humble LD_LIBRARY_PATH=/home/ivan/Webots_YOLOv8/install/soccer_vision_attribute_msgs/lib:/home/ivan/Webots_YOLOv8/install/soccer_vision_3d_msgs/lib:/home/ivan/Webots_YOLOv8/install/soccer_vision_2d_msgs/lib:/home/ivan/Webots_YOLOv8/install/soccer_model_msgs/lib:/home/ivan/Webots_YOLOv8/install/soccer_geometry_msgs/lib:/home/ivan/Webots_YOLOv8/install/ipm_interfaces/lib:/home/ivan/ros2_ws/install/edrom_msgs/lib:/opt/ros/humble/opt/rviz_ogre_vendor/lib:/opt/ros/humble/lib/x86_64-linux-gnu:/opt/ros/humble/lib /usr/bin/cmake --build /home/ivan/Webots_YOLOv8/build/soccer_vision_2d_msgs -- -j12 -l12[0m
[1.926s] [34mcolcon.colcon_core.event_handler.log_command[0m [1;30mDEBUG[0m [32mInvoking command in '/home/ivan/Webots_YOLOv8/build/soccer_vision_3d_msgs': CMAKE_PREFIX_PATH=/home/ivan/Webots_YOLOv8/install/soccer_vision_attribute_msgs:/home/ivan/Webots_YOLOv8/install/soccer_interfaces:/home/ivan/Webots_YOLOv8/install/soccer_vision_3d_msgs:/home/ivan/Webots_YOLOv8/install/soccer_vision_2d_msgs:/home/ivan/Webots_YOLOv8/install/soccer_model_msgs:/home/ivan/Webots_YOLOv8/install/soccer_geometry_msgs:/home/ivan/Webots_YOLOv8/install/ipm_interfaces:/home/ivan/ros2_ws/install/edrom_msgs:/home/ivan/Webots_YOLOv8/install/soccer_ipm:/home/ivan/Webots_YOLOv8/install/Webots_YOLOv8:/home/ivan/Webots_YOLOv8/install/my_package:/home/ivan/Webots_YOLOv8/install/ipm_service:/home/ivan/Webots_YOLOv8/install/ipm_image_node:/home/ivan/Webots_YOLOv8/install/ipm_library:/home/ivan/ros2_ws/install/object_finder_onnx:/home/ivan/ros2_ws/install/object_finder:/home/ivan/ros2_ws/install/my_package:/home/ivan/ros2_ws/install/Webots_YOLOv8:/opt/ros/humble LD_LIBRARY_PATH=/home/ivan/Webots_YOLOv8/install/soccer_vision_attribute_msgs/lib:/home/ivan/Webots_YOLOv8/install/soccer_vision_3d_msgs/lib:/home/ivan/Webots_YOLOv8/install/soccer_vision_2d_msgs/lib:/home/ivan/Webots_YOLOv8/install/soccer_model_msgs/lib:/home/ivan/Webots_YOLOv8/install/soccer_geometry_msgs/lib:/home/ivan/Webots_YOLOv8/install/ipm_interfaces/lib:/home/ivan/ros2_ws/install/edrom_msgs/lib:/opt/ros/humble/opt/rviz_ogre_vendor/lib:/opt/ros/humble/lib/x86_64-linux-gnu:/opt/ros/humble/lib /usr/bin/cmake --build /home/ivan/Webots_YOLOv8/build/soccer_vision_3d_msgs -- -j12 -l12[0m
[1.933s] [34mcolcon.colcon_core.event_handler.log_command[0m [1;30mDEBUG[0m [32mInvoking command in '/home/ivan/Webots_YOLOv8/build/soccer_model_msgs': CMAKE_PREFIX_PATH=/home/ivan/Webots_YOLOv8/install/soccer_vision_attribute_msgs:/home/ivan/Webots_YOLOv8/install/soccer_geometry_msgs:/home/ivan/Webots_YOLOv8/install/soccer_interfaces:/home/ivan/Webots_YOLOv8/install/soccer_vision_3d_msgs:/home/ivan/Webots_YOLOv8/install/soccer_vision_2d_msgs:/home/ivan/Webots_YOLOv8/install/soccer_model_msgs:/home/ivan/Webots_YOLOv8/install/ipm_interfaces:/home/ivan/ros2_ws/install/edrom_msgs:/home/ivan/Webots_YOLOv8/install/soccer_ipm:/home/ivan/Webots_YOLOv8/install/Webots_YOLOv8:/home/ivan/Webots_YOLOv8/install/my_package:/home/ivan/Webots_YOLOv8/install/ipm_service:/home/ivan/Webots_YOLOv8/install/ipm_image_node:/home/ivan/Webots_YOLOv8/install/ipm_library:/home/ivan/ros2_ws/install/object_finder_onnx:/home/ivan/ros2_ws/install/object_finder:/home/ivan/ros2_ws/install/my_package:/home/ivan/ros2_ws/install/Webots_YOLOv8:/opt/ros/humble LD_LIBRARY_PATH=/home/ivan/Webots_YOLOv8/install/soccer_vision_attribute_msgs/lib:/home/ivan/Webots_YOLOv8/install/soccer_geometry_msgs/lib:/home/ivan/Webots_YOLOv8/install/soccer_vision_3d_msgs/lib:/home/ivan/Webots_YOLOv8/install/soccer_vision_2d_msgs/lib:/home/ivan/Webots_YOLOv8/install/soccer_model_msgs/lib:/home/ivan/Webots_YOLOv8/install/ipm_interfaces/lib:/home/ivan/ros2_ws/install/edrom_msgs/lib:/opt/ros/humble/opt/rviz_ogre_vendor/lib:/opt/ros/humble/lib/x86_64-linux-gnu:/opt/ros/humble/lib /usr/bin/cmake --build /home/ivan/Webots_YOLOv8/build/soccer_model_msgs -- -j12 -l12[0m
[2.448s] [34mcolcon.colcon_core.task.python.build[0m [1;30mINFO[0m Building Python package in '/home/ivan/Webots_YOLOv8/src/ipm/ipm_library'
[2.449s] [34mcolcon.colcon_core.shell[0m [1;30mINFO[0m Skip shell extension 'powershell' for command environment: Not usable outside of PowerShell
[2.449s] [34mcolcon.colcon_core.shell[0m [1;30mDEBUG[0m [32mSkip shell extension 'dsv' for command environment[0m
[2.460s] [34mcolcon.colcon_core.event_handler.log_command[0m [1;30mDEBUG[0m [32mInvoking command in '/home/ivan/Webots_YOLOv8/src/my_package': PYTHONPATH=/home/ivan/Webots_YOLOv8/build/my_package/prefix_override:/usr/lib/python3/dist-packages/colcon_core/task/python/colcon_distutils_commands:/home/ivan/Webots_YOLOv8/install/my_package/lib/python3.10/site-packages:${PYTHONPATH} /usr/bin/python3 -W ignore:setup.py install is deprecated -W ignore:easy_install command is deprecated setup.py egg_info --egg-base ../../build/my_package build --build-base /home/ivan/Webots_YOLOv8/build/my_package/build install --record /home/ivan/Webots_YOLOv8/build/my_package/install.log --single-version-externally-managed install_data[0m
[2.648s] [34mcolcon.colcon_core.event_handler.log_command[0m [1;30mDEBUG[0m [32mInvoked command in '/home/ivan/Webots_YOLOv8/build/soccer_vision_3d_msgs' returned '0': CMAKE_PREFIX_PATH=/home/ivan/Webots_YOLOv8/install/soccer_vision_attribute_msgs:/home/ivan/Webots_YOLOv8/install/soccer_interfaces:/home/ivan/Webots_YOLOv8/install/soccer_vision_3d_msgs:/home/ivan/Webots_YOLOv8/install/soccer_vision_2d_msgs:/home/ivan/Webots_YOLOv8/install/soccer_model_msgs:/home/ivan/Webots_YOLOv8/install/soccer_geometry_msgs:/home/ivan/Webots_YOLOv8/install/ipm_interfaces:/home/ivan/ros2_ws/install/edrom_msgs:/home/ivan/Webots_YOLOv8/install/soccer_ipm:/home/ivan/Webots_YOLOv8/install/Webots_YOLOv8:/home/ivan/Webots_YOLOv8/install/my_package:/home/ivan/Webots_YOLOv8/install/ipm_service:/home/ivan/Webots_YOLOv8/install/ipm_image_node:/home/ivan/Webots_YOLOv8/install/ipm_library:/home/ivan/ros2_ws/install/object_finder_onnx:/home/ivan/ros2_ws/install/object_finder:/home/ivan/ros2_ws/install/my_package:/home/ivan/ros2_ws/install/Webots_YOLOv8:/opt/ros/humble LD_LIBRARY_PATH=/home/ivan/Webots_YOLOv8/install/soccer_vision_attribute_msgs/lib:/home/ivan/Webots_YOLOv8/install/soccer_vision_3d_msgs/lib:/home/ivan/Webots_YOLOv8/install/soccer_vision_2d_msgs/lib:/home/ivan/Webots_YOLOv8/install/soccer_model_msgs/lib:/home/ivan/Webots_YOLOv8/install/soccer_geometry_msgs/lib:/home/ivan/Webots_YOLOv8/install/ipm_interfaces/lib:/home/ivan/ros2_ws/install/edrom_msgs/lib:/opt/ros/humble/opt/rviz_ogre_vendor/lib:/opt/ros/humble/lib/x86_64-linux-gnu:/opt/ros/humble/lib /usr/bin/cmake --build /home/ivan/Webots_YOLOv8/build/soccer_vision_3d_msgs -- -j12 -l12[0m
[2.651s] [34mcolcon.colcon_core.event_handler.log_command[0m [1;30mDEBUG[0m [32mInvoking command in '/home/ivan/Webots_YOLOv8/build/soccer_vision_3d_msgs': CMAKE_PREFIX_PATH=/home/ivan/Webots_YOLOv8/install/soccer_vision_attribute_msgs:/home/ivan/Webots_YOLOv8/install/soccer_interfaces:/home/ivan/Webots_YOLOv8/install/soccer_vision_3d_msgs:/home/ivan/Webots_YOLOv8/install/soccer_vision_2d_msgs:/home/ivan/Webots_YOLOv8/install/soccer_model_msgs:/home/ivan/Webots_YOLOv8/install/soccer_geometry_msgs:/home/ivan/Webots_YOLOv8/install/ipm_interfaces:/home/ivan/ros2_ws/install/edrom_msgs:/home/ivan/Webots_YOLOv8/install/soccer_ipm:/home/ivan/Webots_YOLOv8/install/Webots_YOLOv8:/home/ivan/Webots_YOLOv8/install/my_package:/home/ivan/Webots_YOLOv8/install/ipm_service:/home/ivan/Webots_YOLOv8/install/ipm_image_node:/home/ivan/Webots_YOLOv8/install/ipm_library:/home/ivan/ros2_ws/install/object_finder_onnx:/home/ivan/ros2_ws/install/object_finder:/home/ivan/ros2_ws/install/my_package:/home/ivan/ros2_ws/install/Webots_YOLOv8:/opt/ros/humble LD_LIBRARY_PATH=/home/ivan/Webots_YOLOv8/install/soccer_vision_attribute_msgs/lib:/home/ivan/Webots_YOLOv8/install/soccer_vision_3d_msgs/lib:/home/ivan/Webots_YOLOv8/install/soccer_vision_2d_msgs/lib:/home/ivan/Webots_YOLOv8/install/soccer_model_msgs/lib:/home/ivan/Webots_YOLOv8/install/soccer_geometry_msgs/lib:/home/ivan/Webots_YOLOv8/install/ipm_interfaces/lib:/home/ivan/ros2_ws/install/edrom_msgs/lib:/opt/ros/humble/opt/rviz_ogre_vendor/lib:/opt/ros/humble/lib/x86_64-linux-gnu:/opt/ros/humble/lib /usr/bin/cmake --install /home/ivan/Webots_YOLOv8/build/soccer_vision_3d_msgs[0m
[2.671s] [34mcolcon.colcon_core.event_handler.log_command[0m [1;30mDEBUG[0m [32mInvoked command in '/home/ivan/Webots_YOLOv8/build/soccer_vision_2d_msgs' returned '0': CMAKE_PREFIX_PATH=/home/ivan/Webots_YOLOv8/install/soccer_vision_attribute_msgs:/home/ivan/Webots_YOLOv8/install/soccer_interfaces:/home/ivan/Webots_YOLOv8/install/soccer_vision_3d_msgs:/home/ivan/Webots_YOLOv8/install/soccer_vision_2d_msgs:/home/ivan/Webots_YOLOv8/install/soccer_model_msgs:/home/ivan/Webots_YOLOv8/install/soccer_geometry_msgs:/home/ivan/Webots_YOLOv8/install/ipm_interfaces:/home/ivan/ros2_ws/install/edrom_msgs:/home/ivan/Webots_YOLOv8/install/soccer_ipm:/home/ivan/Webots_YOLOv8/install/Webots_YOLOv8:/home/ivan/Webots_YOLOv8/install/my_package:/home/ivan/Webots_YOLOv8/install/ipm_service:/home/ivan/Webots_YOLOv8/install/ipm_image_node:/home/ivan/Webots_YOLOv8/install/ipm_library:/home/ivan/ros2_ws/install/object_finder_onnx:/home/ivan/ros2_ws/install/object_finder:/home/ivan/ros2_ws/install/my_package:/home/ivan/ros2_ws/install/Webots_YOLOv8:/opt/ros/humble LD_LIBRARY_PATH=/home/ivan/Webots_YOLOv8/install/soccer_vision_attribute_msgs/lib:/home/ivan/Webots_YOLOv8/install/soccer_vision_3d_msgs/lib:/home/ivan/Webots_YOLOv8/install/soccer_vision_2d_msgs/lib:/home/ivan/Webots_YOLOv8/install/soccer_model_msgs/lib:/home/ivan/Webots_YOLOv8/install/soccer_geometry_msgs/lib:/home/ivan/Webots_YOLOv8/install/ipm_interfaces/lib:/home/ivan/ros2_ws/install/edrom_msgs/lib:/opt/ros/humble/opt/rviz_ogre_vendor/lib:/opt/ros/humble/lib/x86_64-linux-gnu:/opt/ros/humble/lib /usr/bin/cmake --build /home/ivan/Webots_YOLOv8/build/soccer_vision_2d_msgs -- -j12 -l12[0m
[2.692s] [34mcolcon.colcon_core.event_handler.log_command[0m [1;30mDEBUG[0m [32mInvoking command in '/home/ivan/Webots_YOLOv8/build/soccer_vision_2d_msgs': CMAKE_PREFIX_PATH=/home/ivan/Webots_YOLOv8/install/soccer_vision_attribute_msgs:/home/ivan/Webots_YOLOv8/install/soccer_interfaces:/home/ivan/Webots_YOLOv8/install/soccer_vision_3d_msgs:/home/ivan/Webots_YOLOv8/install/soccer_vision_2d_msgs:/home/ivan/Webots_YOLOv8/install/soccer_model_msgs:/home/ivan/Webots_YOLOv8/install/soccer_geometry_msgs:/home/ivan/Webots_YOLOv8/install/ipm_interfaces:/home/ivan/ros2_ws/install/edrom_msgs:/home/ivan/Webots_YOLOv8/install/soccer_ipm:/home/ivan/Webots_YOLOv8/install/Webots_YOLOv8:/home/ivan/Webots_YOLOv8/install/my_package:/home/ivan/Webots_YOLOv8/install/ipm_service:/home/ivan/Webots_YOLOv8/install/ipm_image_node:/home/ivan/Webots_YOLOv8/install/ipm_library:/home/ivan/ros2_ws/install/object_finder_onnx:/home/ivan/ros2_ws/install/object_finder:/home/ivan/ros2_ws/install/my_package:/home/ivan/ros2_ws/install/Webots_YOLOv8:/opt/ros/humble LD_LIBRARY_PATH=/home/ivan/Webots_YOLOv8/install/soccer_vision_attribute_msgs/lib:/home/ivan/Webots_YOLOv8/install/soccer_vision_3d_msgs/lib:/home/ivan/Webots_YOLOv8/install/soccer_vision_2d_msgs/lib:/home/ivan/Webots_YOLOv8/install/soccer_model_msgs/lib:/home/ivan/Webots_YOLOv8/install/soccer_geometry_msgs/lib:/home/ivan/Webots_YOLOv8/install/ipm_interfaces/lib:/home/ivan/ros2_ws/install/edrom_msgs/lib:/opt/ros/humble/opt/rviz_ogre_vendor/lib:/opt/ros/humble/lib/x86_64-linux-gnu:/opt/ros/humble/lib /usr/bin/cmake --install /home/ivan/Webots_YOLOv8/build/soccer_vision_2d_msgs[0m
[2.709s] [34mcolcon.colcon_core.event_handler.log_command[0m [1;30mDEBUG[0m [32mInvoked command in '/home/ivan/Webots_YOLOv8/build/soccer_model_msgs' returned '0': CMAKE_PREFIX_PATH=/home/ivan/Webots_YOLOv8/install/soccer_vision_attribute_msgs:/home/ivan/Webots_YOLOv8/install/soccer_geometry_msgs:/home/ivan/Webots_YOLOv8/install/soccer_interfaces:/home/ivan/Webots_YOLOv8/install/soccer_vision_3d_msgs:/home/ivan/Webots_YOLOv8/install/soccer_vision_2d_msgs:/home/ivan/Webots_YOLOv8/install/soccer_model_msgs:/home/ivan/Webots_YOLOv8/install/ipm_interfaces:/home/ivan/ros2_ws/install/edrom_msgs:/home/ivan/Webots_YOLOv8/install/soccer_ipm:/home/ivan/Webots_YOLOv8/install/Webots_YOLOv8:/home/ivan/Webots_YOLOv8/install/my_package:/home/ivan/Webots_YOLOv8/install/ipm_service:/home/ivan/Webots_YOLOv8/install/ipm_image_node:/home/ivan/Webots_YOLOv8/install/ipm_library:/home/ivan/ros2_ws/install/object_finder_onnx:/home/ivan/ros2_ws/install/object_finder:/home/ivan/ros2_ws/install/my_package:/home/ivan/ros2_ws/install/Webots_YOLOv8:/opt/ros/humble LD_LIBRARY_PATH=/home/ivan/Webots_YOLOv8/install/soccer_vision_attribute_msgs/lib:/home/ivan/Webots_YOLOv8/install/soccer_geometry_msgs/lib:/home/ivan/Webots_YOLOv8/install/soccer_vision_3d_msgs/lib:/home/ivan/Webots_YOLOv8/install/soccer_vision_2d_msgs/lib:/home/ivan/Webots_YOLOv8/install/soccer_model_msgs/lib:/home/ivan/Webots_YOLOv8/install/ipm_interfaces/lib:/home/ivan/ros2_ws/install/edrom_msgs/lib:/opt/ros/humble/opt/rviz_ogre_vendor/lib:/opt/ros/humble/lib/x86_64-linux-gnu:/opt/ros/humble/lib /usr/bin/cmake --build /home/ivan/Webots_YOLOv8/build/soccer_model_msgs -- -j12 -l12[0m
[2.716s] [34mcolcon.colcon_core.event_handler.log_command[0m [1;30mDEBUG[0m [32mInvoking command in '/home/ivan/Webots_YOLOv8/build/soccer_model_msgs': CMAKE_PREFIX_PATH=/home/ivan/Webots_YOLOv8/install/soccer_vision_attribute_msgs:/home/ivan/Webots_YOLOv8/install/soccer_geometry_msgs:/home/ivan/Webots_YOLOv8/install/soccer_interfaces:/home/ivan/Webots_YOLOv8/install/soccer_vision_3d_msgs:/home/ivan/Webots_YOLOv8/install/soccer_vision_2d_msgs:/home/ivan/Webots_YOLOv8/install/soccer_model_msgs:/home/ivan/Webots_YOLOv8/install/ipm_interfaces:/home/ivan/ros2_ws/install/edrom_msgs:/home/ivan/Webots_YOLOv8/install/soccer_ipm:/home/ivan/Webots_YOLOv8/install/Webots_YOLOv8:/home/ivan/Webots_YOLOv8/install/my_package:/home/ivan/Webots_YOLOv8/install/ipm_service:/home/ivan/Webots_YOLOv8/install/ipm_image_node:/home/ivan/Webots_YOLOv8/install/ipm_library:/home/ivan/ros2_ws/install/object_finder_onnx:/home/ivan/ros2_ws/install/object_finder:/home/ivan/ros2_ws/install/my_package:/home/ivan/ros2_ws/install/Webots_YOLOv8:/opt/ros/humble LD_LIBRARY_PATH=/home/ivan/Webots_YOLOv8/install/soccer_vision_attribute_msgs/lib:/home/ivan/Webots_YOLOv8/install/soccer_geometry_msgs/lib:/home/ivan/Webots_YOLOv8/install/soccer_vision_3d_msgs/lib:/home/ivan/Webots_YOLOv8/install/soccer_vision_2d_msgs/lib:/home/ivan/Webots_YOLOv8/install/soccer_model_msgs/lib:/home/ivan/Webots_YOLOv8/install/ipm_interfaces/lib:/home/ivan/ros2_ws/install/edrom_msgs/lib:/opt/ros/humble/opt/rviz_ogre_vendor/lib:/opt/ros/humble/lib/x86_64-linux-gnu:/opt/ros/humble/lib /usr/bin/cmake --install /home/ivan/Webots_YOLOv8/build/soccer_model_msgs[0m
[2.775s] [34mcolcon.colcon_core.environment[0m [1;30mLevel 1[0m create_environment_scripts_only(soccer_vision_3d_msgs)
[2.775s] [34mcolcon.colcon_core.environment[0m [1;30mLevel 1[0m checking '/home/ivan/Webots_YOLOv8/install/soccer_vision_3d_msgs' for CMake module files
[2.784s] [34mcolcon.colcon_core.environment[0m [1;30mLevel 1[0m checking '/home/ivan/Webots_YOLOv8/install/soccer_vision_3d_msgs' for CMake config files
[2.787s] [34mcolcon.colcon_core.event_handler.log_command[0m [1;30mDEBUG[0m [32mInvoked command in '/home/ivan/Webots_YOLOv8/build/soccer_vision_3d_msgs' returned '0': CMAKE_PREFIX_PATH=/home/ivan/Webots_YOLOv8/install/soccer_vision_attribute_msgs:/home/ivan/Webots_YOLOv8/install/soccer_interfaces:/home/ivan/Webots_YOLOv8/install/soccer_vision_3d_msgs:/home/ivan/Webots_YOLOv8/install/soccer_vision_2d_msgs:/home/ivan/Webots_YOLOv8/install/soccer_model_msgs:/home/ivan/Webots_YOLOv8/install/soccer_geometry_msgs:/home/ivan/Webots_YOLOv8/install/ipm_interfaces:/home/ivan/ros2_ws/install/edrom_msgs:/home/ivan/Webots_YOLOv8/install/soccer_ipm:/home/ivan/Webots_YOLOv8/install/Webots_YOLOv8:/home/ivan/Webots_YOLOv8/install/my_package:/home/ivan/Webots_YOLOv8/install/ipm_service:/home/ivan/Webots_YOLOv8/install/ipm_image_node:/home/ivan/Webots_YOLOv8/install/ipm_library:/home/ivan/ros2_ws/install/object_finder_onnx:/home/ivan/ros2_ws/install/object_finder:/home/ivan/ros2_ws/install/my_package:/home/ivan/ros2_ws/install/Webots_YOLOv8:/opt/ros/humble LD_LIBRARY_PATH=/home/ivan/Webots_YOLOv8/install/soccer_vision_attribute_msgs/lib:/home/ivan/Webots_YOLOv8/install/soccer_vision_3d_msgs/lib:/home/ivan/Webots_YOLOv8/install/soccer_vision_2d_msgs/lib:/home/ivan/Webots_YOLOv8/install/soccer_model_msgs/lib:/home/ivan/Webots_YOLOv8/install/soccer_geometry_msgs/lib:/home/ivan/Webots_YOLOv8/install/ipm_interfaces/lib:/home/ivan/ros2_ws/install/edrom_msgs/lib:/opt/ros/humble/opt/rviz_ogre_vendor/lib:/opt/ros/humble/lib/x86_64-linux-gnu:/opt/ros/humble/lib /usr/bin/cmake --install /home/ivan/Webots_YOLOv8/build/soccer_vision_3d_msgs[0m
[2.804s] [34mcolcon.colcon_core.shell[0m [1;30mLevel 1[0m create_environment_hook('soccer_vision_3d_msgs', 'cmake_prefix_path')
[2.805s] [34mcolcon.colcon_core.shell[0m [1;30mINFO[0m Creating environment hook '/home/ivan/Webots_YOLOv8/install/soccer_vision_3d_msgs/share/soccer_vision_3d_msgs/hook/cmake_prefix_path.ps1'
[2.806s] [34mcolcon.colcon_core.shell[0m [1;30mINFO[0m Creating environment descriptor '/home/ivan/Webots_YOLOv8/install/soccer_vision_3d_msgs/share/soccer_vision_3d_msgs/hook/cmake_prefix_path.dsv'
[2.807s] [34mcolcon.colcon_core.shell[0m [1;30mINFO[0m Creating environment hook '/home/ivan/Webots_YOLOv8/install/soccer_vision_3d_msgs/share/soccer_vision_3d_msgs/hook/cmake_prefix_path.sh'
[2.808s] [34mcolcon.colcon_core.environment[0m [1;30mLevel 1[0m checking '/home/ivan/Webots_YOLOv8/install/soccer_vision_3d_msgs/lib'
[2.808s] [34mcolcon.colcon_core.shell[0m [1;30mLevel 1[0m create_environment_hook('soccer_vision_3d_msgs', 'ld_library_path_lib')
[2.808s] [34mcolcon.colcon_core.shell[0m [1;30mINFO[0m Creating environment hook '/home/ivan/Webots_YOLOv8/install/soccer_vision_3d_msgs/share/soccer_vision_3d_msgs/hook/ld_library_path_lib.ps1'
[2.809s] [34mcolcon.colcon_core.shell[0m [1;30mINFO[0m Creating environment descriptor '/home/ivan/Webots_YOLOv8/install/soccer_vision_3d_msgs/share/soccer_vision_3d_msgs/hook/ld_library_path_lib.dsv'
[2.810s] [34mcolcon.colcon_core.shell[0m [1;30mINFO[0m Creating environment hook '/home/ivan/Webots_YOLOv8/install/soccer_vision_3d_msgs/share/soccer_vision_3d_msgs/hook/ld_library_path_lib.sh'
[2.811s] [34mcolcon.colcon_core.environment[0m [1;30mLevel 1[0m checking '/home/ivan/Webots_YOLOv8/install/soccer_vision_3d_msgs/bin'
[2.811s] [34mcolcon.colcon_core.environment[0m [1;30mLevel 1[0m checking '/home/ivan/Webots_YOLOv8/install/soccer_vision_3d_msgs/lib/pkgconfig/soccer_vision_3d_msgs.pc'
[2.811s] [34mcolcon.colcon_core.environment[0m [1;30mLevel 1[0m checking '/home/ivan/Webots_YOLOv8/install/soccer_vision_3d_msgs/lib/python3.10/site-packages'
[2.812s] [34mcolcon.colcon_core.environment[0m [1;30mLevel 1[0m checking '/home/ivan/Webots_YOLOv8/install/soccer_vision_3d_msgs/bin'
[2.812s] [34mcolcon.colcon_core.shell[0m [1;30mINFO[0m Creating package script '/home/ivan/Webots_YOLOv8/install/soccer_vision_3d_msgs/share/soccer_vision_3d_msgs/package.ps1'
[2.813s] [34mcolcon.colcon_core.shell[0m [1;30mINFO[0m Creating package descriptor '/home/ivan/Webots_YOLOv8/install/soccer_vision_3d_msgs/share/soccer_vision_3d_msgs/package.dsv'
[2.814s] [34mcolcon.colcon_core.shell[0m [1;30mINFO[0m Creating package script '/home/ivan/Webots_YOLOv8/install/soccer_vision_3d_msgs/share/soccer_vision_3d_msgs/package.sh'
[2.815s] [34mcolcon.colcon_core.shell[0m [1;30mINFO[0m Creating package script '/home/ivan/Webots_YOLOv8/install/soccer_vision_3d_msgs/share/soccer_vision_3d_msgs/package.bash'
[2.816s] [34mcolcon.colcon_core.shell[0m [1;30mINFO[0m Creating package script '/home/ivan/Webots_YOLOv8/install/soccer_vision_3d_msgs/share/soccer_vision_3d_msgs/package.zsh'
[2.817s] [34mcolcon.colcon_core.environment[0m [1;30mLevel 1[0m create_file_with_runtime_dependencies(/home/ivan/Webots_YOLOv8/install/soccer_vision_3d_msgs/share/colcon-core/packages/soccer_vision_3d_msgs)
[2.818s] [34mcolcon.colcon_core.environment[0m [1;30mLevel 1[0m create_environment_scripts_only(soccer_vision_3d_msgs)
[2.818s] [34mcolcon.colcon_core.environment[0m [1;30mLevel 1[0m checking '/home/ivan/Webots_YOLOv8/install/soccer_vision_3d_msgs' for CMake module files
[2.820s] [34mcolcon.colcon_core.environment[0m [1;30mLevel 1[0m checking '/home/ivan/Webots_YOLOv8/install/soccer_vision_3d_msgs' for CMake config files
[2.821s] [34mcolcon.colcon_core.shell[0m [1;30mLevel 1[0m create_environment_hook('soccer_vision_3d_msgs', 'cmake_prefix_path')
[2.822s] [34mcolcon.colcon_core.shell[0m [1;30mINFO[0m Creating environment hook '/home/ivan/Webots_YOLOv8/install/soccer_vision_3d_msgs/share/soccer_vision_3d_msgs/hook/cmake_prefix_path.ps1'
[2.823s] [34mcolcon.colcon_core.shell[0m [1;30mINFO[0m Creating environment descriptor '/home/ivan/Webots_YOLOv8/install/soccer_vision_3d_msgs/share/soccer_vision_3d_msgs/hook/cmake_prefix_path.dsv'
[2.823s] [34mcolcon.colcon_core.shell[0m [1;30mINFO[0m Creating environment hook '/home/ivan/Webots_YOLOv8/install/soccer_vision_3d_msgs/share/soccer_vision_3d_msgs/hook/cmake_prefix_path.sh'
[2.824s] [34mcolcon.colcon_core.environment[0m [1;30mLevel 1[0m checking '/home/ivan/Webots_YOLOv8/install/soccer_vision_3d_msgs/lib'
[2.825s] [34mcolcon.colcon_core.shell[0m [1;30mLevel 1[0m create_environment_hook('soccer_vision_3d_msgs', 'ld_library_path_lib')
[2.825s] [34mcolcon.colcon_core.shell[0m [1;30mINFO[0m Creating environment hook '/home/ivan/Webots_YOLOv8/install/soccer_vision_3d_msgs/share/soccer_vision_3d_msgs/hook/ld_library_path_lib.ps1'
[2.826s] [34mcolcon.colcon_core.shell[0m [1;30mINFO[0m Creating environment descriptor '/home/ivan/Webots_YOLOv8/install/soccer_vision_3d_msgs/share/soccer_vision_3d_msgs/hook/ld_library_path_lib.dsv'
[2.827s] [34mcolcon.colcon_core.shell[0m [1;30mINFO[0m Creating environment hook '/home/ivan/Webots_YOLOv8/install/soccer_vision_3d_msgs/share/soccer_vision_3d_msgs/hook/ld_library_path_lib.sh'
[2.827s] [34mcolcon.colcon_core.environment[0m [1;30mLevel 1[0m checking '/home/ivan/Webots_YOLOv8/install/soccer_vision_3d_msgs/bin'
[2.828s] [34mcolcon.colcon_core.environment[0m [1;30mLevel 1[0m checking '/home/ivan/Webots_YOLOv8/install/soccer_vision_3d_msgs/lib/pkgconfig/soccer_vision_3d_msgs.pc'
[2.828s] [34mcolcon.colcon_core.environment[0m [1;30mLevel 1[0m checking '/home/ivan/Webots_YOLOv8/install/soccer_vision_3d_msgs/lib/python3.10/site-packages'
[2.828s] [34mcolcon.colcon_core.environment[0m [1;30mLevel 1[0m checking '/home/ivan/Webots_YOLOv8/install/soccer_vision_3d_msgs/bin'
[2.829s] [34mcolcon.colcon_core.shell[0m [1;30mINFO[0m Creating package script '/home/ivan/Webots_YOLOv8/install/soccer_vision_3d_msgs/share/soccer_vision_3d_msgs/package.ps1'
[2.830s] [34mcolcon.colcon_core.shell[0m [1;30mINFO[0m Creating package descriptor '/home/ivan/Webots_YOLOv8/install/soccer_vision_3d_msgs/share/soccer_vision_3d_msgs/package.dsv'
[2.831s] [34mcolcon.colcon_core.shell[0m [1;30mINFO[0m Creating package script '/home/ivan/Webots_YOLOv8/install/soccer_vision_3d_msgs/share/soccer_vision_3d_msgs/package.sh'
[2.832s] [34mcolcon.colcon_core.shell[0m [1;30mINFO[0m Creating package script '/home/ivan/Webots_YOLOv8/install/soccer_vision_3d_msgs/share/soccer_vision_3d_msgs/package.bash'
[2.833s] [34mcolcon.colcon_core.shell[0m [1;30mINFO[0m Creating package script '/home/ivan/Webots_YOLOv8/install/soccer_vision_3d_msgs/share/soccer_vision_3d_msgs/package.zsh'
[2.834s] [34mcolcon.colcon_core.environment[0m [1;30mLevel 1[0m create_file_with_runtime_dependencies(/home/ivan/Webots_YOLOv8/install/soccer_vision_3d_msgs/share/colcon-core/packages/soccer_vision_3d_msgs)
[2.836s] [34mcolcon.colcon_core.environment[0m [1;30mLevel 1[0m create_environment_scripts_only(soccer_vision_2d_msgs)
[2.836s] [34mcolcon.colcon_core.environment[0m [1;30mLevel 1[0m checking '/home/ivan/Webots_YOLOv8/install/soccer_vision_2d_msgs' for CMake module files
[2.837s] [34mcolcon.colcon_core.event_handler.log_command[0m [1;30mDEBUG[0m [32mInvoked command in '/home/ivan/Webots_YOLOv8/build/soccer_vision_2d_msgs' returned '0': CMAKE_PREFIX_PATH=/home/ivan/Webots_YOLOv8/install/soccer_vision_attribute_msgs:/home/ivan/Webots_YOLOv8/install/soccer_interfaces:/home/ivan/Webots_YOLOv8/install/soccer_vision_3d_msgs:/home/ivan/Webots_YOLOv8/install/soccer_vision_2d_msgs:/home/ivan/Webots_YOLOv8/install/soccer_model_msgs:/home/ivan/Webots_YOLOv8/install/soccer_geometry_msgs:/home/ivan/Webots_YOLOv8/install/ipm_interfaces:/home/ivan/ros2_ws/install/edrom_msgs:/home/ivan/Webots_YOLOv8/install/soccer_ipm:/home/ivan/Webots_YOLOv8/install/Webots_YOLOv8:/home/ivan/Webots_YOLOv8/install/my_package:/home/ivan/Webots_YOLOv8/install/ipm_service:/home/ivan/Webots_YOLOv8/install/ipm_image_node:/home/ivan/Webots_YOLOv8/install/ipm_library:/home/ivan/ros2_ws/install/object_finder_onnx:/home/ivan/ros2_ws/install/object_finder:/home/ivan/ros2_ws/install/my_package:/home/ivan/ros2_ws/install/Webots_YOLOv8:/opt/ros/humble LD_LIBRARY_PATH=/home/ivan/Webots_YOLOv8/install/soccer_vision_attribute_msgs/lib:/home/ivan/Webots_YOLOv8/install/soccer_vision_3d_msgs/lib:/home/ivan/Webots_YOLOv8/install/soccer_vision_2d_msgs/lib:/home/ivan/Webots_YOLOv8/install/soccer_model_msgs/lib:/home/ivan/Webots_YOLOv8/install/soccer_geometry_msgs/lib:/home/ivan/Webots_YOLOv8/install/ipm_interfaces/lib:/home/ivan/ros2_ws/install/edrom_msgs/lib:/opt/ros/humble/opt/rviz_ogre_vendor/lib:/opt/ros/humble/lib/x86_64-linux-gnu:/opt/ros/humble/lib /usr/bin/cmake --install /home/ivan/Webots_YOLOv8/build/soccer_vision_2d_msgs[0m
[2.838s] [34mcolcon.colcon_core.environment[0m [1;30mLevel 1[0m checking '/home/ivan/Webots_YOLOv8/install/soccer_vision_2d_msgs' for CMake config files
[2.839s] [34mcolcon.colcon_core.shell[0m [1;30mLevel 1[0m create_environment_hook('soccer_vision_2d_msgs', 'cmake_prefix_path')
[2.839s] [34mcolcon.colcon_core.shell[0m [1;30mINFO[0m Creating environment hook '/home/ivan/Webots_YOLOv8/install/soccer_vision_2d_msgs/share/soccer_vision_2d_msgs/hook/cmake_prefix_path.ps1'
[2.840s] [34mcolcon.colcon_core.shell[0m [1;30mINFO[0m Creating environment descriptor '/home/ivan/Webots_YOLOv8/install/soccer_vision_2d_msgs/share/soccer_vision_2d_msgs/hook/cmake_prefix_path.dsv'
[2.841s] [34mcolcon.colcon_core.shell[0m [1;30mINFO[0m Creating environment hook '/home/ivan/Webots_YOLOv8/install/soccer_vision_2d_msgs/share/soccer_vision_2d_msgs/hook/cmake_prefix_path.sh'
[2.841s] [34mcolcon.colcon_core.environment[0m [1;30mLevel 1[0m checking '/home/ivan/Webots_YOLOv8/install/soccer_vision_2d_msgs/lib'
[2.841s] [34mcolcon.colcon_core.shell[0m [1;30mLevel 1[0m create_environment_hook('soccer_vision_2d_msgs', 'ld_library_path_lib')
[2.842s] [34mcolcon.colcon_core.shell[0m [1;30mINFO[0m Creating environment hook '/home/ivan/Webots_YOLOv8/install/soccer_vision_2d_msgs/share/soccer_vision_2d_msgs/hook/ld_library_path_lib.ps1'
[2.842s] [34mcolcon.colcon_core.shell[0m [1;30mINFO[0m Creating environment descriptor '/home/ivan/Webots_YOLOv8/install/soccer_vision_2d_msgs/share/soccer_vision_2d_msgs/hook/ld_library_path_lib.dsv'
[2.843s] [34mcolcon.colcon_core.shell[0m [1;30mINFO[0m Creating environment hook '/home/ivan/Webots_YOLOv8/install/soccer_vision_2d_msgs/share/soccer_vision_2d_msgs/hook/ld_library_path_lib.sh'
[2.843s] [34mcolcon.colcon_core.environment[0m [1;30mLevel 1[0m checking '/home/ivan/Webots_YOLOv8/install/soccer_vision_2d_msgs/bin'
[2.843s] [34mcolcon.colcon_core.environment[0m [1;30mLevel 1[0m checking '/home/ivan/Webots_YOLOv8/install/soccer_vision_2d_msgs/lib/pkgconfig/soccer_vision_2d_msgs.pc'
[2.843s] [34mcolcon.colcon_core.environment[0m [1;30mLevel 1[0m checking '/home/ivan/Webots_YOLOv8/install/soccer_vision_2d_msgs/lib/python3.10/site-packages'
[2.844s] [34mcolcon.colcon_core.environment[0m [1;30mLevel 1[0m checking '/home/ivan/Webots_YOLOv8/install/soccer_vision_2d_msgs/bin'
[2.844s] [34mcolcon.colcon_core.shell[0m [1;30mINFO[0m Creating package script '/home/ivan/Webots_YOLOv8/install/soccer_vision_2d_msgs/share/soccer_vision_2d_msgs/package.ps1'
[2.845s] [34mcolcon.colcon_core.shell[0m [1;30mINFO[0m Creating package descriptor '/home/ivan/Webots_YOLOv8/install/soccer_vision_2d_msgs/share/soccer_vision_2d_msgs/package.dsv'
[2.845s] [34mcolcon.colcon_core.shell[0m [1;30mINFO[0m Creating package script '/home/ivan/Webots_YOLOv8/install/soccer_vision_2d_msgs/share/soccer_vision_2d_msgs/package.sh'
[2.846s] [34mcolcon.colcon_core.shell[0m [1;30mINFO[0m Creating package script '/home/ivan/Webots_YOLOv8/install/soccer_vision_2d_msgs/share/soccer_vision_2d_msgs/package.bash'
[2.846s] [34mcolcon.colcon_core.shell[0m [1;30mINFO[0m Creating package script '/home/ivan/Webots_YOLOv8/install/soccer_vision_2d_msgs/share/soccer_vision_2d_msgs/package.zsh'
[2.847s] [34mcolcon.colcon_core.environment[0m [1;30mLevel 1[0m create_file_with_runtime_dependencies(/home/ivan/Webots_YOLOv8/install/soccer_vision_2d_msgs/share/colcon-core/packages/soccer_vision_2d_msgs)
[2.847s] [34mcolcon.colcon_core.environment[0m [1;30mLevel 1[0m create_environment_scripts_only(soccer_vision_2d_msgs)
[2.848s] [34mcolcon.colcon_core.environment[0m [1;30mLevel 1[0m checking '/home/ivan/Webots_YOLOv8/install/soccer_vision_2d_msgs' for CMake module files
[2.848s] [34mcolcon.colcon_core.environment[0m [1;30mLevel 1[0m checking '/home/ivan/Webots_YOLOv8/install/soccer_vision_2d_msgs' for CMake config files
[2.849s] [34mcolcon.colcon_core.shell[0m [1;30mLevel 1[0m create_environment_hook('soccer_vision_2d_msgs', 'cmake_prefix_path')
[2.850s] [34mcolcon.colcon_core.shell[0m [1;30mINFO[0m Creating environment hook '/home/ivan/Webots_YOLOv8/install/soccer_vision_2d_msgs/share/soccer_vision_2d_msgs/hook/cmake_prefix_path.ps1'
[2.850s] [34mcolcon.colcon_core.shell[0m [1;30mINFO[0m Creating environment descriptor '/home/ivan/Webots_YOLOv8/install/soccer_vision_2d_msgs/share/soccer_vision_2d_msgs/hook/cmake_prefix_path.dsv'
[2.851s] [34mcolcon.colcon_core.shell[0m [1;30mINFO[0m Creating environment hook '/home/ivan/Webots_YOLOv8/install/soccer_vision_2d_msgs/share/soccer_vision_2d_msgs/hook/cmake_prefix_path.sh'
[2.851s] [34mcolcon.colcon_core.environment[0m [1;30mLevel 1[0m checking '/home/ivan/Webots_YOLOv8/install/soccer_vision_2d_msgs/lib'
[2.851s] [34mcolcon.colcon_core.shell[0m [1;30mLevel 1[0m create_environment_hook('soccer_vision_2d_msgs', 'ld_library_path_lib')
[2.852s] [34mcolcon.colcon_core.shell[0m [1;30mINFO[0m Creating environment hook '/home/ivan/Webots_YOLOv8/install/soccer_vision_2d_msgs/share/soccer_vision_2d_msgs/hook/ld_library_path_lib.ps1'
[2.852s] [34mcolcon.colcon_core.shell[0m [1;30mINFO[0m Creating environment descriptor '/home/ivan/Webots_YOLOv8/install/soccer_vision_2d_msgs/share/soccer_vision_2d_msgs/hook/ld_library_path_lib.dsv'
[2.852s] [34mcolcon.colcon_core.shell[0m [1;30mINFO[0m Creating environment hook '/home/ivan/Webots_YOLOv8/install/soccer_vision_2d_msgs/share/soccer_vision_2d_msgs/hook/ld_library_path_lib.sh'
[2.853s] [34mcolcon.colcon_core.environment[0m [1;30mLevel 1[0m checking '/home/ivan/Webots_YOLOv8/install/soccer_vision_2d_msgs/bin'
[2.853s] [34mcolcon.colcon_core.environment[0m [1;30mLevel 1[0m checking '/home/ivan/Webots_YOLOv8/install/soccer_vision_2d_msgs/lib/pkgconfig/soccer_vision_2d_msgs.pc'
[2.853s] [34mcolcon.colcon_core.environment[0m [1;30mLevel 1[0m checking '/home/ivan/Webots_YOLOv8/install/soccer_vision_2d_msgs/lib/python3.10/site-packages'
[2.853s] [34mcolcon.colcon_core.environment[0m [1;30mLevel 1[0m checking '/home/ivan/Webots_YOLOv8/install/soccer_vision_2d_msgs/bin'
[2.854s] [34mcolcon.colcon_core.shell[0m [1;30mINFO[0m Creating package script '/home/ivan/Webots_YOLOv8/install/soccer_vision_2d_msgs/share/soccer_vision_2d_msgs/package.ps1'
[2.855s] [34mcolcon.colcon_core.shell[0m [1;30mINFO[0m Creating package descriptor '/home/ivan/Webots_YOLOv8/install/soccer_vision_2d_msgs/share/soccer_vision_2d_msgs/package.dsv'
[2.856s] [34mcolcon.colcon_core.shell[0m [1;30mINFO[0m Creating package script '/home/ivan/Webots_YOLOv8/install/soccer_vision_2d_msgs/share/soccer_vision_2d_msgs/package.sh'
[2.857s] [34mcolcon.colcon_core.shell[0m [1;30mINFO[0m Creating package script '/home/ivan/Webots_YOLOv8/install/soccer_vision_2d_msgs/share/soccer_vision_2d_msgs/package.bash'
[2.858s] [34mcolcon.colcon_core.shell[0m [1;30mINFO[0m Creating package script '/home/ivan/Webots_YOLOv8/install/soccer_vision_2d_msgs/share/soccer_vision_2d_msgs/package.zsh'
[2.858s] [34mcolcon.colcon_core.environment[0m [1;30mLevel 1[0m create_file_with_runtime_dependencies(/home/ivan/Webots_YOLOv8/install/soccer_vision_2d_msgs/share/colcon-core/packages/soccer_vision_2d_msgs)
[2.859s] [34mcolcon.colcon_ros.task.ament_python.build[0m [1;30mINFO[0m Building ROS package in '/home/ivan/Webots_YOLOv8/src/Webots_YOLOv8' with build type 'ament_python'
[2.859s] [34mcolcon.colcon_core.shell[0m [1;30mLevel 1[0m create_environment_hook('Webots_YOLOv8', 'ament_prefix_path')
[2.859s] [34mcolcon.colcon_core.shell[0m [1;30mINFO[0m Creating environment hook '/home/ivan/Webots_YOLOv8/install/Webots_YOLOv8/share/Webots_YOLOv8/hook/ament_prefix_path.ps1'
[2.860s] [34mcolcon.colcon_core.shell[0m [1;30mINFO[0m Creating environment descriptor '/home/ivan/Webots_YOLOv8/install/Webots_YOLOv8/share/Webots_YOLOv8/hook/ament_prefix_path.dsv'
[2.862s] [34mcolcon.colcon_core.shell[0m [1;30mINFO[0m Creating environment hook '/home/ivan/Webots_YOLOv8/install/Webots_YOLOv8/share/Webots_YOLOv8/hook/ament_prefix_path.sh'
[2.862s] [34mcolcon.colcon_core.shell[0m [1;30mINFO[0m Skip shell extension 'powershell' for command environment: Not usable outside of PowerShell
[2.863s] [34mcolcon.colcon_core.shell[0m [1;30mDEBUG[0m [32mSkip shell extension 'dsv' for command environment[0m
[2.872s] [34mcolcon.colcon_ros.task.ament_cmake.build[0m [1;30mINFO[0m Building ROS package in '/home/ivan/Webots_YOLOv8/src/soccer_interfaces/soccer_interfaces' with build type 'ament_cmake'
[2.872s] [34mcolcon.colcon_cmake.task.cmake.build[0m [1;30mINFO[0m Building CMake package in '/home/ivan/Webots_YOLOv8/src/soccer_interfaces/soccer_interfaces'
[2.872s] [34mcolcon.colcon_core.shell[0m [1;30mINFO[0m Skip shell extension 'powershell' for command environment: Not usable outside of PowerShell
[2.872s] [34mcolcon.colcon_core.shell[0m [1;30mDEBUG[0m [32mSkip shell extension 'dsv' for command environment[0m
[2.880s] [34mcolcon.colcon_core.environment[0m [1;30mLevel 1[0m create_environment_scripts_only(soccer_model_msgs)
[2.881s] [34mcolcon.colcon_core.environment[0m [1;30mLevel 1[0m checking '/home/ivan/Webots_YOLOv8/install/soccer_model_msgs' for CMake module files
[2.881s] [34mcolcon.colcon_core.event_handler.log_command[0m [1;30mDEBUG[0m [32mInvoked command in '/home/ivan/Webots_YOLOv8/build/soccer_model_msgs' returned '0': CMAKE_PREFIX_PATH=/home/ivan/Webots_YOLOv8/install/soccer_vision_attribute_msgs:/home/ivan/Webots_YOLOv8/install/soccer_geometry_msgs:/home/ivan/Webots_YOLOv8/install/soccer_interfaces:/home/ivan/Webots_YOLOv8/install/soccer_vision_3d_msgs:/home/ivan/Webots_YOLOv8/install/soccer_vision_2d_msgs:/home/ivan/Webots_YOLOv8/install/soccer_model_msgs:/home/ivan/Webots_YOLOv8/install/ipm_interfaces:/home/ivan/ros2_ws/install/edrom_msgs:/home/ivan/Webots_YOLOv8/install/soccer_ipm:/home/ivan/Webots_YOLOv8/install/Webots_YOLOv8:/home/ivan/Webots_YOLOv8/install/my_package:/home/ivan/Webots_YOLOv8/install/ipm_service:/home/ivan/Webots_YOLOv8/install/ipm_image_node:/home/ivan/Webots_YOLOv8/install/ipm_library:/home/ivan/ros2_ws/install/object_finder_onnx:/home/ivan/ros2_ws/install/object_finder:/home/ivan/ros2_ws/install/my_package:/home/ivan/ros2_ws/install/Webots_YOLOv8:/opt/ros/humble LD_LIBRARY_PATH=/home/ivan/Webots_YOLOv8/install/soccer_vision_attribute_msgs/lib:/home/ivan/Webots_YOLOv8/install/soccer_geometry_msgs/lib:/home/ivan/Webots_YOLOv8/install/soccer_vision_3d_msgs/lib:/home/ivan/Webots_YOLOv8/install/soccer_vision_2d_msgs/lib:/home/ivan/Webots_YOLOv8/install/soccer_model_msgs/lib:/home/ivan/Webots_YOLOv8/install/ipm_interfaces/lib:/home/ivan/ros2_ws/install/edrom_msgs/lib:/opt/ros/humble/opt/rviz_ogre_vendor/lib:/opt/ros/humble/lib/x86_64-linux-gnu:/opt/ros/humble/lib /usr/bin/cmake --install /home/ivan/Webots_YOLOv8/build/soccer_model_msgs[0m
[2.882s] [34mcolcon.colcon_core.environment[0m [1;30mLevel 1[0m checking '/home/ivan/Webots_YOLOv8/install/soccer_model_msgs' for CMake config files
[2.883s] [34mcolcon.colcon_core.shell[0m [1;30mLevel 1[0m create_environment_hook('soccer_model_msgs', 'cmake_prefix_path')
[2.883s] [34mcolcon.colcon_core.shell[0m [1;30mINFO[0m Creating environment hook '/home/ivan/Webots_YOLOv8/install/soccer_model_msgs/share/soccer_model_msgs/hook/cmake_prefix_path.ps1'
[2.884s] [34mcolcon.colcon_core.shell[0m [1;30mINFO[0m Creating environment descriptor '/home/ivan/Webots_YOLOv8/install/soccer_model_msgs/share/soccer_model_msgs/hook/cmake_prefix_path.dsv'
[2.885s] [34mcolcon.colcon_core.shell[0m [1;30mINFO[0m Creating environment hook '/home/ivan/Webots_YOLOv8/install/soccer_model_msgs/share/soccer_model_msgs/hook/cmake_prefix_path.sh'
[2.886s] [34mcolcon.colcon_core.environment[0m [1;30mLevel 1[0m checking '/home/ivan/Webots_YOLOv8/install/soccer_model_msgs/lib'
[2.886s] [34mcolcon.colcon_core.shell[0m [1;30mLevel 1[0m create_environment_hook('soccer_model_msgs', 'ld_library_path_lib')
[2.886s] [34mcolcon.colcon_core.shell[0m [1;30mINFO[0m Creating environment hook '/home/ivan/Webots_YOLOv8/install/soccer_model_msgs/share/soccer_model_msgs/hook/ld_library_path_lib.ps1'
[2.888s] [34mcolcon.colcon_core.shell[0m [1;30mINFO[0m Creating environment descriptor '/home/ivan/Webots_YOLOv8/install/soccer_model_msgs/share/soccer_model_msgs/hook/ld_library_path_lib.dsv'
[2.889s] [34mcolcon.colcon_core.shell[0m [1;30mINFO[0m Creating environment hook '/home/ivan/Webots_YOLOv8/install/soccer_model_msgs/share/soccer_model_msgs/hook/ld_library_path_lib.sh'
[2.889s] [34mcolcon.colcon_core.environment[0m [1;30mLevel 1[0m checking '/home/ivan/Webots_YOLOv8/install/soccer_model_msgs/bin'
[2.889s] [34mcolcon.colcon_core.environment[0m [1;30mLevel 1[0m checking '/home/ivan/Webots_YOLOv8/install/soccer_model_msgs/lib/pkgconfig/soccer_model_msgs.pc'
[2.890s] [34mcolcon.colcon_core.environment[0m [1;30mLevel 1[0m checking '/home/ivan/Webots_YOLOv8/install/soccer_model_msgs/lib/python3.10/site-packages'
[2.890s] [34mcolcon.colcon_core.environment[0m [1;30mLevel 1[0m checking '/home/ivan/Webots_YOLOv8/install/soccer_model_msgs/bin'
[2.890s] [34mcolcon.colcon_core.shell[0m [1;30mINFO[0m Creating package script '/home/ivan/Webots_YOLOv8/install/soccer_model_msgs/share/soccer_model_msgs/package.ps1'
[2.891s] [34mcolcon.colcon_core.shell[0m [1;30mINFO[0m Creating package descriptor '/home/ivan/Webots_YOLOv8/install/soccer_model_msgs/share/soccer_model_msgs/package.dsv'
[2.892s] [34mcolcon.colcon_core.shell[0m [1;30mINFO[0m Creating package script '/home/ivan/Webots_YOLOv8/install/soccer_model_msgs/share/soccer_model_msgs/package.sh'
[2.892s] [34mcolcon.colcon_core.shell[0m [1;30mINFO[0m Creating package script '/home/ivan/Webots_YOLOv8/install/soccer_model_msgs/share/soccer_model_msgs/package.bash'
[2.892s] [34mcolcon.colcon_core.shell[0m [1;30mINFO[0m Creating package script '/home/ivan/Webots_YOLOv8/install/soccer_model_msgs/share/soccer_model_msgs/package.zsh'
[2.893s] [34mcolcon.colcon_core.environment[0m [1;30mLevel 1[0m create_file_with_runtime_dependencies(/home/ivan/Webots_YOLOv8/install/soccer_model_msgs/share/colcon-core/packages/soccer_model_msgs)
[2.894s] [34mcolcon.colcon_core.environment[0m [1;30mLevel 1[0m create_environment_scripts_only(soccer_model_msgs)
[2.894s] [34mcolcon.colcon_core.environment[0m [1;30mLevel 1[0m checking '/home/ivan/Webots_YOLOv8/install/soccer_model_msgs' for CMake module files
[2.895s] [34mcolcon.colcon_core.environment[0m [1;30mLevel 1[0m checking '/home/ivan/Webots_YOLOv8/install/soccer_model_msgs' for CMake config files
[2.895s] [34mcolcon.colcon_core.shell[0m [1;30mLevel 1[0m create_environment_hook('soccer_model_msgs', 'cmake_prefix_path')
[2.896s] [34mcolcon.colcon_core.shell[0m [1;30mINFO[0m Creating environment hook '/home/ivan/Webots_YOLOv8/install/soccer_model_msgs/share/soccer_model_msgs/hook/cmake_prefix_path.ps1'
[2.896s] [34mcolcon.colcon_core.shell[0m [1;30mINFO[0m Creating environment descriptor '/home/ivan/Webots_YOLOv8/install/soccer_model_msgs/share/soccer_model_msgs/hook/cmake_prefix_path.dsv'
[2.897s] [34mcolcon.colcon_core.shell[0m [1;30mINFO[0m Creating environment hook '/home/ivan/Webots_YOLOv8/install/soccer_model_msgs/share/soccer_model_msgs/hook/cmake_prefix_path.sh'
[2.898s] [34mcolcon.colcon_core.environment[0m [1;30mLevel 1[0m checking '/home/ivan/Webots_YOLOv8/install/soccer_model_msgs/lib'
[2.898s] [34mcolcon.colcon_core.shell[0m [1;30mLevel 1[0m create_environment_hook('soccer_model_msgs', 'ld_library_path_lib')
[2.898s] [34mcolcon.colcon_core.shell[0m [1;30mINFO[0m Creating environment hook '/home/ivan/Webots_YOLOv8/install/soccer_model_msgs/share/soccer_model_msgs/hook/ld_library_path_lib.ps1'
[2.899s] [34mcolcon.colcon_core.shell[0m [1;30mINFO[0m Creating environment descriptor '/home/ivan/Webots_YOLOv8/install/soccer_model_msgs/share/soccer_model_msgs/hook/ld_library_path_lib.dsv'
[2.899s] [34mcolcon.colcon_core.shell[0m [1;30mINFO[0m Creating environment hook '/home/ivan/Webots_YOLOv8/install/soccer_model_msgs/share/soccer_model_msgs/hook/ld_library_path_lib.sh'
[2.900s] [34mcolcon.colcon_core.environment[0m [1;30mLevel 1[0m checking '/home/ivan/Webots_YOLOv8/install/soccer_model_msgs/bin'
[2.900s] [34mcolcon.colcon_core.environment[0m [1;30mLevel 1[0m checking '/home/ivan/Webots_YOLOv8/install/soccer_model_msgs/lib/pkgconfig/soccer_model_msgs.pc'
[2.900s] [34mcolcon.colcon_core.environment[0m [1;30mLevel 1[0m checking '/home/ivan/Webots_YOLOv8/install/soccer_model_msgs/lib/python3.10/site-packages'
[2.900s] [34mcolcon.colcon_core.environment[0m [1;30mLevel 1[0m checking '/home/ivan/Webots_YOLOv8/install/soccer_model_msgs/bin'
[2.901s] [34mcolcon.colcon_core.shell[0m [1;30mINFO[0m Creating package script '/home/ivan/Webots_YOLOv8/install/soccer_model_msgs/share/soccer_model_msgs/package.ps1'
[2.902s] [34mcolcon.colcon_core.shell[0m [1;30mINFO[0m Creating package descriptor '/home/ivan/Webots_YOLOv8/install/soccer_model_msgs/share/soccer_model_msgs/package.dsv'
[2.902s] [34mcolcon.colcon_core.shell[0m [1;30mINFO[0m Creating package script '/home/ivan/Webots_YOLOv8/install/soccer_model_msgs/share/soccer_model_msgs/package.sh'
[2.903s] [34mcolcon.colcon_core.shell[0m [1;30mINFO[0m Creating package script '/home/ivan/Webots_YOLOv8/install/soccer_model_msgs/share/soccer_model_msgs/package.bash'
[2.903s] [34mcolcon.colcon_core.shell[0m [1;30mINFO[0m Creating package script '/home/ivan/Webots_YOLOv8/install/soccer_model_msgs/share/soccer_model_msgs/package.zsh'
[2.904s] [34mcolcon.colcon_core.environment[0m [1;30mLevel 1[0m create_file_with_runtime_dependencies(/home/ivan/Webots_YOLOv8/install/soccer_model_msgs/share/colcon-core/packages/soccer_model_msgs)
[3.283s] [34mcolcon.colcon_ros.task.ament_python.build[0m [1;30mWARNING[0m [33mPackage 'Webots_YOLOv8' doesn't explicitly install a marker in the package index (colcon-ros currently does it implicitly but that fallback will be removed in the future)[0m
[3.284s] [34mcolcon.colcon_core.task.python.build[0m [1;30mINFO[0m Building Python package in '/home/ivan/Webots_YOLOv8/src/Webots_YOLOv8'
[3.284s] [34mcolcon.colcon_core.shell[0m [1;30mINFO[0m Skip shell extension 'powershell' for command environment: Not usable outside of PowerShell
[3.285s] [34mcolcon.colcon_core.shell[0m [1;30mDEBUG[0m [32mSkip shell extension 'dsv' for command environment[0m
[3.298s] [34mcolcon.colcon_core.event_handler.log_command[0m [1;30mDEBUG[0m [32mInvoking command in '/home/ivan/Webots_YOLOv8/build/soccer_interfaces': CMAKE_PREFIX_PATH=/home/ivan/Webots_YOLOv8/install/soccer_vision_3d_msgs:/home/ivan/Webots_YOLOv8/install/soccer_vision_2d_msgs:/home/ivan/Webots_YOLOv8/install/soccer_vision_attribute_msgs:/home/ivan/Webots_YOLOv8/install/soccer_interfaces:/home/ivan/Webots_YOLOv8/install/soccer_model_msgs:/home/ivan/Webots_YOLOv8/install/soccer_geometry_msgs:/home/ivan/Webots_YOLOv8/install/ipm_interfaces:/home/ivan/ros2_ws/install/edrom_msgs:/home/ivan/Webots_YOLOv8/install/soccer_ipm:/home/ivan/Webots_YOLOv8/install/Webots_YOLOv8:/home/ivan/Webots_YOLOv8/install/my_package:/home/ivan/Webots_YOLOv8/install/ipm_service:/home/ivan/Webots_YOLOv8/install/ipm_image_node:/home/ivan/Webots_YOLOv8/install/ipm_library:/home/ivan/ros2_ws/install/object_finder_onnx:/home/ivan/ros2_ws/install/object_finder:/home/ivan/ros2_ws/install/my_package:/home/ivan/ros2_ws/install/Webots_YOLOv8:/opt/ros/humble LD_LIBRARY_PATH=/home/ivan/Webots_YOLOv8/install/soccer_vision_3d_msgs/lib:/home/ivan/Webots_YOLOv8/install/soccer_vision_2d_msgs/lib:/home/ivan/Webots_YOLOv8/install/soccer_vision_attribute_msgs/lib:/home/ivan/Webots_YOLOv8/install/soccer_model_msgs/lib:/home/ivan/Webots_YOLOv8/install/soccer_geometry_msgs/lib:/home/ivan/Webots_YOLOv8/install/ipm_interfaces/lib:/home/ivan/ros2_ws/install/edrom_msgs/lib:/opt/ros/humble/opt/rviz_ogre_vendor/lib:/opt/ros/humble/lib/x86_64-linux-gnu:/opt/ros/humble/lib /usr/bin/cmake --build /home/ivan/Webots_YOLOv8/build/soccer_interfaces -- -j12 -l12[0m
[3.300s] [34mcolcon.colcon_core.environment[0m [1;30mLevel 1[0m checking '/home/ivan/Webots_YOLOv8/install/my_package' for CMake module files
[3.301s] [34mcolcon.colcon_core.event_handler.log_command[0m [1;30mDEBUG[0m [32mInvoking command in '/home/ivan/Webots_YOLOv8/src/ipm/ipm_library': CMAKE_PREFIX_PATH=/home/ivan/Webots_YOLOv8/install/ipm_interfaces:/home/ivan/Webots_YOLOv8/install/soccer_interfaces:/home/ivan/Webots_YOLOv8/install/soccer_vision_3d_msgs:/home/ivan/Webots_YOLOv8/install/soccer_vision_2d_msgs:/home/ivan/Webots_YOLOv8/install/soccer_model_msgs:/home/ivan/Webots_YOLOv8/install/soccer_vision_attribute_msgs:/home/ivan/Webots_YOLOv8/install/soccer_geometry_msgs:/home/ivan/ros2_ws/install/edrom_msgs LD_LIBRARY_PATH=/home/ivan/Webots_YOLOv8/install/ipm_interfaces/lib:/home/ivan/Webots_YOLOv8/install/soccer_vision_3d_msgs/lib:/home/ivan/Webots_YOLOv8/install/soccer_vision_2d_msgs/lib:/home/ivan/Webots_YOLOv8/install/soccer_model_msgs/lib:/home/ivan/Webots_YOLOv8/install/soccer_vision_attribute_msgs/lib:/home/ivan/Webots_YOLOv8/install/soccer_geometry_msgs/lib:/home/ivan/ros2_ws/install/edrom_msgs/lib:/opt/ros/humble/opt/rviz_ogre_vendor/lib:/opt/ros/humble/lib/x86_64-linux-gnu:/opt/ros/humble/lib PYTHONPATH=/home/ivan/Webots_YOLOv8/build/ipm_library/prefix_override:/usr/lib/python3/dist-packages/colcon_core/task/python/colcon_distutils_commands:/home/ivan/Webots_YOLOv8/install/ipm_library/lib/python3.10/site-packages:${PYTHONPATH} /usr/bin/python3 -W ignore:setup.py install is deprecated -W ignore:easy_install command is deprecated setup.py egg_info --egg-base ../../../build/ipm_library build --build-base /home/ivan/Webots_YOLOv8/build/ipm_library/build install --record /home/ivan/Webots_YOLOv8/build/ipm_library/install.log --single-version-externally-managed install_data[0m
[3.302s] [34mcolcon.colcon_core.event_handler.log_command[0m [1;30mDEBUG[0m [32mInvoked command in '/home/ivan/Webots_YOLOv8/src/my_package' returned '0': PYTHONPATH=/home/ivan/Webots_YOLOv8/build/my_package/prefix_override:/usr/lib/python3/dist-packages/colcon_core/task/python/colcon_distutils_commands:/home/ivan/Webots_YOLOv8/install/my_package/lib/python3.10/site-packages:${PYTHONPATH} /usr/bin/python3 -W ignore:setup.py install is deprecated -W ignore:easy_install command is deprecated setup.py egg_info --egg-base ../../build/my_package build --build-base /home/ivan/Webots_YOLOv8/build/my_package/build install --record /home/ivan/Webots_YOLOv8/build/my_package/install.log --single-version-externally-managed install_data[0m
[3.302s] [34mcolcon.colcon_core.environment[0m [1;30mLevel 1[0m checking '/home/ivan/Webots_YOLOv8/install/my_package' for CMake config files
[3.303s] [34mcolcon.colcon_core.environment[0m [1;30mLevel 1[0m checking '/home/ivan/Webots_YOLOv8/install/my_package/lib'
[3.304s] [34mcolcon.colcon_core.environment[0m [1;30mLevel 1[0m checking '/home/ivan/Webots_YOLOv8/install/my_package/bin'
[3.304s] [34mcolcon.colcon_core.environment[0m [1;30mLevel 1[0m checking '/home/ivan/Webots_YOLOv8/install/my_package/lib/pkgconfig/my_package.pc'
[3.304s] [34mcolcon.colcon_core.environment[0m [1;30mLevel 1[0m checking '/home/ivan/Webots_YOLOv8/install/my_package/lib/python3.10/site-packages'
[3.304s] [34mcolcon.colcon_core.shell[0m [1;30mLevel 1[0m create_environment_hook('my_package', 'pythonpath')
[3.305s] [34mcolcon.colcon_core.shell[0m [1;30mINFO[0m Creating environment hook '/home/ivan/Webots_YOLOv8/install/my_package/share/my_package/hook/pythonpath.ps1'
[3.306s] [34mcolcon.colcon_core.shell[0m [1;30mINFO[0m Creating environment descriptor '/home/ivan/Webots_YOLOv8/install/my_package/share/my_package/hook/pythonpath.dsv'
[3.306s] [34mcolcon.colcon_core.shell[0m [1;30mINFO[0m Creating environment hook '/home/ivan/Webots_YOLOv8/install/my_package/share/my_package/hook/pythonpath.sh'
[3.307s] [34mcolcon.colcon_core.environment[0m [1;30mLevel 1[0m checking '/home/ivan/Webots_YOLOv8/install/my_package/bin'
[3.308s] [34mcolcon.colcon_core.environment[0m [1;30mLevel 1[0m create_environment_scripts_only(my_package)
[3.308s] [34mcolcon.colcon_core.shell[0m [1;30mINFO[0m Creating package script '/home/ivan/Webots_YOLOv8/install/my_package/share/my_package/package.ps1'
[3.309s] [34mcolcon.colcon_core.shell[0m [1;30mINFO[0m Creating package descriptor '/home/ivan/Webots_YOLOv8/install/my_package/share/my_package/package.dsv'
[3.310s] [34mcolcon.colcon_core.shell[0m [1;30mINFO[0m Creating package script '/home/ivan/Webots_YOLOv8/install/my_package/share/my_package/package.sh'
[3.311s] [34mcolcon.colcon_core.shell[0m [1;30mINFO[0m Creating package script '/home/ivan/Webots_YOLOv8/install/my_package/share/my_package/package.bash'
[3.311s] [34mcolcon.colcon_core.shell[0m [1;30mINFO[0m Creating package script '/home/ivan/Webots_YOLOv8/install/my_package/share/my_package/package.zsh'
[3.313s] [34mcolcon.colcon_core.environment[0m [1;30mLevel 1[0m create_file_with_runtime_dependencies(/home/ivan/Webots_YOLOv8/install/my_package/share/colcon-core/packages/my_package)
[3.364s] [34mcolcon.colcon_core.event_handler.log_command[0m [1;30mDEBUG[0m [32mInvoked command in '/home/ivan/Webots_YOLOv8/build/soccer_interfaces' returned '0': CMAKE_PREFIX_PATH=/home/ivan/Webots_YOLOv8/install/soccer_vision_3d_msgs:/home/ivan/Webots_YOLOv8/install/soccer_vision_2d_msgs:/home/ivan/Webots_YOLOv8/install/soccer_vision_attribute_msgs:/home/ivan/Webots_YOLOv8/install/soccer_interfaces:/home/ivan/Webots_YOLOv8/install/soccer_model_msgs:/home/ivan/Webots_YOLOv8/install/soccer_geometry_msgs:/home/ivan/Webots_YOLOv8/install/ipm_interfaces:/home/ivan/ros2_ws/install/edrom_msgs:/home/ivan/Webots_YOLOv8/install/soccer_ipm:/home/ivan/Webots_YOLOv8/install/Webots_YOLOv8:/home/ivan/Webots_YOLOv8/install/my_package:/home/ivan/Webots_YOLOv8/install/ipm_service:/home/ivan/Webots_YOLOv8/install/ipm_image_node:/home/ivan/Webots_YOLOv8/install/ipm_library:/home/ivan/ros2_ws/install/object_finder_onnx:/home/ivan/ros2_ws/install/object_finder:/home/ivan/ros2_ws/install/my_package:/home/ivan/ros2_ws/install/Webots_YOLOv8:/opt/ros/humble LD_LIBRARY_PATH=/home/ivan/Webots_YOLOv8/install/soccer_vision_3d_msgs/lib:/home/ivan/Webots_YOLOv8/install/soccer_vision_2d_msgs/lib:/home/ivan/Webots_YOLOv8/install/soccer_vision_attribute_msgs/lib:/home/ivan/Webots_YOLOv8/install/soccer_model_msgs/lib:/home/ivan/Webots_YOLOv8/install/soccer_geometry_msgs/lib:/home/ivan/Webots_YOLOv8/install/ipm_interfaces/lib:/home/ivan/ros2_ws/install/edrom_msgs/lib:/opt/ros/humble/opt/rviz_ogre_vendor/lib:/opt/ros/humble/lib/x86_64-linux-gnu:/opt/ros/humble/lib /usr/bin/cmake --build /home/ivan/Webots_YOLOv8/build/soccer_interfaces -- -j12 -l12[0m
[3.368s] [34mcolcon.colcon_core.event_handler.log_command[0m [1;30mDEBUG[0m [32mInvoking command in '/home/ivan/Webots_YOLOv8/build/soccer_interfaces': CMAKE_PREFIX_PATH=/home/ivan/Webots_YOLOv8/install/soccer_vision_3d_msgs:/home/ivan/Webots_YOLOv8/install/soccer_vision_2d_msgs:/home/ivan/Webots_YOLOv8/install/soccer_vision_attribute_msgs:/home/ivan/Webots_YOLOv8/install/soccer_interfaces:/home/ivan/Webots_YOLOv8/install/soccer_model_msgs:/home/ivan/Webots_YOLOv8/install/soccer_geometry_msgs:/home/ivan/Webots_YOLOv8/install/ipm_interfaces:/home/ivan/ros2_ws/install/edrom_msgs:/home/ivan/Webots_YOLOv8/install/soccer_ipm:/home/ivan/Webots_YOLOv8/install/Webots_YOLOv8:/home/ivan/Webots_YOLOv8/install/my_package:/home/ivan/Webots_YOLOv8/install/ipm_service:/home/ivan/Webots_YOLOv8/install/ipm_image_node:/home/ivan/Webots_YOLOv8/install/ipm_library:/home/ivan/ros2_ws/install/object_finder_onnx:/home/ivan/ros2_ws/install/object_finder:/home/ivan/ros2_ws/install/my_package:/home/ivan/ros2_ws/install/Webots_YOLOv8:/opt/ros/humble LD_LIBRARY_PATH=/home/ivan/Webots_YOLOv8/install/soccer_vision_3d_msgs/lib:/home/ivan/Webots_YOLOv8/install/soccer_vision_2d_msgs/lib:/home/ivan/Webots_YOLOv8/install/soccer_vision_attribute_msgs/lib:/home/ivan/Webots_YOLOv8/install/soccer_model_msgs/lib:/home/ivan/Webots_YOLOv8/install/soccer_geometry_msgs/lib:/home/ivan/Webots_YOLOv8/install/ipm_interfaces/lib:/home/ivan/ros2_ws/install/edrom_msgs/lib:/opt/ros/humble/opt/rviz_ogre_vendor/lib:/opt/ros/humble/lib/x86_64-linux-gnu:/opt/ros/humble/lib /usr/bin/cmake --install /home/ivan/Webots_YOLOv8/build/soccer_interfaces[0m
[3.384s] [34mcolcon.colcon_core.environment[0m [1;30mLevel 1[0m create_environment_scripts_only(soccer_interfaces)
[3.385s] [34mcolcon.colcon_core.environment[0m [1;30mLevel 1[0m checking '/home/ivan/Webots_YOLOv8/install/soccer_interfaces' for CMake module files
[3.385s] [34mcolcon.colcon_core.event_handler.log_command[0m [1;30mDEBUG[0m [32mInvoked command in '/home/ivan/Webots_YOLOv8/build/soccer_interfaces' returned '0': CMAKE_PREFIX_PATH=/home/ivan/Webots_YOLOv8/install/soccer_vision_3d_msgs:/home/ivan/Webots_YOLOv8/install/soccer_vision_2d_msgs:/home/ivan/Webots_YOLOv8/install/soccer_vision_attribute_msgs:/home/ivan/Webots_YOLOv8/install/soccer_interfaces:/home/ivan/Webots_YOLOv8/install/soccer_model_msgs:/home/ivan/Webots_YOLOv8/install/soccer_geometry_msgs:/home/ivan/Webots_YOLOv8/install/ipm_interfaces:/home/ivan/ros2_ws/install/edrom_msgs:/home/ivan/Webots_YOLOv8/install/soccer_ipm:/home/ivan/Webots_YOLOv8/install/Webots_YOLOv8:/home/ivan/Webots_YOLOv8/install/my_package:/home/ivan/Webots_YOLOv8/install/ipm_service:/home/ivan/Webots_YOLOv8/install/ipm_image_node:/home/ivan/Webots_YOLOv8/install/ipm_library:/home/ivan/ros2_ws/install/object_finder_onnx:/home/ivan/ros2_ws/install/object_finder:/home/ivan/ros2_ws/install/my_package:/home/ivan/ros2_ws/install/Webots_YOLOv8:/opt/ros/humble LD_LIBRARY_PATH=/home/ivan/Webots_YOLOv8/install/soccer_vision_3d_msgs/lib:/home/ivan/Webots_YOLOv8/install/soccer_vision_2d_msgs/lib:/home/ivan/Webots_YOLOv8/install/soccer_vision_attribute_msgs/lib:/home/ivan/Webots_YOLOv8/install/soccer_model_msgs/lib:/home/ivan/Webots_YOLOv8/install/soccer_geometry_msgs/lib:/home/ivan/Webots_YOLOv8/install/ipm_interfaces/lib:/home/ivan/ros2_ws/install/edrom_msgs/lib:/opt/ros/humble/opt/rviz_ogre_vendor/lib:/opt/ros/humble/lib/x86_64-linux-gnu:/opt/ros/humble/lib /usr/bin/cmake --install /home/ivan/Webots_YOLOv8/build/soccer_interfaces[0m
[3.386s] [34mcolcon.colcon_core.environment[0m [1;30mLevel 1[0m checking '/home/ivan/Webots_YOLOv8/install/soccer_interfaces' for CMake config files
[3.386s] [34mcolcon.colcon_core.shell[0m [1;30mLevel 1[0m create_environment_hook('soccer_interfaces', 'cmake_prefix_path')
[3.387s] [34mcolcon.colcon_core.shell[0m [1;30mINFO[0m Creating environment hook '/home/ivan/Webots_YOLOv8/install/soccer_interfaces/share/soccer_interfaces/hook/cmake_prefix_path.ps1'
[3.387s] [34mcolcon.colcon_core.shell[0m [1;30mINFO[0m Creating environment descriptor '/home/ivan/Webots_YOLOv8/install/soccer_interfaces/share/soccer_interfaces/hook/cmake_prefix_path.dsv'
[3.388s] [34mcolcon.colcon_core.shell[0m [1;30mINFO[0m Creating environment hook '/home/ivan/Webots_YOLOv8/install/soccer_interfaces/share/soccer_interfaces/hook/cmake_prefix_path.sh'
[3.388s] [34mcolcon.colcon_core.environment[0m [1;30mLevel 1[0m checking '/home/ivan/Webots_YOLOv8/install/soccer_interfaces/bin'
[3.388s] [34mcolcon.colcon_core.environment[0m [1;30mLevel 1[0m checking '/home/ivan/Webots_YOLOv8/install/soccer_interfaces/lib/pkgconfig/soccer_interfaces.pc'
[3.389s] [34mcolcon.colcon_core.environment[0m [1;30mLevel 1[0m checking '/home/ivan/Webots_YOLOv8/install/soccer_interfaces/lib/python3.10/site-packages'
[3.389s] [34mcolcon.colcon_core.environment[0m [1;30mLevel 1[0m checking '/home/ivan/Webots_YOLOv8/install/soccer_interfaces/bin'
[3.389s] [34mcolcon.colcon_core.shell[0m [1;30mINFO[0m Creating package script '/home/ivan/Webots_YOLOv8/install/soccer_interfaces/share/soccer_interfaces/package.ps1'
[3.390s] [34mcolcon.colcon_core.shell[0m [1;30mINFO[0m Creating package descriptor '/home/ivan/Webots_YOLOv8/install/soccer_interfaces/share/soccer_interfaces/package.dsv'
[3.391s] [34mcolcon.colcon_core.shell[0m [1;30mINFO[0m Creating package script '/home/ivan/Webots_YOLOv8/install/soccer_interfaces/share/soccer_interfaces/package.sh'
[3.391s] [34mcolcon.colcon_core.shell[0m [1;30mINFO[0m Creating package script '/home/ivan/Webots_YOLOv8/install/soccer_interfaces/share/soccer_interfaces/package.bash'
[3.391s] [34mcolcon.colcon_core.shell[0m [1;30mINFO[0m Creating package script '/home/ivan/Webots_YOLOv8/install/soccer_interfaces/share/soccer_interfaces/package.zsh'
[3.392s] [34mcolcon.colcon_core.environment[0m [1;30mLevel 1[0m create_file_with_runtime_dependencies(/home/ivan/Webots_YOLOv8/install/soccer_interfaces/share/colcon-core/packages/soccer_interfaces)
[3.393s] [34mcolcon.colcon_core.environment[0m [1;30mLevel 1[0m create_environment_scripts_only(soccer_interfaces)
[3.393s] [34mcolcon.colcon_core.environment[0m [1;30mLevel 1[0m checking '/home/ivan/Webots_YOLOv8/install/soccer_interfaces' for CMake module files
[3.393s] [34mcolcon.colcon_core.environment[0m [1;30mLevel 1[0m checking '/home/ivan/Webots_YOLOv8/install/soccer_interfaces' for CMake config files
[3.394s] [34mcolcon.colcon_core.shell[0m [1;30mLevel 1[0m create_environment_hook('soccer_interfaces', 'cmake_prefix_path')
[3.394s] [34mcolcon.colcon_core.shell[0m [1;30mINFO[0m Creating environment hook '/home/ivan/Webots_YOLOv8/install/soccer_interfaces/share/soccer_interfaces/hook/cmake_prefix_path.ps1'
[3.395s] [34mcolcon.colcon_core.shell[0m [1;30mINFO[0m Creating environment descriptor '/home/ivan/Webots_YOLOv8/install/soccer_interfaces/share/soccer_interfaces/hook/cmake_prefix_path.dsv'
[3.395s] [34mcolcon.colcon_core.shell[0m [1;30mINFO[0m Creating environment hook '/home/ivan/Webots_YOLOv8/install/soccer_interfaces/share/soccer_interfaces/hook/cmake_prefix_path.sh'
[3.396s] [34mcolcon.colcon_core.environment[0m [1;30mLevel 1[0m checking '/home/ivan/Webots_YOLOv8/install/soccer_interfaces/bin'
[3.396s] [34mcolcon.colcon_core.environment[0m [1;30mLevel 1[0m checking '/home/ivan/Webots_YOLOv8/install/soccer_interfaces/lib/pkgconfig/soccer_interfaces.pc'
[3.396s] [34mcolcon.colcon_core.environment[0m [1;30mLevel 1[0m checking '/home/ivan/Webots_YOLOv8/install/soccer_interfaces/lib/python3.10/site-packages'
[3.396s] [34mcolcon.colcon_core.environment[0m [1;30mLevel 1[0m checking '/home/ivan/Webots_YOLOv8/install/soccer_interfaces/bin'
[3.397s] [34mcolcon.colcon_core.shell[0m [1;30mINFO[0m Creating package script '/home/ivan/Webots_YOLOv8/install/soccer_interfaces/share/soccer_interfaces/package.ps1'
[3.397s] [34mcolcon.colcon_core.shell[0m [1;30mINFO[0m Creating package descriptor '/home/ivan/Webots_YOLOv8/install/soccer_interfaces/share/soccer_interfaces/package.dsv'
[3.398s] [34mcolcon.colcon_core.shell[0m [1;30mINFO[0m Creating package script '/home/ivan/Webots_YOLOv8/install/soccer_interfaces/share/soccer_interfaces/package.sh'
[3.398s] [34mcolcon.colcon_core.shell[0m [1;30mINFO[0m Creating package script '/home/ivan/Webots_YOLOv8/install/soccer_interfaces/share/soccer_interfaces/package.bash'
[3.399s] [34mcolcon.colcon_core.shell[0m [1;30mINFO[0m Creating package script '/home/ivan/Webots_YOLOv8/install/soccer_interfaces/share/soccer_interfaces/package.zsh'
[3.400s] [34mcolcon.colcon_core.environment[0m [1;30mLevel 1[0m create_file_with_runtime_dependencies(/home/ivan/Webots_YOLOv8/install/soccer_interfaces/share/colcon-core/packages/soccer_interfaces)
[3.746s] [34mcolcon.colcon_core.environment[0m [1;30mLevel 1[0m checking '/home/ivan/Webots_YOLOv8/install/ipm_library' for CMake module files
[3.747s] [34mcolcon.colcon_core.event_handler.log_command[0m [1;30mDEBUG[0m [32mInvoked command in '/home/ivan/Webots_YOLOv8/src/ipm/ipm_library' returned '0': CMAKE_PREFIX_PATH=/home/ivan/Webots_YOLOv8/install/ipm_interfaces:/home/ivan/Webots_YOLOv8/install/soccer_interfaces:/home/ivan/Webots_YOLOv8/install/soccer_vision_3d_msgs:/home/ivan/Webots_YOLOv8/install/soccer_vision_2d_msgs:/home/ivan/Webots_YOLOv8/install/soccer_model_msgs:/home/ivan/Webots_YOLOv8/install/soccer_vision_attribute_msgs:/home/ivan/Webots_YOLOv8/install/soccer_geometry_msgs:/home/ivan/ros2_ws/install/edrom_msgs LD_LIBRARY_PATH=/home/ivan/Webots_YOLOv8/install/ipm_interfaces/lib:/home/ivan/Webots_YOLOv8/install/soccer_vision_3d_msgs/lib:/home/ivan/Webots_YOLOv8/install/soccer_vision_2d_msgs/lib:/home/ivan/Webots_YOLOv8/install/soccer_model_msgs/lib:/home/ivan/Webots_YOLOv8/install/soccer_vision_attribute_msgs/lib:/home/ivan/Webots_YOLOv8/install/soccer_geometry_msgs/lib:/home/ivan/ros2_ws/install/edrom_msgs/lib:/opt/ros/humble/opt/rviz_ogre_vendor/lib:/opt/ros/humble/lib/x86_64-linux-gnu:/opt/ros/humble/lib PYTHONPATH=/home/ivan/Webots_YOLOv8/build/ipm_library/prefix_override:/usr/lib/python3/dist-packages/colcon_core/task/python/colcon_distutils_commands:/home/ivan/Webots_YOLOv8/install/ipm_library/lib/python3.10/site-packages:${PYTHONPATH} /usr/bin/python3 -W ignore:setup.py install is deprecated -W ignore:easy_install command is deprecated setup.py egg_info --egg-base ../../../build/ipm_library build --build-base /home/ivan/Webots_YOLOv8/build/ipm_library/build install --record /home/ivan/Webots_YOLOv8/build/ipm_library/install.log --single-version-externally-managed install_data[0m
[3.747s] [34mcolcon.colcon_core.environment[0m [1;30mLevel 1[0m checking '/home/ivan/Webots_YOLOv8/install/ipm_library' for CMake config files
[3.748s] [34mcolcon.colcon_core.environment[0m [1;30mLevel 1[0m checking '/home/ivan/Webots_YOLOv8/install/ipm_library/lib'
[3.748s] [34mcolcon.colcon_core.environment[0m [1;30mLevel 1[0m checking '/home/ivan/Webots_YOLOv8/install/ipm_library/bin'
[3.748s] [34mcolcon.colcon_core.environment[0m [1;30mLevel 1[0m checking '/home/ivan/Webots_YOLOv8/install/ipm_library/lib/pkgconfig/ipm_library.pc'
[3.748s] [34mcolcon.colcon_core.environment[0m [1;30mLevel 1[0m checking '/home/ivan/Webots_YOLOv8/install/ipm_library/lib/python3.10/site-packages'
[3.748s] [34mcolcon.colcon_core.shell[0m [1;30mLevel 1[0m create_environment_hook('ipm_library', 'pythonpath')
[3.748s] [34mcolcon.colcon_core.shell[0m [1;30mINFO[0m Creating environment hook '/home/ivan/Webots_YOLOv8/install/ipm_library/share/ipm_library/hook/pythonpath.ps1'
[3.749s] [34mcolcon.colcon_core.shell[0m [1;30mINFO[0m Creating environment descriptor '/home/ivan/Webots_YOLOv8/install/ipm_library/share/ipm_library/hook/pythonpath.dsv'
[3.749s] [34mcolcon.colcon_core.shell[0m [1;30mINFO[0m Creating environment hook '/home/ivan/Webots_YOLOv8/install/ipm_library/share/ipm_library/hook/pythonpath.sh'
[3.750s] [34mcolcon.colcon_core.environment[0m [1;30mLevel 1[0m checking '/home/ivan/Webots_YOLOv8/install/ipm_library/bin'
[3.750s] [34mcolcon.colcon_core.environment[0m [1;30mLevel 1[0m create_environment_scripts_only(ipm_library)
[3.751s] [34mcolcon.colcon_core.shell[0m [1;30mINFO[0m Creating package script '/home/ivan/Webots_YOLOv8/install/ipm_library/share/ipm_library/package.ps1'
[3.751s] [34mcolcon.colcon_core.shell[0m [1;30mINFO[0m Creating package descriptor '/home/ivan/Webots_YOLOv8/install/ipm_library/share/ipm_library/package.dsv'
[3.752s] [34mcolcon.colcon_core.shell[0m [1;30mINFO[0m Creating package script '/home/ivan/Webots_YOLOv8/install/ipm_library/share/ipm_library/package.sh'
[3.752s] [34mcolcon.colcon_core.shell[0m [1;30mINFO[0m Creating package script '/home/ivan/Webots_YOLOv8/install/ipm_library/share/ipm_library/package.bash'
[3.753s] [34mcolcon.colcon_core.shell[0m [1;30mINFO[0m Creating package script '/home/ivan/Webots_YOLOv8/install/ipm_library/share/ipm_library/package.zsh'
[3.753s] [34mcolcon.colcon_core.environment[0m [1;30mLevel 1[0m create_file_with_runtime_dependencies(/home/ivan/Webots_YOLOv8/install/ipm_library/share/colcon-core/packages/ipm_library)
[3.753s] [34mcolcon.colcon_ros.task.ament_python.build[0m [1;30mINFO[0m Building ROS package in '/home/ivan/Webots_YOLOv8/src/ipm/ipm_image_node' with build type 'ament_python'
[3.754s] [34mcolcon.colcon_core.shell[0m [1;30mLevel 1[0m create_environment_hook('ipm_image_node', 'ament_prefix_path')
[3.754s] [34mcolcon.colcon_core.shell[0m [1;30mINFO[0m Creating environment hook '/home/ivan/Webots_YOLOv8/install/ipm_image_node/share/ipm_image_node/hook/ament_prefix_path.ps1'
[3.755s] [34mcolcon.colcon_core.shell[0m [1;30mINFO[0m Creating environment descriptor '/home/ivan/Webots_YOLOv8/install/ipm_image_node/share/ipm_image_node/hook/ament_prefix_path.dsv'
[3.755s] [34mcolcon.colcon_core.shell[0m [1;30mINFO[0m Creating environment hook '/home/ivan/Webots_YOLOv8/install/ipm_image_node/share/ipm_image_node/hook/ament_prefix_path.sh'
[3.756s] [34mcolcon.colcon_core.shell[0m [1;30mINFO[0m Skip shell extension 'powershell' for command environment: Not usable outside of PowerShell
[3.756s] [34mcolcon.colcon_core.shell[0m [1;30mDEBUG[0m [32mSkip shell extension 'dsv' for command environment[0m
[3.763s] [34mcolcon.colcon_ros.task.ament_python.build[0m [1;30mINFO[0m Building ROS package in '/home/ivan/Webots_YOLOv8/src/ipm/ipm_service' with build type 'ament_python'
[3.764s] [34mcolcon.colcon_core.shell[0m [1;30mLevel 1[0m create_environment_hook('ipm_service', 'ament_prefix_path')
[3.764s] [34mcolcon.colcon_core.shell[0m [1;30mINFO[0m Creating environment hook '/home/ivan/Webots_YOLOv8/install/ipm_service/share/ipm_service/hook/ament_prefix_path.ps1'
[3.765s] [34mcolcon.colcon_core.shell[0m [1;30mINFO[0m Creating environment descriptor '/home/ivan/Webots_YOLOv8/install/ipm_service/share/ipm_service/hook/ament_prefix_path.dsv'
[3.765s] [34mcolcon.colcon_core.shell[0m [1;30mINFO[0m Creating environment hook '/home/ivan/Webots_YOLOv8/install/ipm_service/share/ipm_service/hook/ament_prefix_path.sh'
[3.766s] [34mcolcon.colcon_core.shell[0m [1;30mINFO[0m Skip shell extension 'powershell' for command environment: Not usable outside of PowerShell
[3.766s] [34mcolcon.colcon_core.shell[0m [1;30mDEBUG[0m [32mSkip shell extension 'dsv' for command environment[0m
[3.772s] [34mcolcon.colcon_ros.task.ament_python.build[0m [1;30mINFO[0m Building ROS package in '/home/ivan/Webots_YOLOv8/src/soccer_ipm/soccer_ipm' with build type 'ament_python'
[3.773s] [34mcolcon.colcon_core.shell[0m [1;30mLevel 1[0m create_environment_hook('soccer_ipm', 'ament_prefix_path')
[3.773s] [34mcolcon.colcon_core.shell[0m [1;30mINFO[0m Creating environment hook '/home/ivan/Webots_YOLOv8/install/soccer_ipm/share/soccer_ipm/hook/ament_prefix_path.ps1'
[3.774s] [34mcolcon.colcon_core.shell[0m [1;30mINFO[0m Creating environment descriptor '/home/ivan/Webots_YOLOv8/install/soccer_ipm/share/soccer_ipm/hook/ament_prefix_path.dsv'
[3.774s] [34mcolcon.colcon_core.shell[0m [1;30mINFO[0m Creating environment hook '/home/ivan/Webots_YOLOv8/install/soccer_ipm/share/soccer_ipm/hook/ament_prefix_path.sh'
[3.775s] [34mcolcon.colcon_core.shell[0m [1;30mINFO[0m Skip shell extension 'powershell' for command environment: Not usable outside of PowerShell
[3.775s] [34mcolcon.colcon_core.shell[0m [1;30mDEBUG[0m [32mSkip shell extension 'dsv' for command environment[0m
[4.162s] [34mcolcon.colcon_core.task.python.build[0m [1;30mINFO[0m Building Python package in '/home/ivan/Webots_YOLOv8/src/ipm/ipm_image_node'
[4.163s] [34mcolcon.colcon_core.shell[0m [1;30mINFO[0m Skip shell extension 'powershell' for command environment: Not usable outside of PowerShell
[4.163s] [34mcolcon.colcon_core.shell[0m [1;30mDEBUG[0m [32mSkip shell extension 'dsv' for command environment[0m
[4.174s] [34mcolcon.colcon_core.event_handler.log_command[0m [1;30mDEBUG[0m [32mInvoking command in '/home/ivan/Webots_YOLOv8/src/Webots_YOLOv8': CMAKE_PREFIX_PATH=/home/ivan/Webots_YOLOv8/install/soccer_vision_2d_msgs:/home/ivan/Webots_YOLOv8/install/soccer_vision_attribute_msgs:/home/ivan/Webots_YOLOv8/install/soccer_interfaces:/home/ivan/Webots_YOLOv8/install/soccer_vision_3d_msgs:/home/ivan/Webots_YOLOv8/install/soccer_model_msgs:/home/ivan/Webots_YOLOv8/install/soccer_geometry_msgs:/home/ivan/Webots_YOLOv8/install/ipm_interfaces:/home/ivan/ros2_ws/install/edrom_msgs LD_LIBRARY_PATH=/home/ivan/Webots_YOLOv8/install/soccer_vision_2d_msgs/lib:/home/ivan/Webots_YOLOv8/install/soccer_vision_attribute_msgs/lib:/home/ivan/Webots_YOLOv8/install/soccer_vision_3d_msgs/lib:/home/ivan/Webots_YOLOv8/install/soccer_model_msgs/lib:/home/ivan/Webots_YOLOv8/install/soccer_geometry_msgs/lib:/home/ivan/Webots_YOLOv8/install/ipm_interfaces/lib:/home/ivan/ros2_ws/install/edrom_msgs/lib:/opt/ros/humble/opt/rviz_ogre_vendor/lib:/opt/ros/humble/lib/x86_64-linux-gnu:/opt/ros/humble/lib PYTHONPATH=/home/ivan/Webots_YOLOv8/build/Webots_YOLOv8/prefix_override:/usr/lib/python3/dist-packages/colcon_core/task/python/colcon_distutils_commands:/home/ivan/Webots_YOLOv8/install/Webots_YOLOv8/lib/python3.10/site-packages:${PYTHONPATH} /usr/bin/python3 -W ignore:setup.py install is deprecated -W ignore:easy_install command is deprecated setup.py egg_info --egg-base ../../build/Webots_YOLOv8 build --build-base /home/ivan/Webots_YOLOv8/build/Webots_YOLOv8/build install --record /home/ivan/Webots_YOLOv8/build/Webots_YOLOv8/install.log --single-version-externally-managed install_data[0m
[4.556s] [34mcolcon.colcon_core.task.python.build[0m [1;30mINFO[0m Building Python package in '/home/ivan/Webots_YOLOv8/src/ipm/ipm_service'
[4.556s] [34mcolcon.colcon_core.shell[0m [1;30mINFO[0m Skip shell extension 'powershell' for command environment: Not usable outside of PowerShell
[4.556s] [34mcolcon.colcon_core.shell[0m [1;30mDEBUG[0m [32mSkip shell extension 'dsv' for command environment[0m
[4.938s] [34mcolcon.colcon_core.task.python.build[0m [1;30mINFO[0m Building Python package in '/home/ivan/Webots_YOLOv8/src/soccer_ipm/soccer_ipm'
[4.938s] [34mcolcon.colcon_core.shell[0m [1;30mINFO[0m Skip shell extension 'powershell' for command environment: Not usable outside of PowerShell
[4.938s] [34mcolcon.colcon_core.shell[0m [1;30mDEBUG[0m [32mSkip shell extension 'dsv' for command environment[0m
[4.947s] [34mcolcon.colcon_core.environment[0m [1;30mLevel 1[0m checking '/home/ivan/Webots_YOLOv8/install/Webots_YOLOv8' for CMake module files
[4.950s] [34mcolcon.colcon_core.event_handler.log_command[0m [1;30mDEBUG[0m [32mInvoked command in '/home/ivan/Webots_YOLOv8/src/Webots_YOLOv8' returned '0': CMAKE_PREFIX_PATH=/home/ivan/Webots_YOLOv8/install/soccer_vision_2d_msgs:/home/ivan/Webots_YOLOv8/install/soccer_vision_attribute_msgs:/home/ivan/Webots_YOLOv8/install/soccer_interfaces:/home/ivan/Webots_YOLOv8/install/soccer_vision_3d_msgs:/home/ivan/Webots_YOLOv8/install/soccer_model_msgs:/home/ivan/Webots_YOLOv8/install/soccer_geometry_msgs:/home/ivan/Webots_YOLOv8/install/ipm_interfaces:/home/ivan/ros2_ws/install/edrom_msgs LD_LIBRARY_PATH=/home/ivan/Webots_YOLOv8/install/soccer_vision_2d_msgs/lib:/home/ivan/Webots_YOLOv8/install/soccer_vision_attribute_msgs/lib:/home/ivan/Webots_YOLOv8/install/soccer_vision_3d_msgs/lib:/home/ivan/Webots_YOLOv8/install/soccer_model_msgs/lib:/home/ivan/Webots_YOLOv8/install/soccer_geometry_msgs/lib:/home/ivan/Webots_YOLOv8/install/ipm_interfaces/lib:/home/ivan/ros2_ws/install/edrom_msgs/lib:/opt/ros/humble/opt/rviz_ogre_vendor/lib:/opt/ros/humble/lib/x86_64-linux-gnu:/opt/ros/humble/lib PYTHONPATH=/home/ivan/Webots_YOLOv8/build/Webots_YOLOv8/prefix_override:/usr/lib/python3/dist-packages/colcon_core/task/python/colcon_distutils_commands:/home/ivan/Webots_YOLOv8/install/Webots_YOLOv8/lib/python3.10/site-packages:${PYTHONPATH} /usr/bin/python3 -W ignore:setup.py install is deprecated -W ignore:easy_install command is deprecated setup.py egg_info --egg-base ../../build/Webots_YOLOv8 build --build-base /home/ivan/Webots_YOLOv8/build/Webots_YOLOv8/build install --record /home/ivan/Webots_YOLOv8/build/Webots_YOLOv8/install.log --single-version-externally-managed install_data[0m
[4.951s] [34mcolcon.colcon_core.environment[0m [1;30mLevel 1[0m checking '/home/ivan/Webots_YOLOv8/install/Webots_YOLOv8' for CMake config files
[4.951s] [34mcolcon.colcon_core.environment[0m [1;30mLevel 1[0m checking '/home/ivan/Webots_YOLOv8/install/Webots_YOLOv8/lib'
[4.952s] [34mcolcon.colcon_core.environment[0m [1;30mLevel 1[0m checking '/home/ivan/Webots_YOLOv8/install/Webots_YOLOv8/bin'
[4.952s] [34mcolcon.colcon_core.environment[0m [1;30mLevel 1[0m checking '/home/ivan/Webots_YOLOv8/install/Webots_YOLOv8/lib/pkgconfig/Webots_YOLOv8.pc'
[4.952s] [34mcolcon.colcon_core.environment[0m [1;30mLevel 1[0m checking '/home/ivan/Webots_YOLOv8/install/Webots_YOLOv8/lib/python3.10/site-packages'
[4.952s] [34mcolcon.colcon_core.shell[0m [1;30mLevel 1[0m create_environment_hook('Webots_YOLOv8', 'pythonpath')
[4.952s] [34mcolcon.colcon_core.shell[0m [1;30mINFO[0m Creating environment hook '/home/ivan/Webots_YOLOv8/install/Webots_YOLOv8/share/Webots_YOLOv8/hook/pythonpath.ps1'
[4.953s] [34mcolcon.colcon_core.shell[0m [1;30mINFO[0m Creating environment descriptor '/home/ivan/Webots_YOLOv8/install/Webots_YOLOv8/share/Webots_YOLOv8/hook/pythonpath.dsv'
[4.953s] [34mcolcon.colcon_core.shell[0m [1;30mINFO[0m Creating environment hook '/home/ivan/Webots_YOLOv8/install/Webots_YOLOv8/share/Webots_YOLOv8/hook/pythonpath.sh'
[4.954s] [34mcolcon.colcon_core.environment[0m [1;30mLevel 1[0m checking '/home/ivan/Webots_YOLOv8/install/Webots_YOLOv8/bin'
[4.954s] [34mcolcon.colcon_core.environment[0m [1;30mLevel 1[0m create_environment_scripts_only(Webots_YOLOv8)
[4.955s] [34mcolcon.colcon_core.shell[0m [1;30mINFO[0m Creating package script '/home/ivan/Webots_YOLOv8/install/Webots_YOLOv8/share/Webots_YOLOv8/package.ps1'
[4.955s] [34mcolcon.colcon_core.shell[0m [1;30mINFO[0m Creating package descriptor '/home/ivan/Webots_YOLOv8/install/Webots_YOLOv8/share/Webots_YOLOv8/package.dsv'
[4.956s] [34mcolcon.colcon_core.shell[0m [1;30mINFO[0m Creating package script '/home/ivan/Webots_YOLOv8/install/Webots_YOLOv8/share/Webots_YOLOv8/package.sh'
[4.956s] [34mcolcon.colcon_core.shell[0m [1;30mINFO[0m Creating package script '/home/ivan/Webots_YOLOv8/install/Webots_YOLOv8/share/Webots_YOLOv8/package.bash'
[4.957s] [34mcolcon.colcon_core.shell[0m [1;30mINFO[0m Creating package script '/home/ivan/Webots_YOLOv8/install/Webots_YOLOv8/share/Webots_YOLOv8/package.zsh'
[4.957s] [34mcolcon.colcon_core.environment[0m [1;30mLevel 1[0m create_file_with_runtime_dependencies(/home/ivan/Webots_YOLOv8/install/Webots_YOLOv8/share/colcon-core/packages/Webots_YOLOv8)
[5.471s] [34mcolcon.colcon_core.event_handler.log_command[0m [1;30mDEBUG[0m [32mInvoking command in '/home/ivan/Webots_YOLOv8/src/ipm/ipm_service': AMENT_PREFIX_PATH=/home/ivan/Webots_YOLOv8/install/ipm_library:/home/ivan/Webots_YOLOv8/install/soccer_ipm:/home/ivan/Webots_YOLOv8/install/soccer_interfaces:/home/ivan/Webots_YOLOv8/install/soccer_vision_3d_msgs:/home/ivan/Webots_YOLOv8/install/Webots_YOLOv8:/home/ivan/Webots_YOLOv8/install/soccer_vision_2d_msgs:/home/ivan/Webots_YOLOv8/install/soccer_model_msgs:/home/ivan/Webots_YOLOv8/install/soccer_vision_attribute_msgs:/home/ivan/Webots_YOLOv8/install/soccer_geometry_msgs:/home/ivan/Webots_YOLOv8/install/my_package:/home/ivan/Webots_YOLOv8/install/ipm_service:/home/ivan/Webots_YOLOv8/install/ipm_image_node:/home/ivan/Webots_YOLOv8/install/ipm_interfaces:/home/ivan/ros2_ws/install/object_finder_onnx:/home/ivan/ros2_ws/install/object_finder:/home/ivan/ros2_ws/install/my_package:/home/ivan/ros2_ws/install/Webots_YOLOv8:/home/ivan/ros2_ws/install/edrom_msgs:/opt/ros/humble CMAKE_PREFIX_PATH=/home/ivan/Webots_YOLOv8/install/ipm_interfaces:/home/ivan/Webots_YOLOv8/install/soccer_interfaces:/home/ivan/Webots_YOLOv8/install/soccer_vision_3d_msgs:/home/ivan/Webots_YOLOv8/install/soccer_vision_2d_msgs:/home/ivan/Webots_YOLOv8/install/soccer_model_msgs:/home/ivan/Webots_YOLOv8/install/soccer_vision_attribute_msgs:/home/ivan/Webots_YOLOv8/install/soccer_geometry_msgs:/home/ivan/ros2_ws/install/edrom_msgs LD_LIBRARY_PATH=/home/ivan/Webots_YOLOv8/install/ipm_interfaces/lib:/home/ivan/Webots_YOLOv8/install/soccer_vision_3d_msgs/lib:/home/ivan/Webots_YOLOv8/install/soccer_vision_2d_msgs/lib:/home/ivan/Webots_YOLOv8/install/soccer_model_msgs/lib:/home/ivan/Webots_YOLOv8/install/soccer_vision_attribute_msgs/lib:/home/ivan/Webots_YOLOv8/install/soccer_geometry_msgs/lib:/home/ivan/ros2_ws/install/edrom_msgs/lib:/opt/ros/humble/opt/rviz_ogre_vendor/lib:/opt/ros/humble/lib/x86_64-linux-gnu:/opt/ros/humble/lib PYTHONPATH=/home/ivan/Webots_YOLOv8/build/ipm_service/prefix_override:/usr/lib/python3/dist-packages/colcon_core/task/python/colcon_distutils_commands:/home/ivan/Webots_YOLOv8/install/ipm_service/lib/python3.10/site-packages:/home/ivan/Webots_YOLOv8/install/ipm_library/lib/python3.10/site-packages:/home/ivan/Webots_YOLOv8/install/soccer_ipm/lib/python3.10/site-packages:/home/ivan/Webots_YOLOv8/install/soccer_vision_3d_msgs/local/lib/python3.10/dist-packages:/home/ivan/Webots_YOLOv8/install/Webots_YOLOv8/lib/python3.10/site-packages:/home/ivan/Webots_YOLOv8/install/soccer_vision_2d_msgs/local/lib/python3.10/dist-packages:/home/ivan/Webots_YOLOv8/install/soccer_model_msgs/local/lib/python3.10/dist-packages:/home/ivan/Webots_YOLOv8/install/soccer_vision_attribute_msgs/local/lib/python3.10/dist-packages:/home/ivan/Webots_YOLOv8/install/soccer_geometry_msgs/local/lib/python3.10/dist-packages:/home/ivan/Webots_YOLOv8/install/my_package/lib/python3.10/site-packages:/home/ivan/Webots_YOLOv8/install/ipm_service/lib/python3.10/site-packages:/home/ivan/Webots_YOLOv8/install/ipm_image_node/lib/python3.10/site-packages:/home/ivan/Webots_YOLOv8/install/ipm_interfaces/local/lib/python3.10/dist-packages:/home/ivan/ros2_ws/install/object_finder_onnx/lib/python3.10/site-packages:/home/ivan/ros2_ws/install/object_finder/lib/python3.10/site-packages:/home/ivan/ros2_ws/install/my_package/lib/python3.10/site-packages:/home/ivan/ros2_ws/install/Webots_YOLOv8/lib/python3.10/site-packages:/home/ivan/ros2_ws/install/edrom_msgs/local/lib/python3.10/dist-packages:/opt/ros/humble/lib/python3.10/site-packages:/opt/ros/humble/local/lib/python3.10/dist-packages /usr/bin/python3 -W ignore:setup.py install is deprecated -W ignore:easy_install command is deprecated setup.py egg_info --egg-base ../../../build/ipm_service build --build-base /home/ivan/Webots_YOLOv8/build/ipm_service/build install --record /home/ivan/Webots_YOLOv8/build/ipm_service/install.log --single-version-externally-managed install_data[0m
[5.490s] [34mcolcon.colcon_core.event_handler.log_command[0m [1;30mDEBUG[0m [32mInvoking command in '/home/ivan/Webots_YOLOv8/src/ipm/ipm_image_node': AMENT_PREFIX_PATH=/home/ivan/Webots_YOLOv8/install/ipm_library:/home/ivan/Webots_YOLOv8/install/soccer_ipm:/home/ivan/Webots_YOLOv8/install/soccer_interfaces:/home/ivan/Webots_YOLOv8/install/soccer_vision_3d_msgs:/home/ivan/Webots_YOLOv8/install/Webots_YOLOv8:/home/ivan/Webots_YOLOv8/install/soccer_vision_2d_msgs:/home/ivan/Webots_YOLOv8/install/soccer_model_msgs:/home/ivan/Webots_YOLOv8/install/soccer_vision_attribute_msgs:/home/ivan/Webots_YOLOv8/install/soccer_geometry_msgs:/home/ivan/Webots_YOLOv8/install/my_package:/home/ivan/Webots_YOLOv8/install/ipm_service:/home/ivan/Webots_YOLOv8/install/ipm_image_node:/home/ivan/Webots_YOLOv8/install/ipm_interfaces:/home/ivan/ros2_ws/install/object_finder_onnx:/home/ivan/ros2_ws/install/object_finder:/home/ivan/ros2_ws/install/my_package:/home/ivan/ros2_ws/install/Webots_YOLOv8:/home/ivan/ros2_ws/install/edrom_msgs:/opt/ros/humble CMAKE_PREFIX_PATH=/home/ivan/Webots_YOLOv8/install/ipm_interfaces:/home/ivan/Webots_YOLOv8/install/soccer_interfaces:/home/ivan/Webots_YOLOv8/install/soccer_vision_3d_msgs:/home/ivan/Webots_YOLOv8/install/soccer_vision_2d_msgs:/home/ivan/Webots_YOLOv8/install/soccer_model_msgs:/home/ivan/Webots_YOLOv8/install/soccer_vision_attribute_msgs:/home/ivan/Webots_YOLOv8/install/soccer_geometry_msgs:/home/ivan/ros2_ws/install/edrom_msgs LD_LIBRARY_PATH=/home/ivan/Webots_YOLOv8/install/ipm_interfaces/lib:/home/ivan/Webots_YOLOv8/install/soccer_vision_3d_msgs/lib:/home/ivan/Webots_YOLOv8/install/soccer_vision_2d_msgs/lib:/home/ivan/Webots_YOLOv8/install/soccer_model_msgs/lib:/home/ivan/Webots_YOLOv8/install/soccer_vision_attribute_msgs/lib:/home/ivan/Webots_YOLOv8/install/soccer_geometry_msgs/lib:/home/ivan/ros2_ws/install/edrom_msgs/lib:/opt/ros/humble/opt/rviz_ogre_vendor/lib:/opt/ros/humble/lib/x86_64-linux-gnu:/opt/ros/humble/lib PYTHONPATH=/home/ivan/Webots_YOLOv8/build/ipm_image_node/prefix_override:/usr/lib/python3/dist-packages/colcon_core/task/python/colcon_distutils_commands:/home/ivan/Webots_YOLOv8/install/ipm_image_node/lib/python3.10/site-packages:/home/ivan/Webots_YOLOv8/install/ipm_library/lib/python3.10/site-packages:/home/ivan/Webots_YOLOv8/install/soccer_ipm/lib/python3.10/site-packages:/home/ivan/Webots_YOLOv8/install/soccer_vision_3d_msgs/local/lib/python3.10/dist-packages:/home/ivan/Webots_YOLOv8/install/Webots_YOLOv8/lib/python3.10/site-packages:/home/ivan/Webots_YOLOv8/install/soccer_vision_2d_msgs/local/lib/python3.10/dist-packages:/home/ivan/Webots_YOLOv8/install/soccer_model_msgs/local/lib/python3.10/dist-packages:/home/ivan/Webots_YOLOv8/install/soccer_vision_attribute_msgs/local/lib/python3.10/dist-packages:/home/ivan/Webots_YOLOv8/install/soccer_geometry_msgs/local/lib/python3.10/dist-packages:/home/ivan/Webots_YOLOv8/install/my_package/lib/python3.10/site-packages:/home/ivan/Webots_YOLOv8/install/ipm_service/lib/python3.10/site-packages:/home/ivan/Webots_YOLOv8/install/ipm_image_node/lib/python3.10/site-packages:/home/ivan/Webots_YOLOv8/install/ipm_interfaces/local/lib/python3.10/dist-packages:/home/ivan/ros2_ws/install/object_finder_onnx/lib/python3.10/site-packages:/home/ivan/ros2_ws/install/object_finder/lib/python3.10/site-packages:/home/ivan/ros2_ws/install/my_package/lib/python3.10/site-packages:/home/ivan/ros2_ws/install/Webots_YOLOv8/lib/python3.10/site-packages:/home/ivan/ros2_ws/install/edrom_msgs/local/lib/python3.10/dist-packages:/opt/ros/humble/lib/python3.10/site-packages:/opt/ros/humble/local/lib/python3.10/dist-packages /usr/bin/python3 -W ignore:setup.py install is deprecated -W ignore:easy_install command is deprecated setup.py egg_info --egg-base ../../../build/ipm_image_node build --build-base /home/ivan/Webots_YOLOv8/build/ipm_image_node/build install --record /home/ivan/Webots_YOLOv8/build/ipm_image_node/install.log --single-version-externally-managed install_data[0m
[5.496s] [34mcolcon.colcon_core.event_handler.log_command[0m [1;30mDEBUG[0m [32mInvoking command in '/home/ivan/Webots_YOLOv8/src/soccer_ipm/soccer_ipm': AMENT_PREFIX_PATH=/home/ivan/Webots_YOLOv8/install/ipm_library:/home/ivan/Webots_YOLOv8/install/soccer_ipm:/home/ivan/Webots_YOLOv8/install/soccer_interfaces:/home/ivan/Webots_YOLOv8/install/soccer_vision_3d_msgs:/home/ivan/Webots_YOLOv8/install/Webots_YOLOv8:/home/ivan/Webots_YOLOv8/install/soccer_vision_2d_msgs:/home/ivan/Webots_YOLOv8/install/soccer_model_msgs:/home/ivan/Webots_YOLOv8/install/soccer_vision_attribute_msgs:/home/ivan/Webots_YOLOv8/install/soccer_geometry_msgs:/home/ivan/Webots_YOLOv8/install/my_package:/home/ivan/Webots_YOLOv8/install/ipm_service:/home/ivan/Webots_YOLOv8/install/ipm_image_node:/home/ivan/Webots_YOLOv8/install/ipm_interfaces:/home/ivan/ros2_ws/install/object_finder_onnx:/home/ivan/ros2_ws/install/object_finder:/home/ivan/ros2_ws/install/my_package:/home/ivan/ros2_ws/install/Webots_YOLOv8:/home/ivan/ros2_ws/install/edrom_msgs:/opt/ros/humble CMAKE_PREFIX_PATH=/home/ivan/Webots_YOLOv8/install/soccer_vision_3d_msgs:/home/ivan/Webots_YOLOv8/install/soccer_vision_2d_msgs:/home/ivan/Webots_YOLOv8/install/soccer_vision_attribute_msgs:/home/ivan/Webots_YOLOv8/install/ipm_interfaces:/home/ivan/Webots_YOLOv8/install/soccer_interfaces:/home/ivan/Webots_YOLOv8/install/soccer_model_msgs:/home/ivan/Webots_YOLOv8/install/soccer_geometry_msgs:/home/ivan/ros2_ws/install/edrom_msgs LD_LIBRARY_PATH=/home/ivan/Webots_YOLOv8/install/soccer_vision_3d_msgs/lib:/home/ivan/Webots_YOLOv8/install/soccer_vision_2d_msgs/lib:/home/ivan/Webots_YOLOv8/install/soccer_vision_attribute_msgs/lib:/home/ivan/Webots_YOLOv8/install/ipm_interfaces/lib:/home/ivan/Webots_YOLOv8/install/soccer_model_msgs/lib:/home/ivan/Webots_YOLOv8/install/soccer_geometry_msgs/lib:/home/ivan/ros2_ws/install/edrom_msgs/lib:/opt/ros/humble/opt/rviz_ogre_vendor/lib:/opt/ros/humble/lib/x86_64-linux-gnu:/opt/ros/humble/lib PYTHONPATH=/home/ivan/Webots_YOLOv8/build/soccer_ipm/prefix_override:/usr/lib/python3/dist-packages/colcon_core/task/python/colcon_distutils_commands:/home/ivan/Webots_YOLOv8/install/soccer_ipm/lib/python3.10/site-packages:/home/ivan/Webots_YOLOv8/install/ipm_library/lib/python3.10/site-packages:/home/ivan/Webots_YOLOv8/install/soccer_ipm/lib/python3.10/site-packages:/home/ivan/Webots_YOLOv8/install/soccer_vision_3d_msgs/local/lib/python3.10/dist-packages:/home/ivan/Webots_YOLOv8/install/Webots_YOLOv8/lib/python3.10/site-packages:/home/ivan/Webots_YOLOv8/install/soccer_vision_2d_msgs/local/lib/python3.10/dist-packages:/home/ivan/Webots_YOLOv8/install/soccer_model_msgs/local/lib/python3.10/dist-packages:/home/ivan/Webots_YOLOv8/install/soccer_vision_attribute_msgs/local/lib/python3.10/dist-packages:/home/ivan/Webots_YOLOv8/install/soccer_geometry_msgs/local/lib/python3.10/dist-packages:/home/ivan/Webots_YOLOv8/install/my_package/lib/python3.10/site-packages:/home/ivan/Webots_YOLOv8/install/ipm_service/lib/python3.10/site-packages:/home/ivan/Webots_YOLOv8/install/ipm_image_node/lib/python3.10/site-packages:/home/ivan/Webots_YOLOv8/install/ipm_interfaces/local/lib/python3.10/dist-packages:/home/ivan/ros2_ws/install/object_finder_onnx/lib/python3.10/site-packages:/home/ivan/ros2_ws/install/object_finder/lib/python3.10/site-packages:/home/ivan/ros2_ws/install/my_package/lib/python3.10/site-packages:/home/ivan/ros2_ws/install/Webots_YOLOv8/lib/python3.10/site-packages:/home/ivan/ros2_ws/install/edrom_msgs/local/lib/python3.10/dist-packages:/opt/ros/humble/lib/python3.10/site-packages:/opt/ros/humble/local/lib/python3.10/dist-packages /usr/bin/python3 -W ignore:setup.py install is deprecated -W ignore:easy_install command is deprecated setup.py egg_info --egg-base ../../../build/soccer_ipm build --build-base /home/ivan/Webots_YOLOv8/build/soccer_ipm/build install --record /home/ivan/Webots_YOLOv8/build/soccer_ipm/install.log --single-version-externally-managed install_data[0m
[5.915s] [34mcolcon.colcon_core.environment[0m [1;30mLevel 1[0m checking '/home/ivan/Webots_YOLOv8/install/ipm_service' for CMake module files
[5.917s] [34mcolcon.colcon_core.event_handler.log_command[0m [1;30mDEBUG[0m [32mInvoked command in '/home/ivan/Webots_YOLOv8/src/ipm/ipm_service' returned '0': AMENT_PREFIX_PATH=/home/ivan/Webots_YOLOv8/install/ipm_library:/home/ivan/Webots_YOLOv8/install/soccer_ipm:/home/ivan/Webots_YOLOv8/install/soccer_interfaces:/home/ivan/Webots_YOLOv8/install/soccer_vision_3d_msgs:/home/ivan/Webots_YOLOv8/install/Webots_YOLOv8:/home/ivan/Webots_YOLOv8/install/soccer_vision_2d_msgs:/home/ivan/Webots_YOLOv8/install/soccer_model_msgs:/home/ivan/Webots_YOLOv8/install/soccer_vision_attribute_msgs:/home/ivan/Webots_YOLOv8/install/soccer_geometry_msgs:/home/ivan/Webots_YOLOv8/install/my_package:/home/ivan/Webots_YOLOv8/install/ipm_service:/home/ivan/Webots_YOLOv8/install/ipm_image_node:/home/ivan/Webots_YOLOv8/install/ipm_interfaces:/home/ivan/ros2_ws/install/object_finder_onnx:/home/ivan/ros2_ws/install/object_finder:/home/ivan/ros2_ws/install/my_package:/home/ivan/ros2_ws/install/Webots_YOLOv8:/home/ivan/ros2_ws/install/edrom_msgs:/opt/ros/humble CMAKE_PREFIX_PATH=/home/ivan/Webots_YOLOv8/install/ipm_interfaces:/home/ivan/Webots_YOLOv8/install/soccer_interfaces:/home/ivan/Webots_YOLOv8/install/soccer_vision_3d_msgs:/home/ivan/Webots_YOLOv8/install/soccer_vision_2d_msgs:/home/ivan/Webots_YOLOv8/install/soccer_model_msgs:/home/ivan/Webots_YOLOv8/install/soccer_vision_attribute_msgs:/home/ivan/Webots_YOLOv8/install/soccer_geometry_msgs:/home/ivan/ros2_ws/install/edrom_msgs LD_LIBRARY_PATH=/home/ivan/Webots_YOLOv8/install/ipm_interfaces/lib:/home/ivan/Webots_YOLOv8/install/soccer_vision_3d_msgs/lib:/home/ivan/Webots_YOLOv8/install/soccer_vision_2d_msgs/lib:/home/ivan/Webots_YOLOv8/install/soccer_model_msgs/lib:/home/ivan/Webots_YOLOv8/install/soccer_vision_attribute_msgs/lib:/home/ivan/Webots_YOLOv8/install/soccer_geometry_msgs/lib:/home/ivan/ros2_ws/install/edrom_msgs/lib:/opt/ros/humble/opt/rviz_ogre_vendor/lib:/opt/ros/humble/lib/x86_64-linux-gnu:/opt/ros/humble/lib PYTHONPATH=/home/ivan/Webots_YOLOv8/build/ipm_service/prefix_override:/usr/lib/python3/dist-packages/colcon_core/task/python/colcon_distutils_commands:/home/ivan/Webots_YOLOv8/install/ipm_service/lib/python3.10/site-packages:/home/ivan/Webots_YOLOv8/install/ipm_library/lib/python3.10/site-packages:/home/ivan/Webots_YOLOv8/install/soccer_ipm/lib/python3.10/site-packages:/home/ivan/Webots_YOLOv8/install/soccer_vision_3d_msgs/local/lib/python3.10/dist-packages:/home/ivan/Webots_YOLOv8/install/Webots_YOLOv8/lib/python3.10/site-packages:/home/ivan/Webots_YOLOv8/install/soccer_vision_2d_msgs/local/lib/python3.10/dist-packages:/home/ivan/Webots_YOLOv8/install/soccer_model_msgs/local/lib/python3.10/dist-packages:/home/ivan/Webots_YOLOv8/install/soccer_vision_attribute_msgs/local/lib/python3.10/dist-packages:/home/ivan/Webots_YOLOv8/install/soccer_geometry_msgs/local/lib/python3.10/dist-packages:/home/ivan/Webots_YOLOv8/install/my_package/lib/python3.10/site-packages:/home/ivan/Webots_YOLOv8/install/ipm_service/lib/python3.10/site-packages:/home/ivan/Webots_YOLOv8/install/ipm_image_node/lib/python3.10/site-packages:/home/ivan/Webots_YOLOv8/install/ipm_interfaces/local/lib/python3.10/dist-packages:/home/ivan/ros2_ws/install/object_finder_onnx/lib/python3.10/site-packages:/home/ivan/ros2_ws/install/object_finder/lib/python3.10/site-packages:/home/ivan/ros2_ws/install/my_package/lib/python3.10/site-packages:/home/ivan/ros2_ws/install/Webots_YOLOv8/lib/python3.10/site-packages:/home/ivan/ros2_ws/install/edrom_msgs/local/lib/python3.10/dist-packages:/opt/ros/humble/lib/python3.10/site-packages:/opt/ros/humble/local/lib/python3.10/dist-packages /usr/bin/python3 -W ignore:setup.py install is deprecated -W ignore:easy_install command is deprecated setup.py egg_info --egg-base ../../../build/ipm_service build --build-base /home/ivan/Webots_YOLOv8/build/ipm_service/build install --record /home/ivan/Webots_YOLOv8/build/ipm_service/install.log --single-version-externally-managed install_data[0m
[5.917s] [34mcolcon.colcon_core.environment[0m [1;30mLevel 1[0m checking '/home/ivan/Webots_YOLOv8/install/ipm_service' for CMake config files
[5.918s] [34mcolcon.colcon_core.environment[0m [1;30mLevel 1[0m checking '/home/ivan/Webots_YOLOv8/install/ipm_service/lib'
[5.918s] [34mcolcon.colcon_core.environment[0m [1;30mLevel 1[0m checking '/home/ivan/Webots_YOLOv8/install/ipm_service/bin'
[5.918s] [34mcolcon.colcon_core.environment[0m [1;30mLevel 1[0m checking '/home/ivan/Webots_YOLOv8/install/ipm_service/lib/pkgconfig/ipm_service.pc'
[5.919s] [34mcolcon.colcon_core.environment[0m [1;30mLevel 1[0m checking '/home/ivan/Webots_YOLOv8/install/ipm_service/lib/python3.10/site-packages'
[5.919s] [34mcolcon.colcon_core.shell[0m [1;30mLevel 1[0m create_environment_hook('ipm_service', 'pythonpath')
[5.919s] [34mcolcon.colcon_core.shell[0m [1;30mINFO[0m Creating environment hook '/home/ivan/Webots_YOLOv8/install/ipm_service/share/ipm_service/hook/pythonpath.ps1'
[5.920s] [34mcolcon.colcon_core.shell[0m [1;30mINFO[0m Creating environment descriptor '/home/ivan/Webots_YOLOv8/install/ipm_service/share/ipm_service/hook/pythonpath.dsv'
[5.920s] [34mcolcon.colcon_core.shell[0m [1;30mINFO[0m Creating environment hook '/home/ivan/Webots_YOLOv8/install/ipm_service/share/ipm_service/hook/pythonpath.sh'
[5.921s] [34mcolcon.colcon_core.environment[0m [1;30mLevel 1[0m checking '/home/ivan/Webots_YOLOv8/install/ipm_service/bin'
[5.921s] [34mcolcon.colcon_core.environment[0m [1;30mLevel 1[0m create_environment_scripts_only(ipm_service)
[5.922s] [34mcolcon.colcon_core.shell[0m [1;30mINFO[0m Creating package script '/home/ivan/Webots_YOLOv8/install/ipm_service/share/ipm_service/package.ps1'
[5.923s] [34mcolcon.colcon_core.shell[0m [1;30mINFO[0m Creating package descriptor '/home/ivan/Webots_YOLOv8/install/ipm_service/share/ipm_service/package.dsv'
[5.923s] [34mcolcon.colcon_core.shell[0m [1;30mINFO[0m Creating package script '/home/ivan/Webots_YOLOv8/install/ipm_service/share/ipm_service/package.sh'
[5.924s] [34mcolcon.colcon_core.shell[0m [1;30mINFO[0m Creating package script '/home/ivan/Webots_YOLOv8/install/ipm_service/share/ipm_service/package.bash'
[5.925s] [34mcolcon.colcon_core.shell[0m [1;30mINFO[0m Creating package script '/home/ivan/Webots_YOLOv8/install/ipm_service/share/ipm_service/package.zsh'
[5.925s] [34mcolcon.colcon_core.environment[0m [1;30mLevel 1[0m create_file_with_runtime_dependencies(/home/ivan/Webots_YOLOv8/install/ipm_service/share/colcon-core/packages/ipm_service)
[5.935s] [34mcolcon.colcon_core.environment[0m [1;30mLevel 1[0m checking '/home/ivan/Webots_YOLOv8/install/ipm_image_node' for CMake module files
[5.936s] [34mcolcon.colcon_core.event_handler.log_command[0m [1;30mDEBUG[0m [32mInvoked command in '/home/ivan/Webots_YOLOv8/src/ipm/ipm_image_node' returned '0': AMENT_PREFIX_PATH=/home/ivan/Webots_YOLOv8/install/ipm_library:/home/ivan/Webots_YOLOv8/install/soccer_ipm:/home/ivan/Webots_YOLOv8/install/soccer_interfaces:/home/ivan/Webots_YOLOv8/install/soccer_vision_3d_msgs:/home/ivan/Webots_YOLOv8/install/Webots_YOLOv8:/home/ivan/Webots_YOLOv8/install/soccer_vision_2d_msgs:/home/ivan/Webots_YOLOv8/install/soccer_model_msgs:/home/ivan/Webots_YOLOv8/install/soccer_vision_attribute_msgs:/home/ivan/Webots_YOLOv8/install/soccer_geometry_msgs:/home/ivan/Webots_YOLOv8/install/my_package:/home/ivan/Webots_YOLOv8/install/ipm_service:/home/ivan/Webots_YOLOv8/install/ipm_image_node:/home/ivan/Webots_YOLOv8/install/ipm_interfaces:/home/ivan/ros2_ws/install/object_finder_onnx:/home/ivan/ros2_ws/install/object_finder:/home/ivan/ros2_ws/install/my_package:/home/ivan/ros2_ws/install/Webots_YOLOv8:/home/ivan/ros2_ws/install/edrom_msgs:/opt/ros/humble CMAKE_PREFIX_PATH=/home/ivan/Webots_YOLOv8/install/ipm_interfaces:/home/ivan/Webots_YOLOv8/install/soccer_interfaces:/home/ivan/Webots_YOLOv8/install/soccer_vision_3d_msgs:/home/ivan/Webots_YOLOv8/install/soccer_vision_2d_msgs:/home/ivan/Webots_YOLOv8/install/soccer_model_msgs:/home/ivan/Webots_YOLOv8/install/soccer_vision_attribute_msgs:/home/ivan/Webots_YOLOv8/install/soccer_geometry_msgs:/home/ivan/ros2_ws/install/edrom_msgs LD_LIBRARY_PATH=/home/ivan/Webots_YOLOv8/install/ipm_interfaces/lib:/home/ivan/Webots_YOLOv8/install/soccer_vision_3d_msgs/lib:/home/ivan/Webots_YOLOv8/install/soccer_vision_2d_msgs/lib:/home/ivan/Webots_YOLOv8/install/soccer_model_msgs/lib:/home/ivan/Webots_YOLOv8/install/soccer_vision_attribute_msgs/lib:/home/ivan/Webots_YOLOv8/install/soccer_geometry_msgs/lib:/home/ivan/ros2_ws/install/edrom_msgs/lib:/opt/ros/humble/opt/rviz_ogre_vendor/lib:/opt/ros/humble/lib/x86_64-linux-gnu:/opt/ros/humble/lib PYTHONPATH=/home/ivan/Webots_YOLOv8/build/ipm_image_node/prefix_override:/usr/lib/python3/dist-packages/colcon_core/task/python/colcon_distutils_commands:/home/ivan/Webots_YOLOv8/install/ipm_image_node/lib/python3.10/site-packages:/home/ivan/Webots_YOLOv8/install/ipm_library/lib/python3.10/site-packages:/home/ivan/Webots_YOLOv8/install/soccer_ipm/lib/python3.10/site-packages:/home/ivan/Webots_YOLOv8/install/soccer_vision_3d_msgs/local/lib/python3.10/dist-packages:/home/ivan/Webots_YOLOv8/install/Webots_YOLOv8/lib/python3.10/site-packages:/home/ivan/Webots_YOLOv8/install/soccer_vision_2d_msgs/local/lib/python3.10/dist-packages:/home/ivan/Webots_YOLOv8/install/soccer_model_msgs/local/lib/python3.10/dist-packages:/home/ivan/Webots_YOLOv8/install/soccer_vision_attribute_msgs/local/lib/python3.10/dist-packages:/home/ivan/Webots_YOLOv8/install/soccer_geometry_msgs/local/lib/python3.10/dist-packages:/home/ivan/Webots_YOLOv8/install/my_package/lib/python3.10/site-packages:/home/ivan/Webots_YOLOv8/install/ipm_service/lib/python3.10/site-packages:/home/ivan/Webots_YOLOv8/install/ipm_image_node/lib/python3.10/site-packages:/home/ivan/Webots_YOLOv8/install/ipm_interfaces/local/lib/python3.10/dist-packages:/home/ivan/ros2_ws/install/object_finder_onnx/lib/python3.10/site-packages:/home/ivan/ros2_ws/install/object_finder/lib/python3.10/site-packages:/home/ivan/ros2_ws/install/my_package/lib/python3.10/site-packages:/home/ivan/ros2_ws/install/Webots_YOLOv8/lib/python3.10/site-packages:/home/ivan/ros2_ws/install/edrom_msgs/local/lib/python3.10/dist-packages:/opt/ros/humble/lib/python3.10/site-packages:/opt/ros/humble/local/lib/python3.10/dist-packages /usr/bin/python3 -W ignore:setup.py install is deprecated -W ignore:easy_install command is deprecated setup.py egg_info --egg-base ../../../build/ipm_image_node build --build-base /home/ivan/Webots_YOLOv8/build/ipm_image_node/build install --record /home/ivan/Webots_YOLOv8/build/ipm_image_node/install.log --single-version-externally-managed install_data[0m
[5.937s] [34mcolcon.colcon_core.environment[0m [1;30mLevel 1[0m checking '/home/ivan/Webots_YOLOv8/install/ipm_image_node' for CMake config files
[5.938s] [34mcolcon.colcon_core.environment[0m [1;30mLevel 1[0m checking '/home/ivan/Webots_YOLOv8/install/ipm_image_node/lib'
[5.938s] [34mcolcon.colcon_core.environment[0m [1;30mLevel 1[0m checking '/home/ivan/Webots_YOLOv8/install/ipm_image_node/bin'
[5.938s] [34mcolcon.colcon_core.environment[0m [1;30mLevel 1[0m checking '/home/ivan/Webots_YOLOv8/install/ipm_image_node/lib/pkgconfig/ipm_image_node.pc'
[5.939s] [34mcolcon.colcon_core.environment[0m [1;30mLevel 1[0m checking '/home/ivan/Webots_YOLOv8/install/ipm_image_node/lib/python3.10/site-packages'
[5.939s] [34mcolcon.colcon_core.shell[0m [1;30mLevel 1[0m create_environment_hook('ipm_image_node', 'pythonpath')
[5.940s] [34mcolcon.colcon_core.shell[0m [1;30mINFO[0m Creating environment hook '/home/ivan/Webots_YOLOv8/install/ipm_image_node/share/ipm_image_node/hook/pythonpath.ps1'
[5.940s] [34mcolcon.colcon_core.shell[0m [1;30mINFO[0m Creating environment descriptor '/home/ivan/Webots_YOLOv8/install/ipm_image_node/share/ipm_image_node/hook/pythonpath.dsv'
[5.941s] [34mcolcon.colcon_core.shell[0m [1;30mINFO[0m Creating environment hook '/home/ivan/Webots_YOLOv8/install/ipm_image_node/share/ipm_image_node/hook/pythonpath.sh'
[5.942s] [34mcolcon.colcon_core.environment[0m [1;30mLevel 1[0m checking '/home/ivan/Webots_YOLOv8/install/ipm_image_node/bin'
[5.942s] [34mcolcon.colcon_core.environment[0m [1;30mLevel 1[0m create_environment_scripts_only(ipm_image_node)
[5.943s] [34mcolcon.colcon_core.shell[0m [1;30mINFO[0m Creating package script '/home/ivan/Webots_YOLOv8/install/ipm_image_node/share/ipm_image_node/package.ps1'
[5.944s] [34mcolcon.colcon_core.shell[0m [1;30mINFO[0m Creating package descriptor '/home/ivan/Webots_YOLOv8/install/ipm_image_node/share/ipm_image_node/package.dsv'
[5.945s] [34mcolcon.colcon_core.shell[0m [1;30mINFO[0m Creating package script '/home/ivan/Webots_YOLOv8/install/ipm_image_node/share/ipm_image_node/package.sh'
[5.945s] [34mcolcon.colcon_core.shell[0m [1;30mINFO[0m Creating package script '/home/ivan/Webots_YOLOv8/install/ipm_image_node/share/ipm_image_node/package.bash'
[5.946s] [34mcolcon.colcon_core.shell[0m [1;30mINFO[0m Creating package script '/home/ivan/Webots_YOLOv8/install/ipm_image_node/share/ipm_image_node/package.zsh'
[5.946s] [34mcolcon.colcon_core.environment[0m [1;30mLevel 1[0m create_file_with_runtime_dependencies(/home/ivan/Webots_YOLOv8/install/ipm_image_node/share/colcon-core/packages/ipm_image_node)
[5.949s] [34mcolcon.colcon_core.environment[0m [1;30mLevel 1[0m checking '/home/ivan/Webots_YOLOv8/install/soccer_ipm' for CMake module files
[5.950s] [34mcolcon.colcon_core.event_handler.log_command[0m [1;30mDEBUG[0m [32mInvoked command in '/home/ivan/Webots_YOLOv8/src/soccer_ipm/soccer_ipm' returned '0': AMENT_PREFIX_PATH=/home/ivan/Webots_YOLOv8/install/ipm_library:/home/ivan/Webots_YOLOv8/install/soccer_ipm:/home/ivan/Webots_YOLOv8/install/soccer_interfaces:/home/ivan/Webots_YOLOv8/install/soccer_vision_3d_msgs:/home/ivan/Webots_YOLOv8/install/Webots_YOLOv8:/home/ivan/Webots_YOLOv8/install/soccer_vision_2d_msgs:/home/ivan/Webots_YOLOv8/install/soccer_model_msgs:/home/ivan/Webots_YOLOv8/install/soccer_vision_attribute_msgs:/home/ivan/Webots_YOLOv8/install/soccer_geometry_msgs:/home/ivan/Webots_YOLOv8/install/my_package:/home/ivan/Webots_YOLOv8/install/ipm_service:/home/ivan/Webots_YOLOv8/install/ipm_image_node:/home/ivan/Webots_YOLOv8/install/ipm_interfaces:/home/ivan/ros2_ws/install/object_finder_onnx:/home/ivan/ros2_ws/install/object_finder:/home/ivan/ros2_ws/install/my_package:/home/ivan/ros2_ws/install/Webots_YOLOv8:/home/ivan/ros2_ws/install/edrom_msgs:/opt/ros/humble CMAKE_PREFIX_PATH=/home/ivan/Webots_YOLOv8/install/soccer_vision_3d_msgs:/home/ivan/Webots_YOLOv8/install/soccer_vision_2d_msgs:/home/ivan/Webots_YOLOv8/install/soccer_vision_attribute_msgs:/home/ivan/Webots_YOLOv8/install/ipm_interfaces:/home/ivan/Webots_YOLOv8/install/soccer_interfaces:/home/ivan/Webots_YOLOv8/install/soccer_model_msgs:/home/ivan/Webots_YOLOv8/install/soccer_geometry_msgs:/home/ivan/ros2_ws/install/edrom_msgs LD_LIBRARY_PATH=/home/ivan/Webots_YOLOv8/install/soccer_vision_3d_msgs/lib:/home/ivan/Webots_YOLOv8/install/soccer_vision_2d_msgs/lib:/home/ivan/Webots_YOLOv8/install/soccer_vision_attribute_msgs/lib:/home/ivan/Webots_YOLOv8/install/ipm_interfaces/lib:/home/ivan/Webots_YOLOv8/install/soccer_model_msgs/lib:/home/ivan/Webots_YOLOv8/install/soccer_geometry_msgs/lib:/home/ivan/ros2_ws/install/edrom_msgs/lib:/opt/ros/humble/opt/rviz_ogre_vendor/lib:/opt/ros/humble/lib/x86_64-linux-gnu:/opt/ros/humble/lib PYTHONPATH=/home/ivan/Webots_YOLOv8/build/soccer_ipm/prefix_override:/usr/lib/python3/dist-packages/colcon_core/task/python/colcon_distutils_commands:/home/ivan/Webots_YOLOv8/install/soccer_ipm/lib/python3.10/site-packages:/home/ivan/Webots_YOLOv8/install/ipm_library/lib/python3.10/site-packages:/home/ivan/Webots_YOLOv8/install/soccer_ipm/lib/python3.10/site-packages:/home/ivan/Webots_YOLOv8/install/soccer_vision_3d_msgs/local/lib/python3.10/dist-packages:/home/ivan/Webots_YOLOv8/install/Webots_YOLOv8/lib/python3.10/site-packages:/home/ivan/Webots_YOLOv8/install/soccer_vision_2d_msgs/local/lib/python3.10/dist-packages:/home/ivan/Webots_YOLOv8/install/soccer_model_msgs/local/lib/python3.10/dist-packages:/home/ivan/Webots_YOLOv8/install/soccer_vision_attribute_msgs/local/lib/python3.10/dist-packages:/home/ivan/Webots_YOLOv8/install/soccer_geometry_msgs/local/lib/python3.10/dist-packages:/home/ivan/Webots_YOLOv8/install/my_package/lib/python3.10/site-packages:/home/ivan/Webots_YOLOv8/install/ipm_service/lib/python3.10/site-packages:/home/ivan/Webots_YOLOv8/install/ipm_image_node/lib/python3.10/site-packages:/home/ivan/Webots_YOLOv8/install/ipm_interfaces/local/lib/python3.10/dist-packages:/home/ivan/ros2_ws/install/object_finder_onnx/lib/python3.10/site-packages:/home/ivan/ros2_ws/install/object_finder/lib/python3.10/site-packages:/home/ivan/ros2_ws/install/my_package/lib/python3.10/site-packages:/home/ivan/ros2_ws/install/Webots_YOLOv8/lib/python3.10/site-packages:/home/ivan/ros2_ws/install/edrom_msgs/local/lib/python3.10/dist-packages:/opt/ros/humble/lib/python3.10/site-packages:/opt/ros/humble/local/lib/python3.10/dist-packages /usr/bin/python3 -W ignore:setup.py install is deprecated -W ignore:easy_install command is deprecated setup.py egg_info --egg-base ../../../build/soccer_ipm build --build-base /home/ivan/Webots_YOLOv8/build/soccer_ipm/build install --record /home/ivan/Webots_YOLOv8/build/soccer_ipm/install.log --single-version-externally-managed install_data[0m
[5.951s] [34mcolcon.colcon_core.environment[0m [1;30mLevel 1[0m checking '/home/ivan/Webots_YOLOv8/install/soccer_ipm' for CMake config files
[5.952s] [34mcolcon.colcon_core.environment[0m [1;30mLevel 1[0m checking '/home/ivan/Webots_YOLOv8/install/soccer_ipm/lib'
[5.952s] [34mcolcon.colcon_core.environment[0m [1;30mLevel 1[0m checking '/home/ivan/Webots_YOLOv8/install/soccer_ipm/bin'
[5.952s] [34mcolcon.colcon_core.environment[0m [1;30mLevel 1[0m checking '/home/ivan/Webots_YOLOv8/install/soccer_ipm/lib/pkgconfig/soccer_ipm.pc'
[5.952s] [34mcolcon.colcon_core.environment[0m [1;30mLevel 1[0m checking '/home/ivan/Webots_YOLOv8/install/soccer_ipm/lib/python3.10/site-packages'
[5.953s] [34mcolcon.colcon_core.shell[0m [1;30mLevel 1[0m create_environment_hook('soccer_ipm', 'pythonpath')
[5.953s] [34mcolcon.colcon_core.shell[0m [1;30mINFO[0m Creating environment hook '/home/ivan/Webots_YOLOv8/install/soccer_ipm/share/soccer_ipm/hook/pythonpath.ps1'
[5.953s] [34mcolcon.colcon_core.shell[0m [1;30mINFO[0m Creating environment descriptor '/home/ivan/Webots_YOLOv8/install/soccer_ipm/share/soccer_ipm/hook/pythonpath.dsv'
[5.954s] [34mcolcon.colcon_core.shell[0m [1;30mINFO[0m Creating environment hook '/home/ivan/Webots_YOLOv8/install/soccer_ipm/share/soccer_ipm/hook/pythonpath.sh'
[5.955s] [34mcolcon.colcon_core.environment[0m [1;30mLevel 1[0m checking '/home/ivan/Webots_YOLOv8/install/soccer_ipm/bin'
[5.955s] [34mcolcon.colcon_core.environment[0m [1;30mLevel 1[0m create_environment_scripts_only(soccer_ipm)
[5.955s] [34mcolcon.colcon_core.shell[0m [1;30mINFO[0m Creating package script '/home/ivan/Webots_YOLOv8/install/soccer_ipm/share/soccer_ipm/package.ps1'
[5.956s] [34mcolcon.colcon_core.shell[0m [1;30mINFO[0m Creating package descriptor '/home/ivan/Webots_YOLOv8/install/soccer_ipm/share/soccer_ipm/package.dsv'
[5.957s] [34mcolcon.colcon_core.shell[0m [1;30mINFO[0m Creating package script '/home/ivan/Webots_YOLOv8/install/soccer_ipm/share/soccer_ipm/package.sh'
[5.957s] [34mcolcon.colcon_core.shell[0m [1;30mINFO[0m Creating package script '/home/ivan/Webots_YOLOv8/install/soccer_ipm/share/soccer_ipm/package.bash'
[5.957s] [34mcolcon.colcon_core.shell[0m [1;30mINFO[0m Creating package script '/home/ivan/Webots_YOLOv8/install/soccer_ipm/share/soccer_ipm/package.zsh'
[5.958s] [34mcolcon.colcon_core.environment[0m [1;30mLevel 1[0m create_file_with_runtime_dependencies(/home/ivan/Webots_YOLOv8/install/soccer_ipm/share/colcon-core/packages/soccer_ipm)
[5.958s] [34mcolcon.colcon_parallel_executor.executor.parallel[0m [1;30mDEBUG[0m [32mclosing loop[0m
[5.959s] [34mcolcon.colcon_parallel_executor.executor.parallel[0m [1;30mDEBUG[0m [32mloop closed[0m
[5.959s] [34mcolcon.colcon_parallel_executor.executor.parallel[0m [1;30mDEBUG[0m [32mrun_until_complete finished with '0'[0m
[5.959s] [34mcolcon.colcon_core.event_reactor[0m [1;30mDEBUG[0m [32mjoining thread[0m
[5.969s] [34mcolcon.colcon_core.plugin_system[0m [1;30mINFO[0m Skipping extension 'colcon_notification.desktop_notification.terminal_notifier': Not used on non-Darwin systems
[5.970s] [34mcolcon.colcon_core.plugin_system[0m [1;30mINFO[0m Skipping extension 'colcon_notification.desktop_notification.win32': Not used on non-Windows systems
[5.970s] [34mcolcon.colcon_notification.desktop_notification[0m [1;30mINFO[0m Sending desktop notification using 'notify2'
[6.103s] [34mcolcon.colcon_core.event_reactor[0m [1;30mDEBUG[0m [32mjoined thread[0m
[6.103s] [34mcolcon.colcon_core.shell[0m [1;30mINFO[0m Creating prefix script '/home/ivan/Webots_YOLOv8/install/local_setup.ps1'
[6.105s] [34mcolcon.colcon_core.shell[0m [1;30mINFO[0m Creating prefix util module '/home/ivan/Webots_YOLOv8/install/_local_setup_util_ps1.py'
[6.108s] [34mcolcon.colcon_core.shell[0m [1;30mINFO[0m Creating prefix chain script '/home/ivan/Webots_YOLOv8/install/setup.ps1'
[6.111s] [34mcolcon.colcon_core.shell[0m [1;30mINFO[0m Creating prefix script '/home/ivan/Webots_YOLOv8/install/local_setup.sh'
[6.113s] [34mcolcon.colcon_core.shell[0m [1;30mINFO[0m Creating prefix util module '/home/ivan/Webots_YOLOv8/install/_local_setup_util_sh.py'
[6.114s] [34mcolcon.colcon_core.shell[0m [1;30mINFO[0m Creating prefix chain script '/home/ivan/Webots_YOLOv8/install/setup.sh'
[6.116s] [34mcolcon.colcon_core.shell[0m [1;30mINFO[0m Creating prefix script '/home/ivan/Webots_YOLOv8/install/local_setup.bash'
[6.117s] [34mcolcon.colcon_core.shell[0m [1;30mINFO[0m Creating prefix chain script '/home/ivan/Webots_YOLOv8/install/setup.bash'
[6.121s] [34mcolcon.colcon_core.shell[0m [1;30mINFO[0m Creating prefix script '/home/ivan/Webots_YOLOv8/install/local_setup.zsh'
[6.122s] [34mcolcon.colcon_core.shell[0m [1;30mINFO[0m Creating prefix chain script '/home/ivan/Webots_YOLOv8/install/setup.zsh'
