[0.400s] [34mcolcon[0m [1;30mDEBUG[0m [32mCommand line arguments: ['/usr/bin/colcon', 'build'][0m
[0.400s] [34mcolcon[0m [1;30mDEBUG[0m [32mParsed command line arguments: Namespace(log_base=None, log_level=None, verb_name='build', build_base='build', install_base='install', merge_install=False, symlink_install=False, test_result_base=None, continue_on_error=False, executor='parallel', parallel_workers=12, event_handlers=None, ignore_user_meta=False, metas=['./colcon.meta'], base_paths=['.'], packages_ignore=None, packages_ignore_regex=None, paths=None, packages_up_to=None, packages_up_to_regex=None, packages_above=None, packages_above_and_dependencies=None, packages_above_depth=None, packages_select_by_dep=None, packages_skip_by_dep=None, packages_skip_up_to=None, packages_select_build_failed=False, packages_skip_build_finished=False, packages_select_test_failures=False, packages_skip_test_passed=False, packages_select=None, packages_skip=None, packages_select_regex=None, packages_skip_regex=None, packages_start=None, packages_end=None, allow_overriding=[], cmake_args=None, cmake_target=None, cmake_target_skip_unavailable=False, cmake_clean_cache=False, cmake_clean_first=False, cmake_force_configure=False, ament_cmake_args=None, catkin_cmake_args=None, catkin_skip_building_tests=False, mixin_files=None, mixin=None, verb_parser=<colcon_mixin.mixin.mixin_argument.MixinArgumentDecorator object at 0x729c12e337c0>, verb_extension=<colcon_core.verb.build.BuildVerb object at 0x729c12fe8eb0>, main=<bound method BuildVerb.main of <colcon_core.verb.build.BuildVerb object at 0x729c12fe8eb0>>, mixin_verb=('build',))[0m
[0.733s] [34mcolcon.colcon_core.package_discovery[0m [1;30mLevel 1[0m discover_packages(colcon_meta) check parameters
[0.733s] [34mcolcon.colcon_core.package_discovery[0m [1;30mLevel 1[0m discover_packages(recursive) check parameters
[0.733s] [34mcolcon.colcon_core.package_discovery[0m [1;30mLevel 1[0m discover_packages(ignore) check parameters
[0.733s] [34mcolcon.colcon_core.package_discovery[0m [1;30mLevel 1[0m discover_packages(path) check parameters
[0.733s] [34mcolcon.colcon_core.package_discovery[0m [1;30mLevel 1[0m discover_packages(colcon_meta) discover
[0.734s] [34mcolcon.colcon_core.package_discovery[0m [1;30mLevel 1[0m discover_packages(recursive) discover
[0.734s] [34mcolcon.colcon_core.package_discovery[0m [1;30mINFO[0m Crawling recursively for packages in '/home/ivan/Webots_YOLOv8'
[0.734s] [34mcolcon.colcon_core.package_identification[0m [1;30mLevel 1[0m _identify(.) by extensions ['ignore', 'ignore_ament_install']
[0.734s] [34mcolcon.colcon_core.package_identification[0m [1;30mLevel 1[0m _identify(.) by extension 'ignore'
[0.734s] [34mcolcon.colcon_core.package_identification[0m [1;30mLevel 1[0m _identify(.) by extension 'ignore_ament_install'
[0.734s] [34mcolcon.colcon_core.package_identification[0m [1;30mLevel 1[0m _identify(.) by extensions ['colcon_pkg']
[0.734s] [34mcolcon.colcon_core.package_identification[0m [1;30mLevel 1[0m _identify(.) by extension 'colcon_pkg'
[0.734s] [34mcolcon.colcon_core.package_identification[0m [1;30mLevel 1[0m _identify(.) by extensions ['colcon_meta']
[0.734s] [34mcolcon.colcon_core.package_identification[0m [1;30mLevel 1[0m _identify(.) by extension 'colcon_meta'
[0.734s] [34mcolcon.colcon_core.package_identification[0m [1;30mLevel 1[0m _identify(.) by extensions ['ros']
[0.734s] [34mcolcon.colcon_core.package_identification[0m [1;30mLevel 1[0m _identify(.) by extension 'ros'
[0.747s] [34mcolcon.colcon_core.package_identification[0m [1;30mLevel 1[0m _identify(.) by extensions ['cmake', 'python']
[0.747s] [34mcolcon.colcon_core.package_identification[0m [1;30mLevel 1[0m _identify(.) by extension 'cmake'
[0.747s] [34mcolcon.colcon_core.package_identification[0m [1;30mLevel 1[0m _identify(.) by extension 'python'
[0.747s] [34mcolcon.colcon_core.package_identification[0m [1;30mLevel 1[0m _identify(.) by extensions ['python_setup_py']
[0.747s] [34mcolcon.colcon_core.package_identification[0m [1;30mLevel 1[0m _identify(.) by extension 'python_setup_py'
[0.747s] [34mcolcon.colcon_core.package_identification[0m [1;30mLevel 1[0m _identify(build) by extensions ['ignore', 'ignore_ament_install']
[0.747s] [34mcolcon.colcon_core.package_identification[0m [1;30mLevel 1[0m _identify(build) by extension 'ignore'
[0.747s] [34mcolcon.colcon_core.package_identification[0m [1;30mLevel 1[0m _identify(build) ignored
[0.748s] [34mcolcon.colcon_core.package_identification[0m [1;30mLevel 1[0m _identify(image) by extensions ['ignore', 'ignore_ament_install']
[0.748s] [34mcolcon.colcon_core.package_identification[0m [1;30mLevel 1[0m _identify(image) by extension 'ignore'
[0.748s] [34mcolcon.colcon_core.package_identification[0m [1;30mLevel 1[0m _identify(image) by extension 'ignore_ament_install'
[0.748s] [34mcolcon.colcon_core.package_identification[0m [1;30mLevel 1[0m _identify(image) by extensions ['colcon_pkg']
[0.748s] [34mcolcon.colcon_core.package_identification[0m [1;30mLevel 1[0m _identify(image) by extension 'colcon_pkg'
[0.748s] [34mcolcon.colcon_core.package_identification[0m [1;30mLevel 1[0m _identify(image) by extensions ['colcon_meta']
[0.748s] [34mcolcon.colcon_core.package_identification[0m [1;30mLevel 1[0m _identify(image) by extension 'colcon_meta'
[0.748s] [34mcolcon.colcon_core.package_identification[0m [1;30mLevel 1[0m _identify(image) by extensions ['ros']
[0.749s] [34mcolcon.colcon_core.package_identification[0m [1;30mLevel 1[0m _identify(image) by extension 'ros'
[0.749s] [34mcolcon.colcon_core.package_identification[0m [1;30mLevel 1[0m _identify(image) by extensions ['cmake', 'python']
[0.749s] [34mcolcon.colcon_core.package_identification[0m [1;30mLevel 1[0m _identify(image) by extension 'cmake'
[0.749s] [34mcolcon.colcon_core.package_identification[0m [1;30mLevel 1[0m _identify(image) by extension 'python'
[0.749s] [34mcolcon.colcon_core.package_identification[0m [1;30mLevel 1[0m _identify(image) by extensions ['python_setup_py']
[0.749s] [34mcolcon.colcon_core.package_identification[0m [1;30mLevel 1[0m _identify(image) by extension 'python_setup_py'
[0.749s] [34mcolcon.colcon_core.package_identification[0m [1;30mLevel 1[0m _identify(install) by extensions ['ignore', 'ignore_ament_install']
[0.749s] [34mcolcon.colcon_core.package_identification[0m [1;30mLevel 1[0m _identify(install) by extension 'ignore'
[0.749s] [34mcolcon.colcon_core.package_identification[0m [1;30mLevel 1[0m _identify(install) ignored
[0.749s] [34mcolcon.colcon_core.package_identification[0m [1;30mLevel 1[0m _identify(log) by extensions ['ignore', 'ignore_ament_install']
[0.749s] [34mcolcon.colcon_core.package_identification[0m [1;30mLevel 1[0m _identify(log) by extension 'ignore'
[0.749s] [34mcolcon.colcon_core.package_identification[0m [1;30mLevel 1[0m _identify(log) ignored
[0.749s] [34mcolcon.colcon_core.package_identification[0m [1;30mLevel 1[0m _identify(src) by extensions ['ignore', 'ignore_ament_install']
[0.749s] [34mcolcon.colcon_core.package_identification[0m [1;30mLevel 1[0m _identify(src) by extension 'ignore'
[0.749s] [34mcolcon.colcon_core.package_identification[0m [1;30mLevel 1[0m _identify(src) by extension 'ignore_ament_install'
[0.749s] [34mcolcon.colcon_core.package_identification[0m [1;30mLevel 1[0m _identify(src) by extensions ['colcon_pkg']
[0.749s] [34mcolcon.colcon_core.package_identification[0m [1;30mLevel 1[0m _identify(src) by extension 'colcon_pkg'
[0.749s] [34mcolcon.colcon_core.package_identification[0m [1;30mLevel 1[0m _identify(src) by extensions ['colcon_meta']
[0.749s] [34mcolcon.colcon_core.package_identification[0m [1;30mLevel 1[0m _identify(src) by extension 'colcon_meta'
[0.749s] [34mcolcon.colcon_core.package_identification[0m [1;30mLevel 1[0m _identify(src) by extensions ['ros']
[0.749s] [34mcolcon.colcon_core.package_identification[0m [1;30mLevel 1[0m _identify(src) by extension 'ros'
[0.749s] [34mcolcon.colcon_core.package_identification[0m [1;30mLevel 1[0m _identify(src) by extensions ['cmake', 'python']
[0.750s] [34mcolcon.colcon_core.package_identification[0m [1;30mLevel 1[0m _identify(src) by extension 'cmake'
[0.750s] [34mcolcon.colcon_core.package_identification[0m [1;30mLevel 1[0m _identify(src) by extension 'python'
[0.750s] [34mcolcon.colcon_core.package_identification[0m [1;30mLevel 1[0m _identify(src) by extensions ['python_setup_py']
[0.750s] [34mcolcon.colcon_core.package_identification[0m [1;30mLevel 1[0m _identify(src) by extension 'python_setup_py'
[0.750s] [34mcolcon.colcon_core.package_identification[0m [1;30mLevel 1[0m _identify(src/Webots_YOLOv8) by extensions ['ignore', 'ignore_ament_install']
[0.750s] [34mcolcon.colcon_core.package_identification[0m [1;30mLevel 1[0m _identify(src/Webots_YOLOv8) by extension 'ignore'
[0.750s] [34mcolcon.colcon_core.package_identification[0m [1;30mLevel 1[0m _identify(src/Webots_YOLOv8) by extension 'ignore_ament_install'
[0.750s] [34mcolcon.colcon_core.package_identification[0m [1;30mLevel 1[0m _identify(src/Webots_YOLOv8) by extensions ['colcon_pkg']
[0.750s] [34mcolcon.colcon_core.package_identification[0m [1;30mLevel 1[0m _identify(src/Webots_YOLOv8) by extension 'colcon_pkg'
[0.750s] [34mcolcon.colcon_core.package_identification[0m [1;30mLevel 1[0m _identify(src/Webots_YOLOv8) by extensions ['colcon_meta']
[0.750s] [34mcolcon.colcon_core.package_identification[0m [1;30mLevel 1[0m _identify(src/Webots_YOLOv8) by extension 'colcon_meta'
[0.750s] [34mcolcon.colcon_core.package_identification[0m [1;30mLevel 1[0m _identify(src/Webots_YOLOv8) by extensions ['ros']
[0.750s] [34mcolcon.colcon_core.package_identification[0m [1;30mLevel 1[0m _identify(src/Webots_YOLOv8) by extension 'ros'
[0.754s] [34mcolcon.colcon_core.package_identification[0m [1;30mDEBUG[0m [32mPackage 'src/Webots_YOLOv8' with type 'ros.ament_python' and name 'Webots_YOLOv8'[0m
[0.755s] [34mcolcon.colcon_core.package_identification[0m [1;30mLevel 1[0m _identify(src/ipm) by extensions ['ignore', 'ignore_ament_install']
[0.755s] [34mcolcon.colcon_core.package_identification[0m [1;30mLevel 1[0m _identify(src/ipm) by extension 'ignore'
[0.755s] [34mcolcon.colcon_core.package_identification[0m [1;30mLevel 1[0m _identify(src/ipm) by extension 'ignore_ament_install'
[0.755s] [34mcolcon.colcon_core.package_identification[0m [1;30mLevel 1[0m _identify(src/ipm) by extensions ['colcon_pkg']
[0.755s] [34mcolcon.colcon_core.package_identification[0m [1;30mLevel 1[0m _identify(src/ipm) by extension 'colcon_pkg'
[0.755s] [34mcolcon.colcon_core.package_identification[0m [1;30mLevel 1[0m _identify(src/ipm) by extensions ['colcon_meta']
[0.755s] [34mcolcon.colcon_core.package_identification[0m [1;30mLevel 1[0m _identify(src/ipm) by extension 'colcon_meta'
[0.755s] [34mcolcon.colcon_core.package_identification[0m [1;30mLevel 1[0m _identify(src/ipm) by extensions ['ros']
[0.755s] [34mcolcon.colcon_core.package_identification[0m [1;30mLevel 1[0m _identify(src/ipm) by extension 'ros'
[0.755s] [34mcolcon.colcon_core.package_identification[0m [1;30mLevel 1[0m _identify(src/ipm) by extensions ['cmake', 'python']
[0.755s] [34mcolcon.colcon_core.package_identification[0m [1;30mLevel 1[0m _identify(src/ipm) by extension 'cmake'
[0.755s] [34mcolcon.colcon_core.package_identification[0m [1;30mLevel 1[0m _identify(src/ipm) by extension 'python'
[0.755s] [34mcolcon.colcon_core.package_identification[0m [1;30mLevel 1[0m _identify(src/ipm) by extensions ['python_setup_py']
[0.755s] [34mcolcon.colcon_core.package_identification[0m [1;30mLevel 1[0m _identify(src/ipm) by extension 'python_setup_py'
[0.756s] [34mcolcon.colcon_core.package_identification[0m [1;30mLevel 1[0m _identify(src/ipm/ipm_image_node) by extensions ['ignore', 'ignore_ament_install']
[0.756s] [34mcolcon.colcon_core.package_identification[0m [1;30mLevel 1[0m _identify(src/ipm/ipm_image_node) by extension 'ignore'
[0.756s] [34mcolcon.colcon_core.package_identification[0m [1;30mLevel 1[0m _identify(src/ipm/ipm_image_node) by extension 'ignore_ament_install'
[0.756s] [34mcolcon.colcon_core.package_identification[0m [1;30mLevel 1[0m _identify(src/ipm/ipm_image_node) by extensions ['colcon_pkg']
[0.756s] [34mcolcon.colcon_core.package_identification[0m [1;30mLevel 1[0m _identify(src/ipm/ipm_image_node) by extension 'colcon_pkg'
[0.756s] [34mcolcon.colcon_core.package_identification[0m [1;30mLevel 1[0m _identify(src/ipm/ipm_image_node) by extensions ['colcon_meta']
[0.756s] [34mcolcon.colcon_core.package_identification[0m [1;30mLevel 1[0m _identify(src/ipm/ipm_image_node) by extension 'colcon_meta'
[0.756s] [34mcolcon.colcon_core.package_identification[0m [1;30mLevel 1[0m _identify(src/ipm/ipm_image_node) by extensions ['ros']
[0.756s] [34mcolcon.colcon_core.package_identification[0m [1;30mLevel 1[0m _identify(src/ipm/ipm_image_node) by extension 'ros'
[0.758s] [34mcolcon.colcon_core.package_identification[0m [1;30mDEBUG[0m [32mPackage 'src/ipm/ipm_image_node' with type 'ros.ament_python' and name 'ipm_image_node'[0m
[0.758s] [34mcolcon.colcon_core.package_identification[0m [1;30mLevel 1[0m _identify(src/ipm/ipm_interfaces) by extensions ['ignore', 'ignore_ament_install']
[0.759s] [34mcolcon.colcon_core.package_identification[0m [1;30mLevel 1[0m _identify(src/ipm/ipm_interfaces) by extension 'ignore'
[0.759s] [34mcolcon.colcon_core.package_identification[0m [1;30mLevel 1[0m _identify(src/ipm/ipm_interfaces) by extension 'ignore_ament_install'
[0.759s] [34mcolcon.colcon_core.package_identification[0m [1;30mLevel 1[0m _identify(src/ipm/ipm_interfaces) by extensions ['colcon_pkg']
[0.759s] [34mcolcon.colcon_core.package_identification[0m [1;30mLevel 1[0m _identify(src/ipm/ipm_interfaces) by extension 'colcon_pkg'
[0.759s] [34mcolcon.colcon_core.package_identification[0m [1;30mLevel 1[0m _identify(src/ipm/ipm_interfaces) by extensions ['colcon_meta']
[0.759s] [34mcolcon.colcon_core.package_identification[0m [1;30mLevel 1[0m _identify(src/ipm/ipm_interfaces) by extension 'colcon_meta'
[0.759s] [34mcolcon.colcon_core.package_identification[0m [1;30mLevel 1[0m _identify(src/ipm/ipm_interfaces) by extensions ['ros']
[0.759s] [34mcolcon.colcon_core.package_identification[0m [1;30mLevel 1[0m _identify(src/ipm/ipm_interfaces) by extension 'ros'
[0.760s] [34mcolcon.colcon_core.package_identification[0m [1;30mDEBUG[0m [32mPackage 'src/ipm/ipm_interfaces' with type 'ros.ament_cmake' and name 'ipm_interfaces'[0m
[0.760s] [34mcolcon.colcon_core.package_identification[0m [1;30mLevel 1[0m _identify(src/ipm/ipm_library) by extensions ['ignore', 'ignore_ament_install']
[0.760s] [34mcolcon.colcon_core.package_identification[0m [1;30mLevel 1[0m _identify(src/ipm/ipm_library) by extension 'ignore'
[0.760s] [34mcolcon.colcon_core.package_identification[0m [1;30mLevel 1[0m _identify(src/ipm/ipm_library) by extension 'ignore_ament_install'
[0.761s] [34mcolcon.colcon_core.package_identification[0m [1;30mLevel 1[0m _identify(src/ipm/ipm_library) by extensions ['colcon_pkg']
[0.761s] [34mcolcon.colcon_core.package_identification[0m [1;30mLevel 1[0m _identify(src/ipm/ipm_library) by extension 'colcon_pkg'
[0.761s] [34mcolcon.colcon_core.package_identification[0m [1;30mLevel 1[0m _identify(src/ipm/ipm_library) by extensions ['colcon_meta']
[0.761s] [34mcolcon.colcon_core.package_identification[0m [1;30mLevel 1[0m _identify(src/ipm/ipm_library) by extension 'colcon_meta'
[0.761s] [34mcolcon.colcon_core.package_identification[0m [1;30mLevel 1[0m _identify(src/ipm/ipm_library) by extensions ['ros']
[0.761s] [34mcolcon.colcon_core.package_identification[0m [1;30mLevel 1[0m _identify(src/ipm/ipm_library) by extension 'ros'
[0.762s] [34mcolcon.colcon_core.package_identification[0m [1;30mDEBUG[0m [32mPackage 'src/ipm/ipm_library' with type 'ros.ament_python' and name 'ipm_library'[0m
[0.763s] [34mcolcon.colcon_core.package_identification[0m [1;30mLevel 1[0m _identify(src/ipm/ipm_service) by extensions ['ignore', 'ignore_ament_install']
[0.763s] [34mcolcon.colcon_core.package_identification[0m [1;30mLevel 1[0m _identify(src/ipm/ipm_service) by extension 'ignore'
[0.763s] [34mcolcon.colcon_core.package_identification[0m [1;30mLevel 1[0m _identify(src/ipm/ipm_service) by extension 'ignore_ament_install'
[0.763s] [34mcolcon.colcon_core.package_identification[0m [1;30mLevel 1[0m _identify(src/ipm/ipm_service) by extensions ['colcon_pkg']
[0.763s] [34mcolcon.colcon_core.package_identification[0m [1;30mLevel 1[0m _identify(src/ipm/ipm_service) by extension 'colcon_pkg'
[0.763s] [34mcolcon.colcon_core.package_identification[0m [1;30mLevel 1[0m _identify(src/ipm/ipm_service) by extensions ['colcon_meta']
[0.763s] [34mcolcon.colcon_core.package_identification[0m [1;30mLevel 1[0m _identify(src/ipm/ipm_service) by extension 'colcon_meta'
[0.763s] [34mcolcon.colcon_core.package_identification[0m [1;30mLevel 1[0m _identify(src/ipm/ipm_service) by extensions ['ros']
[0.763s] [34mcolcon.colcon_core.package_identification[0m [1;30mLevel 1[0m _identify(src/ipm/ipm_service) by extension 'ros'
[0.764s] [34mcolcon.colcon_core.package_identification[0m [1;30mDEBUG[0m [32mPackage 'src/ipm/ipm_service' with type 'ros.ament_python' and name 'ipm_service'[0m
[0.764s] [34mcolcon.colcon_core.package_identification[0m [1;30mLevel 1[0m _identify(src/my_package) by extensions ['ignore', 'ignore_ament_install']
[0.764s] [34mcolcon.colcon_core.package_identification[0m [1;30mLevel 1[0m _identify(src/my_package) by extension 'ignore'
[0.765s] [34mcolcon.colcon_core.package_identification[0m [1;30mLevel 1[0m _identify(src/my_package) by extension 'ignore_ament_install'
[0.765s] [34mcolcon.colcon_core.package_identification[0m [1;30mLevel 1[0m _identify(src/my_package) by extensions ['colcon_pkg']
[0.765s] [34mcolcon.colcon_core.package_identification[0m [1;30mLevel 1[0m _identify(src/my_package) by extension 'colcon_pkg'
[0.765s] [34mcolcon.colcon_core.package_identification[0m [1;30mLevel 1[0m _identify(src/my_package) by extensions ['colcon_meta']
[0.765s] [34mcolcon.colcon_core.package_identification[0m [1;30mLevel 1[0m _identify(src/my_package) by extension 'colcon_meta'
[0.765s] [34mcolcon.colcon_core.package_identification[0m [1;30mLevel 1[0m _identify(src/my_package) by extensions ['ros']
[0.765s] [34mcolcon.colcon_core.package_identification[0m [1;30mLevel 1[0m _identify(src/my_package) by extension 'ros'
[0.767s] [34mcolcon.colcon_core.package_identification[0m [1;30mDEBUG[0m [32mPackage 'src/my_package' with type 'ros.ament_python' and name 'my_package'[0m
[0.767s] [34mcolcon.colcon_core.package_identification[0m [1;30mLevel 1[0m _identify(src/soccer_interfaces) by extensions ['ignore', 'ignore_ament_install']
[0.767s] [34mcolcon.colcon_core.package_identification[0m [1;30mLevel 1[0m _identify(src/soccer_interfaces) by extension 'ignore'
[0.767s] [34mcolcon.colcon_core.package_identification[0m [1;30mLevel 1[0m _identify(src/soccer_interfaces) by extension 'ignore_ament_install'
[0.767s] [34mcolcon.colcon_core.package_identification[0m [1;30mLevel 1[0m _identify(src/soccer_interfaces) by extensions ['colcon_pkg']
[0.767s] [34mcolcon.colcon_core.package_identification[0m [1;30mLevel 1[0m _identify(src/soccer_interfaces) by extension 'colcon_pkg'
[0.767s] [34mcolcon.colcon_core.package_identification[0m [1;30mLevel 1[0m _identify(src/soccer_interfaces) by extensions ['colcon_meta']
[0.767s] [34mcolcon.colcon_core.package_identification[0m [1;30mLevel 1[0m _identify(src/soccer_interfaces) by extension 'colcon_meta'
[0.767s] [34mcolcon.colcon_core.package_identification[0m [1;30mLevel 1[0m _identify(src/soccer_interfaces) by extensions ['ros']
[0.767s] [34mcolcon.colcon_core.package_identification[0m [1;30mLevel 1[0m _identify(src/soccer_interfaces) by extension 'ros'
[0.767s] [34mcolcon.colcon_core.package_identification[0m [1;30mLevel 1[0m _identify(src/soccer_interfaces) by extensions ['cmake', 'python']
[0.767s] [34mcolcon.colcon_core.package_identification[0m [1;30mLevel 1[0m _identify(src/soccer_interfaces) by extension 'cmake'
[0.767s] [34mcolcon.colcon_core.package_identification[0m [1;30mLevel 1[0m _identify(src/soccer_interfaces) by extension 'python'
[0.767s] [34mcolcon.colcon_core.package_identification[0m [1;30mLevel 1[0m _identify(src/soccer_interfaces) by extensions ['python_setup_py']
[0.767s] [34mcolcon.colcon_core.package_identification[0m [1;30mLevel 1[0m _identify(src/soccer_interfaces) by extension 'python_setup_py'
[0.768s] [34mcolcon.colcon_core.package_identification[0m [1;30mLevel 1[0m _identify(src/soccer_interfaces/soccer_geometry_msgs) by extensions ['ignore', 'ignore_ament_install']
[0.768s] [34mcolcon.colcon_core.package_identification[0m [1;30mLevel 1[0m _identify(src/soccer_interfaces/soccer_geometry_msgs) by extension 'ignore'
[0.768s] [34mcolcon.colcon_core.package_identification[0m [1;30mLevel 1[0m _identify(src/soccer_interfaces/soccer_geometry_msgs) by extension 'ignore_ament_install'
[0.768s] [34mcolcon.colcon_core.package_identification[0m [1;30mLevel 1[0m _identify(src/soccer_interfaces/soccer_geometry_msgs) by extensions ['colcon_pkg']
[0.768s] [34mcolcon.colcon_core.package_identification[0m [1;30mLevel 1[0m _identify(src/soccer_interfaces/soccer_geometry_msgs) by extension 'colcon_pkg'
[0.768s] [34mcolcon.colcon_core.package_identification[0m [1;30mLevel 1[0m _identify(src/soccer_interfaces/soccer_geometry_msgs) by extensions ['colcon_meta']
[0.768s] [34mcolcon.colcon_core.package_identification[0m [1;30mLevel 1[0m _identify(src/soccer_interfaces/soccer_geometry_msgs) by extension 'colcon_meta'
[0.768s] [34mcolcon.colcon_core.package_identification[0m [1;30mLevel 1[0m _identify(src/soccer_interfaces/soccer_geometry_msgs) by extensions ['ros']
[0.768s] [34mcolcon.colcon_core.package_identification[0m [1;30mLevel 1[0m _identify(src/soccer_interfaces/soccer_geometry_msgs) by extension 'ros'
[0.769s] [34mcolcon.colcon_core.package_identification[0m [1;30mDEBUG[0m [32mPackage 'src/soccer_interfaces/soccer_geometry_msgs' with type 'ros.ament_cmake' and name 'soccer_geometry_msgs'[0m
[0.770s] [34mcolcon.colcon_core.package_identification[0m [1;30mLevel 1[0m _identify(src/soccer_interfaces/soccer_interfaces) by extensions ['ignore', 'ignore_ament_install']
[0.770s] [34mcolcon.colcon_core.package_identification[0m [1;30mLevel 1[0m _identify(src/soccer_interfaces/soccer_interfaces) by extension 'ignore'
[0.770s] [34mcolcon.colcon_core.package_identification[0m [1;30mLevel 1[0m _identify(src/soccer_interfaces/soccer_interfaces) by extension 'ignore_ament_install'
[0.770s] [34mcolcon.colcon_core.package_identification[0m [1;30mLevel 1[0m _identify(src/soccer_interfaces/soccer_interfaces) by extensions ['colcon_pkg']
[0.770s] [34mcolcon.colcon_core.package_identification[0m [1;30mLevel 1[0m _identify(src/soccer_interfaces/soccer_interfaces) by extension 'colcon_pkg'
[0.770s] [34mcolcon.colcon_core.package_identification[0m [1;30mLevel 1[0m _identify(src/soccer_interfaces/soccer_interfaces) by extensions ['colcon_meta']
[0.770s] [34mcolcon.colcon_core.package_identification[0m [1;30mLevel 1[0m _identify(src/soccer_interfaces/soccer_interfaces) by extension 'colcon_meta'
[0.770s] [34mcolcon.colcon_core.package_identification[0m [1;30mLevel 1[0m _identify(src/soccer_interfaces/soccer_interfaces) by extensions ['ros']
[0.770s] [34mcolcon.colcon_core.package_identification[0m [1;30mLevel 1[0m _identify(src/soccer_interfaces/soccer_interfaces) by extension 'ros'
[0.771s] [34mcolcon.colcon_core.package_identification[0m [1;30mDEBUG[0m [32mPackage 'src/soccer_interfaces/soccer_interfaces' with type 'ros.ament_cmake' and name 'soccer_interfaces'[0m
[0.771s] [34mcolcon.colcon_core.package_identification[0m [1;30mLevel 1[0m _identify(src/soccer_interfaces/soccer_model_msgs) by extensions ['ignore', 'ignore_ament_install']
[0.771s] [34mcolcon.colcon_core.package_identification[0m [1;30mLevel 1[0m _identify(src/soccer_interfaces/soccer_model_msgs) by extension 'ignore'
[0.771s] [34mcolcon.colcon_core.package_identification[0m [1;30mLevel 1[0m _identify(src/soccer_interfaces/soccer_model_msgs) by extension 'ignore_ament_install'
[0.771s] [34mcolcon.colcon_core.package_identification[0m [1;30mLevel 1[0m _identify(src/soccer_interfaces/soccer_model_msgs) by extensions ['colcon_pkg']
[0.772s] [34mcolcon.colcon_core.package_identification[0m [1;30mLevel 1[0m _identify(src/soccer_interfaces/soccer_model_msgs) by extension 'colcon_pkg'
[0.772s] [34mcolcon.colcon_core.package_identification[0m [1;30mLevel 1[0m _identify(src/soccer_interfaces/soccer_model_msgs) by extensions ['colcon_meta']
[0.772s] [34mcolcon.colcon_core.package_identification[0m [1;30mLevel 1[0m _identify(src/soccer_interfaces/soccer_model_msgs) by extension 'colcon_meta'
[0.772s] [34mcolcon.colcon_core.package_identification[0m [1;30mLevel 1[0m _identify(src/soccer_interfaces/soccer_model_msgs) by extensions ['ros']
[0.772s] [34mcolcon.colcon_core.package_identification[0m [1;30mLevel 1[0m _identify(src/soccer_interfaces/soccer_model_msgs) by extension 'ros'
[0.772s] [34mcolcon.colcon_core.package_identification[0m [1;30mDEBUG[0m [32mPackage 'src/soccer_interfaces/soccer_model_msgs' with type 'ros.ament_cmake' and name 'soccer_model_msgs'[0m
[0.773s] [34mcolcon.colcon_core.package_identification[0m [1;30mLevel 1[0m _identify(src/soccer_interfaces/soccer_vision_2d_msgs) by extensions ['ignore', 'ignore_ament_install']
[0.773s] [34mcolcon.colcon_core.package_identification[0m [1;30mLevel 1[0m _identify(src/soccer_interfaces/soccer_vision_2d_msgs) by extension 'ignore'
[0.773s] [34mcolcon.colcon_core.package_identification[0m [1;30mLevel 1[0m _identify(src/soccer_interfaces/soccer_vision_2d_msgs) by extension 'ignore_ament_install'
[0.773s] [34mcolcon.colcon_core.package_identification[0m [1;30mLevel 1[0m _identify(src/soccer_interfaces/soccer_vision_2d_msgs) by extensions ['colcon_pkg']
[0.773s] [34mcolcon.colcon_core.package_identification[0m [1;30mLevel 1[0m _identify(src/soccer_interfaces/soccer_vision_2d_msgs) by extension 'colcon_pkg'
[0.773s] [34mcolcon.colcon_core.package_identification[0m [1;30mLevel 1[0m _identify(src/soccer_interfaces/soccer_vision_2d_msgs) by extensions ['colcon_meta']
[0.773s] [34mcolcon.colcon_core.package_identification[0m [1;30mLevel 1[0m _identify(src/soccer_interfaces/soccer_vision_2d_msgs) by extension 'colcon_meta'
[0.773s] [34mcolcon.colcon_core.package_identification[0m [1;30mLevel 1[0m _identify(src/soccer_interfaces/soccer_vision_2d_msgs) by extensions ['ros']
[0.773s] [34mcolcon.colcon_core.package_identification[0m [1;30mLevel 1[0m _identify(src/soccer_interfaces/soccer_vision_2d_msgs) by extension 'ros'
[0.774s] [34mcolcon.colcon_core.package_identification[0m [1;30mDEBUG[0m [32mPackage 'src/soccer_interfaces/soccer_vision_2d_msgs' with type 'ros.ament_cmake' and name 'soccer_vision_2d_msgs'[0m
[0.774s] [34mcolcon.colcon_core.package_identification[0m [1;30mLevel 1[0m _identify(src/soccer_interfaces/soccer_vision_3d_msgs) by extensions ['ignore', 'ignore_ament_install']
[0.774s] [34mcolcon.colcon_core.package_identification[0m [1;30mLevel 1[0m _identify(src/soccer_interfaces/soccer_vision_3d_msgs) by extension 'ignore'
[0.774s] [34mcolcon.colcon_core.package_identification[0m [1;30mLevel 1[0m _identify(src/soccer_interfaces/soccer_vision_3d_msgs) by extension 'ignore_ament_install'
[0.775s] [34mcolcon.colcon_core.package_identification[0m [1;30mLevel 1[0m _identify(src/soccer_interfaces/soccer_vision_3d_msgs) by extensions ['colcon_pkg']
[0.775s] [34mcolcon.colcon_core.package_identification[0m [1;30mLevel 1[0m _identify(src/soccer_interfaces/soccer_vision_3d_msgs) by extension 'colcon_pkg'
[0.775s] [34mcolcon.colcon_core.package_identification[0m [1;30mLevel 1[0m _identify(src/soccer_interfaces/soccer_vision_3d_msgs) by extensions ['colcon_meta']
[0.775s] [34mcolcon.colcon_core.package_identification[0m [1;30mLevel 1[0m _identify(src/soccer_interfaces/soccer_vision_3d_msgs) by extension 'colcon_meta'
[0.775s] [34mcolcon.colcon_core.package_identification[0m [1;30mLevel 1[0m _identify(src/soccer_interfaces/soccer_vision_3d_msgs) by extensions ['ros']
[0.775s] [34mcolcon.colcon_core.package_identification[0m [1;30mLevel 1[0m _identify(src/soccer_interfaces/soccer_vision_3d_msgs) by extension 'ros'
[0.776s] [34mcolcon.colcon_core.package_identification[0m [1;30mDEBUG[0m [32mPackage 'src/soccer_interfaces/soccer_vision_3d_msgs' with type 'ros.ament_cmake' and name 'soccer_vision_3d_msgs'[0m
[0.776s] [34mcolcon.colcon_core.package_identification[0m [1;30mLevel 1[0m _identify(src/soccer_interfaces/soccer_vision_attribute_msgs) by extensions ['ignore', 'ignore_ament_install']
[0.776s] [34mcolcon.colcon_core.package_identification[0m [1;30mLevel 1[0m _identify(src/soccer_interfaces/soccer_vision_attribute_msgs) by extension 'ignore'
[0.776s] [34mcolcon.colcon_core.package_identification[0m [1;30mLevel 1[0m _identify(src/soccer_interfaces/soccer_vision_attribute_msgs) by extension 'ignore_ament_install'
[0.776s] [34mcolcon.colcon_core.package_identification[0m [1;30mLevel 1[0m _identify(src/soccer_interfaces/soccer_vision_attribute_msgs) by extensions ['colcon_pkg']
[0.776s] [34mcolcon.colcon_core.package_identification[0m [1;30mLevel 1[0m _identify(src/soccer_interfaces/soccer_vision_attribute_msgs) by extension 'colcon_pkg'
[0.776s] [34mcolcon.colcon_core.package_identification[0m [1;30mLevel 1[0m _identify(src/soccer_interfaces/soccer_vision_attribute_msgs) by extensions ['colcon_meta']
[0.776s] [34mcolcon.colcon_core.package_identification[0m [1;30mLevel 1[0m _identify(src/soccer_interfaces/soccer_vision_attribute_msgs) by extension 'colcon_meta'
[0.776s] [34mcolcon.colcon_core.package_identification[0m [1;30mLevel 1[0m _identify(src/soccer_interfaces/soccer_vision_attribute_msgs) by extensions ['ros']
[0.776s] [34mcolcon.colcon_core.package_identification[0m [1;30mLevel 1[0m _identify(src/soccer_interfaces/soccer_vision_attribute_msgs) by extension 'ros'
[0.777s] [34mcolcon.colcon_core.package_identification[0m [1;30mDEBUG[0m [32mPackage 'src/soccer_interfaces/soccer_vision_attribute_msgs' with type 'ros.ament_cmake' and name 'soccer_vision_attribute_msgs'[0m
[0.777s] [34mcolcon.colcon_core.package_identification[0m [1;30mLevel 1[0m _identify(src/soccer_ipm) by extensions ['ignore', 'ignore_ament_install']
[0.778s] [34mcolcon.colcon_core.package_identification[0m [1;30mLevel 1[0m _identify(src/soccer_ipm) by extension 'ignore'
[0.778s] [34mcolcon.colcon_core.package_identification[0m [1;30mLevel 1[0m _identify(src/soccer_ipm) by extension 'ignore_ament_install'
[0.778s] [34mcolcon.colcon_core.package_identification[0m [1;30mLevel 1[0m _identify(src/soccer_ipm) by extensions ['colcon_pkg']
[0.778s] [34mcolcon.colcon_core.package_identification[0m [1;30mLevel 1[0m _identify(src/soccer_ipm) by extension 'colcon_pkg'
[0.778s] [34mcolcon.colcon_core.package_identification[0m [1;30mLevel 1[0m _identify(src/soccer_ipm) by extensions ['colcon_meta']
[0.778s] [34mcolcon.colcon_core.package_identification[0m [1;30mLevel 1[0m _identify(src/soccer_ipm) by extension 'colcon_meta'
[0.778s] [34mcolcon.colcon_core.package_identification[0m [1;30mLevel 1[0m _identify(src/soccer_ipm) by extensions ['ros']
[0.778s] [34mcolcon.colcon_core.package_identification[0m [1;30mLevel 1[0m _identify(src/soccer_ipm) by extension 'ros'
[0.778s] [34mcolcon.colcon_core.package_identification[0m [1;30mLevel 1[0m _identify(src/soccer_ipm) by extensions ['cmake', 'python']
[0.778s] [34mcolcon.colcon_core.package_identification[0m [1;30mLevel 1[0m _identify(src/soccer_ipm) by extension 'cmake'
[0.778s] [34mcolcon.colcon_core.package_identification[0m [1;30mLevel 1[0m _identify(src/soccer_ipm) by extension 'python'
[0.778s] [34mcolcon.colcon_core.package_identification[0m [1;30mLevel 1[0m _identify(src/soccer_ipm) by extensions ['python_setup_py']
[0.778s] [34mcolcon.colcon_core.package_identification[0m [1;30mLevel 1[0m _identify(src/soccer_ipm) by extension 'python_setup_py'
[0.778s] [34mcolcon.colcon_core.package_identification[0m [1;30mLevel 1[0m _identify(src/soccer_ipm/soccer_ipm) by extensions ['ignore', 'ignore_ament_install']
[0.778s] [34mcolcon.colcon_core.package_identification[0m [1;30mLevel 1[0m _identify(src/soccer_ipm/soccer_ipm) by extension 'ignore'
[0.778s] [34mcolcon.colcon_core.package_identification[0m [1;30mLevel 1[0m _identify(src/soccer_ipm/soccer_ipm) by extension 'ignore_ament_install'
[0.778s] [34mcolcon.colcon_core.package_identification[0m [1;30mLevel 1[0m _identify(src/soccer_ipm/soccer_ipm) by extensions ['colcon_pkg']
[0.778s] [34mcolcon.colcon_core.package_identification[0m [1;30mLevel 1[0m _identify(src/soccer_ipm/soccer_ipm) by extension 'colcon_pkg'
[0.778s] [34mcolcon.colcon_core.package_identification[0m [1;30mLevel 1[0m _identify(src/soccer_ipm/soccer_ipm) by extensions ['colcon_meta']
[0.778s] [34mcolcon.colcon_core.package_identification[0m [1;30mLevel 1[0m _identify(src/soccer_ipm/soccer_ipm) by extension 'colcon_meta'
[0.778s] [34mcolcon.colcon_core.package_identification[0m [1;30mLevel 1[0m _identify(src/soccer_ipm/soccer_ipm) by extensions ['ros']
[0.779s] [34mcolcon.colcon_core.package_identification[0m [1;30mLevel 1[0m _identify(src/soccer_ipm/soccer_ipm) by extension 'ros'
[0.780s] [34mcolcon.colcon_core.package_identification[0m [1;30mDEBUG[0m [32mPackage 'src/soccer_ipm/soccer_ipm' with type 'ros.ament_python' and name 'soccer_ipm'[0m
[0.780s] [34mcolcon.colcon_core.package_discovery[0m [1;30mLevel 1[0m discover_packages(recursive) using defaults
[0.780s] [34mcolcon.colcon_core.package_discovery[0m [1;30mLevel 1[0m discover_packages(ignore) discover
[0.780s] [34mcolcon.colcon_core.package_discovery[0m [1;30mLevel 1[0m discover_packages(ignore) using defaults
[0.780s] [34mcolcon.colcon_core.package_discovery[0m [1;30mLevel 1[0m discover_packages(path) discover
[0.780s] [34mcolcon.colcon_core.package_discovery[0m [1;30mLevel 1[0m discover_packages(path) using defaults
[0.808s] [34mcolcon.colcon_core.package_discovery[0m [1;30mLevel 1[0m discover_packages(prefix_path) check parameters
[0.808s] [34mcolcon.colcon_core.package_discovery[0m [1;30mLevel 1[0m discover_packages(prefix_path) discover
[0.823s] [34mcolcon.colcon_installed_package_information.package_discovery[0m [1;30mDEBUG[0m [32mFound 13 installed packages in /home/ivan/Webots_YOLOv8/install[0m
[0.828s] [34mcolcon.colcon_installed_package_information.package_discovery[0m [1;30mDEBUG[0m [32mFound 5 installed packages in /home/ivan/ros2_ws/install[0m
[0.831s] [34mcolcon.colcon_installed_package_information.package_discovery[0m [1;30mDEBUG[0m [32mFound 317 installed packages in /opt/ros/humble[0m
[0.832s] [34mcolcon.colcon_core.package_discovery[0m [1;30mLevel 1[0m discover_packages(prefix_path) using defaults
[0.916s] [34mcolcon.colcon_core.verb[0m [1;30mLevel 5[0m set package 'ipm_interfaces' build argument 'cmake_args' from command line to 'None'
[0.916s] [34mcolcon.colcon_core.verb[0m [1;30mLevel 5[0m set package 'ipm_interfaces' build argument 'cmake_target' from command line to 'None'
[0.916s] [34mcolcon.colcon_core.verb[0m [1;30mLevel 5[0m set package 'ipm_interfaces' build argument 'cmake_target_skip_unavailable' from command line to 'False'
[0.916s] [34mcolcon.colcon_core.verb[0m [1;30mLevel 5[0m set package 'ipm_interfaces' build argument 'cmake_clean_cache' from command line to 'False'
[0.916s] [34mcolcon.colcon_core.verb[0m [1;30mLevel 5[0m set package 'ipm_interfaces' build argument 'cmake_clean_first' from command line to 'False'
[0.916s] [34mcolcon.colcon_core.verb[0m [1;30mLevel 5[0m set package 'ipm_interfaces' build argument 'cmake_force_configure' from command line to 'False'
[0.916s] [34mcolcon.colcon_core.verb[0m [1;30mLevel 5[0m set package 'ipm_interfaces' build argument 'ament_cmake_args' from command line to 'None'
[0.916s] [34mcolcon.colcon_core.verb[0m [1;30mLevel 5[0m set package 'ipm_interfaces' build argument 'catkin_cmake_args' from command line to 'None'
[0.916s] [34mcolcon.colcon_core.verb[0m [1;30mLevel 5[0m set package 'ipm_interfaces' build argument 'catkin_skip_building_tests' from command line to 'False'
[0.916s] [34mcolcon.colcon_core.verb[0m [1;30mDEBUG[0m [32mBuilding package 'ipm_interfaces' with the following arguments: {'ament_cmake_args': None, 'build_base': '/home/ivan/Webots_YOLOv8/build/ipm_interfaces', 'catkin_cmake_args': None, 'catkin_skip_building_tests': False, 'cmake_args': None, 'cmake_clean_cache': False, 'cmake_clean_first': False, 'cmake_force_configure': False, 'cmake_target': None, 'cmake_target_skip_unavailable': False, 'install_base': '/home/ivan/Webots_YOLOv8/install/ipm_interfaces', 'merge_install': False, 'path': '/home/ivan/Webots_YOLOv8/src/ipm/ipm_interfaces', 'symlink_install': False, 'test_result_base': None}[0m
[0.917s] [34mcolcon.colcon_core.verb[0m [1;30mLevel 5[0m set package 'my_package' build argument 'cmake_args' from command line to 'None'
[0.917s] [34mcolcon.colcon_core.verb[0m [1;30mLevel 5[0m set package 'my_package' build argument 'cmake_target' from command line to 'None'
[0.917s] [34mcolcon.colcon_core.verb[0m [1;30mLevel 5[0m set package 'my_package' build argument 'cmake_target_skip_unavailable' from command line to 'False'
[0.917s] [34mcolcon.colcon_core.verb[0m [1;30mLevel 5[0m set package 'my_package' build argument 'cmake_clean_cache' from command line to 'False'
[0.917s] [34mcolcon.colcon_core.verb[0m [1;30mLevel 5[0m set package 'my_package' build argument 'cmake_clean_first' from command line to 'False'
[0.917s] [34mcolcon.colcon_core.verb[0m [1;30mLevel 5[0m set package 'my_package' build argument 'cmake_force_configure' from command line to 'False'
[0.917s] [34mcolcon.colcon_core.verb[0m [1;30mLevel 5[0m set package 'my_package' build argument 'ament_cmake_args' from command line to 'None'
[0.917s] [34mcolcon.colcon_core.verb[0m [1;30mLevel 5[0m set package 'my_package' build argument 'catkin_cmake_args' from command line to 'None'
[0.917s] [34mcolcon.colcon_core.verb[0m [1;30mLevel 5[0m set package 'my_package' build argument 'catkin_skip_building_tests' from command line to 'False'
[0.917s] [34mcolcon.colcon_core.verb[0m [1;30mDEBUG[0m [32mBuilding package 'my_package' with the following arguments: {'ament_cmake_args': None, 'build_base': '/home/ivan/Webots_YOLOv8/build/my_package', 'catkin_cmake_args': None, 'catkin_skip_building_tests': False, 'cmake_args': None, 'cmake_clean_cache': False, 'cmake_clean_first': False, 'cmake_force_configure': False, 'cmake_target': None, 'cmake_target_skip_unavailable': False, 'install_base': '/home/ivan/Webots_YOLOv8/install/my_package', 'merge_install': False, 'path': '/home/ivan/Webots_YOLOv8/src/my_package', 'symlink_install': False, 'test_result_base': None}[0m
[0.917s] [34mcolcon.colcon_core.verb[0m [1;30mLevel 5[0m set package 'soccer_geometry_msgs' build argument 'cmake_args' from command line to 'None'
[0.917s] [34mcolcon.colcon_core.verb[0m [1;30mLevel 5[0m set package 'soccer_geometry_msgs' build argument 'cmake_target' from command line to 'None'
[0.917s] [34mcolcon.colcon_core.verb[0m [1;30mLevel 5[0m set package 'soccer_geometry_msgs' build argument 'cmake_target_skip_unavailable' from command line to 'False'
[0.917s] [34mcolcon.colcon_core.verb[0m [1;30mLevel 5[0m set package 'soccer_geometry_msgs' build argument 'cmake_clean_cache' from command line to 'False'
[0.917s] [34mcolcon.colcon_core.verb[0m [1;30mLevel 5[0m set package 'soccer_geometry_msgs' build argument 'cmake_clean_first' from command line to 'False'
[0.917s] [34mcolcon.colcon_core.verb[0m [1;30mLevel 5[0m set package 'soccer_geometry_msgs' build argument 'cmake_force_configure' from command line to 'False'
[0.917s] [34mcolcon.colcon_core.verb[0m [1;30mLevel 5[0m set package 'soccer_geometry_msgs' build argument 'ament_cmake_args' from command line to 'None'
[0.917s] [34mcolcon.colcon_core.verb[0m [1;30mLevel 5[0m set package 'soccer_geometry_msgs' build argument 'catkin_cmake_args' from command line to 'None'
[0.917s] [34mcolcon.colcon_core.verb[0m [1;30mLevel 5[0m set package 'soccer_geometry_msgs' build argument 'catkin_skip_building_tests' from command line to 'False'
[0.917s] [34mcolcon.colcon_core.verb[0m [1;30mDEBUG[0m [32mBuilding package 'soccer_geometry_msgs' with the following arguments: {'ament_cmake_args': None, 'build_base': '/home/ivan/Webots_YOLOv8/build/soccer_geometry_msgs', 'catkin_cmake_args': None, 'catkin_skip_building_tests': False, 'cmake_args': None, 'cmake_clean_cache': False, 'cmake_clean_first': False, 'cmake_force_configure': False, 'cmake_target': None, 'cmake_target_skip_unavailable': False, 'install_base': '/home/ivan/Webots_YOLOv8/install/soccer_geometry_msgs', 'merge_install': False, 'path': '/home/ivan/Webots_YOLOv8/src/soccer_interfaces/soccer_geometry_msgs', 'symlink_install': False, 'test_result_base': None}[0m
[0.918s] [34mcolcon.colcon_core.verb[0m [1;30mLevel 5[0m set package 'soccer_vision_attribute_msgs' build argument 'cmake_args' from command line to 'None'
[0.918s] [34mcolcon.colcon_core.verb[0m [1;30mLevel 5[0m set package 'soccer_vision_attribute_msgs' build argument 'cmake_target' from command line to 'None'
[0.918s] [34mcolcon.colcon_core.verb[0m [1;30mLevel 5[0m set package 'soccer_vision_attribute_msgs' build argument 'cmake_target_skip_unavailable' from command line to 'False'
[0.918s] [34mcolcon.colcon_core.verb[0m [1;30mLevel 5[0m set package 'soccer_vision_attribute_msgs' build argument 'cmake_clean_cache' from command line to 'False'
[0.918s] [34mcolcon.colcon_core.verb[0m [1;30mLevel 5[0m set package 'soccer_vision_attribute_msgs' build argument 'cmake_clean_first' from command line to 'False'
[0.918s] [34mcolcon.colcon_core.verb[0m [1;30mLevel 5[0m set package 'soccer_vision_attribute_msgs' build argument 'cmake_force_configure' from command line to 'False'
[0.918s] [34mcolcon.colcon_core.verb[0m [1;30mLevel 5[0m set package 'soccer_vision_attribute_msgs' build argument 'ament_cmake_args' from command line to 'None'
[0.918s] [34mcolcon.colcon_core.verb[0m [1;30mLevel 5[0m set package 'soccer_vision_attribute_msgs' build argument 'catkin_cmake_args' from command line to 'None'
[0.918s] [34mcolcon.colcon_core.verb[0m [1;30mLevel 5[0m set package 'soccer_vision_attribute_msgs' build argument 'catkin_skip_building_tests' from command line to 'False'
[0.918s] [34mcolcon.colcon_core.verb[0m [1;30mDEBUG[0m [32mBuilding package 'soccer_vision_attribute_msgs' with the following arguments: {'ament_cmake_args': None, 'build_base': '/home/ivan/Webots_YOLOv8/build/soccer_vision_attribute_msgs', 'catkin_cmake_args': None, 'catkin_skip_building_tests': False, 'cmake_args': None, 'cmake_clean_cache': False, 'cmake_clean_first': False, 'cmake_force_configure': False, 'cmake_target': None, 'cmake_target_skip_unavailable': False, 'install_base': '/home/ivan/Webots_YOLOv8/install/soccer_vision_attribute_msgs', 'merge_install': False, 'path': '/home/ivan/Webots_YOLOv8/src/soccer_interfaces/soccer_vision_attribute_msgs', 'symlink_install': False, 'test_result_base': None}[0m
[0.918s] [34mcolcon.colcon_core.verb[0m [1;30mLevel 5[0m set package 'ipm_library' build argument 'cmake_args' from command line to 'None'
[0.918s] [34mcolcon.colcon_core.verb[0m [1;30mLevel 5[0m set package 'ipm_library' build argument 'cmake_target' from command line to 'None'
[0.918s] [34mcolcon.colcon_core.verb[0m [1;30mLevel 5[0m set package 'ipm_library' build argument 'cmake_target_skip_unavailable' from command line to 'False'
[0.918s] [34mcolcon.colcon_core.verb[0m [1;30mLevel 5[0m set package 'ipm_library' build argument 'cmake_clean_cache' from command line to 'False'
[0.918s] [34mcolcon.colcon_core.verb[0m [1;30mLevel 5[0m set package 'ipm_library' build argument 'cmake_clean_first' from command line to 'False'
[0.918s] [34mcolcon.colcon_core.verb[0m [1;30mLevel 5[0m set package 'ipm_library' build argument 'cmake_force_configure' from command line to 'False'
[0.918s] [34mcolcon.colcon_core.verb[0m [1;30mLevel 5[0m set package 'ipm_library' build argument 'ament_cmake_args' from command line to 'None'
[0.918s] [34mcolcon.colcon_core.verb[0m [1;30mLevel 5[0m set package 'ipm_library' build argument 'catkin_cmake_args' from command line to 'None'
[0.918s] [34mcolcon.colcon_core.verb[0m [1;30mLevel 5[0m set package 'ipm_library' build argument 'catkin_skip_building_tests' from command line to 'False'
[0.918s] [34mcolcon.colcon_core.verb[0m [1;30mDEBUG[0m [32mBuilding package 'ipm_library' with the following arguments: {'ament_cmake_args': None, 'build_base': '/home/ivan/Webots_YOLOv8/build/ipm_library', 'catkin_cmake_args': None, 'catkin_skip_building_tests': False, 'cmake_args': None, 'cmake_clean_cache': False, 'cmake_clean_first': False, 'cmake_force_configure': False, 'cmake_target': None, 'cmake_target_skip_unavailable': False, 'install_base': '/home/ivan/Webots_YOLOv8/install/ipm_library', 'merge_install': False, 'path': '/home/ivan/Webots_YOLOv8/src/ipm/ipm_library', 'symlink_install': False, 'test_result_base': None}[0m
[0.919s] [34mcolcon.colcon_core.verb[0m [1;30mLevel 5[0m set package 'soccer_model_msgs' build argument 'cmake_args' from command line to 'None'
[0.919s] [34mcolcon.colcon_core.verb[0m [1;30mLevel 5[0m set package 'soccer_model_msgs' build argument 'cmake_target' from command line to 'None'
[0.919s] [34mcolcon.colcon_core.verb[0m [1;30mLevel 5[0m set package 'soccer_model_msgs' build argument 'cmake_target_skip_unavailable' from command line to 'False'
[0.919s] [34mcolcon.colcon_core.verb[0m [1;30mLevel 5[0m set package 'soccer_model_msgs' build argument 'cmake_clean_cache' from command line to 'False'
[0.919s] [34mcolcon.colcon_core.verb[0m [1;30mLevel 5[0m set package 'soccer_model_msgs' build argument 'cmake_clean_first' from command line to 'False'
[0.919s] [34mcolcon.colcon_core.verb[0m [1;30mLevel 5[0m set package 'soccer_model_msgs' build argument 'cmake_force_configure' from command line to 'False'
[0.919s] [34mcolcon.colcon_core.verb[0m [1;30mLevel 5[0m set package 'soccer_model_msgs' build argument 'ament_cmake_args' from command line to 'None'
[0.919s] [34mcolcon.colcon_core.verb[0m [1;30mLevel 5[0m set package 'soccer_model_msgs' build argument 'catkin_cmake_args' from command line to 'None'
[0.919s] [34mcolcon.colcon_core.verb[0m [1;30mLevel 5[0m set package 'soccer_model_msgs' build argument 'catkin_skip_building_tests' from command line to 'False'
[0.919s] [34mcolcon.colcon_core.verb[0m [1;30mDEBUG[0m [32mBuilding package 'soccer_model_msgs' with the following arguments: {'ament_cmake_args': None, 'build_base': '/home/ivan/Webots_YOLOv8/build/soccer_model_msgs', 'catkin_cmake_args': None, 'catkin_skip_building_tests': False, 'cmake_args': None, 'cmake_clean_cache': False, 'cmake_clean_first': False, 'cmake_force_configure': False, 'cmake_target': None, 'cmake_target_skip_unavailable': False, 'install_base': '/home/ivan/Webots_YOLOv8/install/soccer_model_msgs', 'merge_install': False, 'path': '/home/ivan/Webots_YOLOv8/src/soccer_interfaces/soccer_model_msgs', 'symlink_install': False, 'test_result_base': None}[0m
[0.919s] [34mcolcon.colcon_core.verb[0m [1;30mLevel 5[0m set package 'soccer_vision_2d_msgs' build argument 'cmake_args' from command line to 'None'
[0.919s] [34mcolcon.colcon_core.verb[0m [1;30mLevel 5[0m set package 'soccer_vision_2d_msgs' build argument 'cmake_target' from command line to 'None'
[0.919s] [34mcolcon.colcon_core.verb[0m [1;30mLevel 5[0m set package 'soccer_vision_2d_msgs' build argument 'cmake_target_skip_unavailable' from command line to 'False'
[0.919s] [34mcolcon.colcon_core.verb[0m [1;30mLevel 5[0m set package 'soccer_vision_2d_msgs' build argument 'cmake_clean_cache' from command line to 'False'
[0.919s] [34mcolcon.colcon_core.verb[0m [1;30mLevel 5[0m set package 'soccer_vision_2d_msgs' build argument 'cmake_clean_first' from command line to 'False'
[0.919s] [34mcolcon.colcon_core.verb[0m [1;30mLevel 5[0m set package 'soccer_vision_2d_msgs' build argument 'cmake_force_configure' from command line to 'False'
[0.919s] [34mcolcon.colcon_core.verb[0m [1;30mLevel 5[0m set package 'soccer_vision_2d_msgs' build argument 'ament_cmake_args' from command line to 'None'
[0.919s] [34mcolcon.colcon_core.verb[0m [1;30mLevel 5[0m set package 'soccer_vision_2d_msgs' build argument 'catkin_cmake_args' from command line to 'None'
[0.919s] [34mcolcon.colcon_core.verb[0m [1;30mLevel 5[0m set package 'soccer_vision_2d_msgs' build argument 'catkin_skip_building_tests' from command line to 'False'
[0.919s] [34mcolcon.colcon_core.verb[0m [1;30mDEBUG[0m [32mBuilding package 'soccer_vision_2d_msgs' with the following arguments: {'ament_cmake_args': None, 'build_base': '/home/ivan/Webots_YOLOv8/build/soccer_vision_2d_msgs', 'catkin_cmake_args': None, 'catkin_skip_building_tests': False, 'cmake_args': None, 'cmake_clean_cache': False, 'cmake_clean_first': False, 'cmake_force_configure': False, 'cmake_target': None, 'cmake_target_skip_unavailable': False, 'install_base': '/home/ivan/Webots_YOLOv8/install/soccer_vision_2d_msgs', 'merge_install': False, 'path': '/home/ivan/Webots_YOLOv8/src/soccer_interfaces/soccer_vision_2d_msgs', 'symlink_install': False, 'test_result_base': None}[0m
[0.920s] [34mcolcon.colcon_core.verb[0m [1;30mLevel 5[0m set package 'soccer_vision_3d_msgs' build argument 'cmake_args' from command line to 'None'
[0.920s] [34mcolcon.colcon_core.verb[0m [1;30mLevel 5[0m set package 'soccer_vision_3d_msgs' build argument 'cmake_target' from command line to 'None'
[0.920s] [34mcolcon.colcon_core.verb[0m [1;30mLevel 5[0m set package 'soccer_vision_3d_msgs' build argument 'cmake_target_skip_unavailable' from command line to 'False'
[0.920s] [34mcolcon.colcon_core.verb[0m [1;30mLevel 5[0m set package 'soccer_vision_3d_msgs' build argument 'cmake_clean_cache' from command line to 'False'
[0.920s] [34mcolcon.colcon_core.verb[0m [1;30mLevel 5[0m set package 'soccer_vision_3d_msgs' build argument 'cmake_clean_first' from command line to 'False'
[0.920s] [34mcolcon.colcon_core.verb[0m [1;30mLevel 5[0m set package 'soccer_vision_3d_msgs' build argument 'cmake_force_configure' from command line to 'False'
[0.920s] [34mcolcon.colcon_core.verb[0m [1;30mLevel 5[0m set package 'soccer_vision_3d_msgs' build argument 'ament_cmake_args' from command line to 'None'
[0.920s] [34mcolcon.colcon_core.verb[0m [1;30mLevel 5[0m set package 'soccer_vision_3d_msgs' build argument 'catkin_cmake_args' from command line to 'None'
[0.920s] [34mcolcon.colcon_core.verb[0m [1;30mLevel 5[0m set package 'soccer_vision_3d_msgs' build argument 'catkin_skip_building_tests' from command line to 'False'
[0.920s] [34mcolcon.colcon_core.verb[0m [1;30mDEBUG[0m [32mBuilding package 'soccer_vision_3d_msgs' with the following arguments: {'ament_cmake_args': None, 'build_base': '/home/ivan/Webots_YOLOv8/build/soccer_vision_3d_msgs', 'catkin_cmake_args': None, 'catkin_skip_building_tests': False, 'cmake_args': None, 'cmake_clean_cache': False, 'cmake_clean_first': False, 'cmake_force_configure': False, 'cmake_target': None, 'cmake_target_skip_unavailable': False, 'install_base': '/home/ivan/Webots_YOLOv8/install/soccer_vision_3d_msgs', 'merge_install': False, 'path': '/home/ivan/Webots_YOLOv8/src/soccer_interfaces/soccer_vision_3d_msgs', 'symlink_install': False, 'test_result_base': None}[0m
[0.920s] [34mcolcon.colcon_core.verb[0m [1;30mLevel 5[0m set package 'Webots_YOLOv8' build argument 'cmake_args' from command line to 'None'
[0.920s] [34mcolcon.colcon_core.verb[0m [1;30mLevel 5[0m set package 'Webots_YOLOv8' build argument 'cmake_target' from command line to 'None'
[0.920s] [34mcolcon.colcon_core.verb[0m [1;30mLevel 5[0m set package 'Webots_YOLOv8' build argument 'cmake_target_skip_unavailable' from command line to 'False'
[0.920s] [34mcolcon.colcon_core.verb[0m [1;30mLevel 5[0m set package 'Webots_YOLOv8' build argument 'cmake_clean_cache' from command line to 'False'
[0.920s] [34mcolcon.colcon_core.verb[0m [1;30mLevel 5[0m set package 'Webots_YOLOv8' build argument 'cmake_clean_first' from command line to 'False'
[0.920s] [34mcolcon.colcon_core.verb[0m [1;30mLevel 5[0m set package 'Webots_YOLOv8' build argument 'cmake_force_configure' from command line to 'False'
[0.920s] [34mcolcon.colcon_core.verb[0m [1;30mLevel 5[0m set package 'Webots_YOLOv8' build argument 'ament_cmake_args' from command line to 'None'
[0.920s] [34mcolcon.colcon_core.verb[0m [1;30mLevel 5[0m set package 'Webots_YOLOv8' build argument 'catkin_cmake_args' from command line to 'None'
[0.920s] [34mcolcon.colcon_core.verb[0m [1;30mLevel 5[0m set package 'Webots_YOLOv8' build argument 'catkin_skip_building_tests' from command line to 'False'
[0.920s] [34mcolcon.colcon_core.verb[0m [1;30mDEBUG[0m [32mBuilding package 'Webots_YOLOv8' with the following arguments: {'ament_cmake_args': None, 'build_base': '/home/ivan/Webots_YOLOv8/build/Webots_YOLOv8', 'catkin_cmake_args': None, 'catkin_skip_building_tests': False, 'cmake_args': None, 'cmake_clean_cache': False, 'cmake_clean_first': False, 'cmake_force_configure': False, 'cmake_target': None, 'cmake_target_skip_unavailable': False, 'install_base': '/home/ivan/Webots_YOLOv8/install/Webots_YOLOv8', 'merge_install': False, 'path': '/home/ivan/Webots_YOLOv8/src/Webots_YOLOv8', 'symlink_install': False, 'test_result_base': None}[0m
[0.921s] [34mcolcon.colcon_core.verb[0m [1;30mLevel 5[0m set package 'ipm_image_node' build argument 'cmake_args' from command line to 'None'
[0.921s] [34mcolcon.colcon_core.verb[0m [1;30mLevel 5[0m set package 'ipm_image_node' build argument 'cmake_target' from command line to 'None'
[0.921s] [34mcolcon.colcon_core.verb[0m [1;30mLevel 5[0m set package 'ipm_image_node' build argument 'cmake_target_skip_unavailable' from command line to 'False'
[0.921s] [34mcolcon.colcon_core.verb[0m [1;30mLevel 5[0m set package 'ipm_image_node' build argument 'cmake_clean_cache' from command line to 'False'
[0.921s] [34mcolcon.colcon_core.verb[0m [1;30mLevel 5[0m set package 'ipm_image_node' build argument 'cmake_clean_first' from command line to 'False'
[0.921s] [34mcolcon.colcon_core.verb[0m [1;30mLevel 5[0m set package 'ipm_image_node' build argument 'cmake_force_configure' from command line to 'False'
[0.921s] [34mcolcon.colcon_core.verb[0m [1;30mLevel 5[0m set package 'ipm_image_node' build argument 'ament_cmake_args' from command line to 'None'
[0.921s] [34mcolcon.colcon_core.verb[0m [1;30mLevel 5[0m set package 'ipm_image_node' build argument 'catkin_cmake_args' from command line to 'None'
[0.921s] [34mcolcon.colcon_core.verb[0m [1;30mLevel 5[0m set package 'ipm_image_node' build argument 'catkin_skip_building_tests' from command line to 'False'
[0.921s] [34mcolcon.colcon_core.verb[0m [1;30mDEBUG[0m [32mBuilding package 'ipm_image_node' with the following arguments: {'ament_cmake_args': None, 'build_base': '/home/ivan/Webots_YOLOv8/build/ipm_image_node', 'catkin_cmake_args': None, 'catkin_skip_building_tests': False, 'cmake_args': None, 'cmake_clean_cache': False, 'cmake_clean_first': False, 'cmake_force_configure': False, 'cmake_target': None, 'cmake_target_skip_unavailable': False, 'install_base': '/home/ivan/Webots_YOLOv8/install/ipm_image_node', 'merge_install': False, 'path': '/home/ivan/Webots_YOLOv8/src/ipm/ipm_image_node', 'symlink_install': False, 'test_result_base': None}[0m
[0.921s] [34mcolcon.colcon_core.verb[0m [1;30mLevel 5[0m set package 'ipm_service' build argument 'cmake_args' from command line to 'None'
[0.921s] [34mcolcon.colcon_core.verb[0m [1;30mLevel 5[0m set package 'ipm_service' build argument 'cmake_target' from command line to 'None'
[0.921s] [34mcolcon.colcon_core.verb[0m [1;30mLevel 5[0m set package 'ipm_service' build argument 'cmake_target_skip_unavailable' from command line to 'False'
[0.921s] [34mcolcon.colcon_core.verb[0m [1;30mLevel 5[0m set package 'ipm_service' build argument 'cmake_clean_cache' from command line to 'False'
[0.921s] [34mcolcon.colcon_core.verb[0m [1;30mLevel 5[0m set package 'ipm_service' build argument 'cmake_clean_first' from command line to 'False'
[0.921s] [34mcolcon.colcon_core.verb[0m [1;30mLevel 5[0m set package 'ipm_service' build argument 'cmake_force_configure' from command line to 'False'
[0.921s] [34mcolcon.colcon_core.verb[0m [1;30mLevel 5[0m set package 'ipm_service' build argument 'ament_cmake_args' from command line to 'None'
[0.921s] [34mcolcon.colcon_core.verb[0m [1;30mLevel 5[0m set package 'ipm_service' build argument 'catkin_cmake_args' from command line to 'None'
[0.921s] [34mcolcon.colcon_core.verb[0m [1;30mLevel 5[0m set package 'ipm_service' build argument 'catkin_skip_building_tests' from command line to 'False'
[0.921s] [34mcolcon.colcon_core.verb[0m [1;30mDEBUG[0m [32mBuilding package 'ipm_service' with the following arguments: {'ament_cmake_args': None, 'build_base': '/home/ivan/Webots_YOLOv8/build/ipm_service', 'catkin_cmake_args': None, 'catkin_skip_building_tests': False, 'cmake_args': None, 'cmake_clean_cache': False, 'cmake_clean_first': False, 'cmake_force_configure': False, 'cmake_target': None, 'cmake_target_skip_unavailable': False, 'install_base': '/home/ivan/Webots_YOLOv8/install/ipm_service', 'merge_install': False, 'path': '/home/ivan/Webots_YOLOv8/src/ipm/ipm_service', 'symlink_install': False, 'test_result_base': None}[0m
[0.922s] [34mcolcon.colcon_core.verb[0m [1;30mLevel 5[0m set package 'soccer_interfaces' build argument 'cmake_args' from command line to 'None'
[0.922s] [34mcolcon.colcon_core.verb[0m [1;30mLevel 5[0m set package 'soccer_interfaces' build argument 'cmake_target' from command line to 'None'
[0.922s] [34mcolcon.colcon_core.verb[0m [1;30mLevel 5[0m set package 'soccer_interfaces' build argument 'cmake_target_skip_unavailable' from command line to 'False'
[0.922s] [34mcolcon.colcon_core.verb[0m [1;30mLevel 5[0m set package 'soccer_interfaces' build argument 'cmake_clean_cache' from command line to 'False'
[0.922s] [34mcolcon.colcon_core.verb[0m [1;30mLevel 5[0m set package 'soccer_interfaces' build argument 'cmake_clean_first' from command line to 'False'
[0.922s] [34mcolcon.colcon_core.verb[0m [1;30mLevel 5[0m set package 'soccer_interfaces' build argument 'cmake_force_configure' from command line to 'False'
[0.922s] [34mcolcon.colcon_core.verb[0m [1;30mLevel 5[0m set package 'soccer_interfaces' build argument 'ament_cmake_args' from command line to 'None'
[0.922s] [34mcolcon.colcon_core.verb[0m [1;30mLevel 5[0m set package 'soccer_interfaces' build argument 'catkin_cmake_args' from command line to 'None'
[0.922s] [34mcolcon.colcon_core.verb[0m [1;30mLevel 5[0m set package 'soccer_interfaces' build argument 'catkin_skip_building_tests' from command line to 'False'
[0.922s] [34mcolcon.colcon_core.verb[0m [1;30mDEBUG[0m [32mBuilding package 'soccer_interfaces' with the following arguments: {'ament_cmake_args': None, 'build_base': '/home/ivan/Webots_YOLOv8/build/soccer_interfaces', 'catkin_cmake_args': None, 'catkin_skip_building_tests': False, 'cmake_args': None, 'cmake_clean_cache': False, 'cmake_clean_first': False, 'cmake_force_configure': False, 'cmake_target': None, 'cmake_target_skip_unavailable': False, 'install_base': '/home/ivan/Webots_YOLOv8/install/soccer_interfaces', 'merge_install': False, 'path': '/home/ivan/Webots_YOLOv8/src/soccer_interfaces/soccer_interfaces', 'symlink_install': False, 'test_result_base': None}[0m
[0.922s] [34mcolcon.colcon_core.verb[0m [1;30mLevel 5[0m set package 'soccer_ipm' build argument 'cmake_args' from command line to 'None'
[0.922s] [34mcolcon.colcon_core.verb[0m [1;30mLevel 5[0m set package 'soccer_ipm' build argument 'cmake_target' from command line to 'None'
[0.922s] [34mcolcon.colcon_core.verb[0m [1;30mLevel 5[0m set package 'soccer_ipm' build argument 'cmake_target_skip_unavailable' from command line to 'False'
[0.922s] [34mcolcon.colcon_core.verb[0m [1;30mLevel 5[0m set package 'soccer_ipm' build argument 'cmake_clean_cache' from command line to 'False'
[0.922s] [34mcolcon.colcon_core.verb[0m [1;30mLevel 5[0m set package 'soccer_ipm' build argument 'cmake_clean_first' from command line to 'False'
[0.922s] [34mcolcon.colcon_core.verb[0m [1;30mLevel 5[0m set package 'soccer_ipm' build argument 'cmake_force_configure' from command line to 'False'
[0.922s] [34mcolcon.colcon_core.verb[0m [1;30mLevel 5[0m set package 'soccer_ipm' build argument 'ament_cmake_args' from command line to 'None'
[0.922s] [34mcolcon.colcon_core.verb[0m [1;30mLevel 5[0m set package 'soccer_ipm' build argument 'catkin_cmake_args' from command line to 'None'
[0.922s] [34mcolcon.colcon_core.verb[0m [1;30mLevel 5[0m set package 'soccer_ipm' build argument 'catkin_skip_building_tests' from command line to 'False'
[0.922s] [34mcolcon.colcon_core.verb[0m [1;30mDEBUG[0m [32mBuilding package 'soccer_ipm' with the following arguments: {'ament_cmake_args': None, 'build_base': '/home/ivan/Webots_YOLOv8/build/soccer_ipm', 'catkin_cmake_args': None, 'catkin_skip_building_tests': False, 'cmake_args': None, 'cmake_clean_cache': False, 'cmake_clean_first': False, 'cmake_force_configure': False, 'cmake_target': None, 'cmake_target_skip_unavailable': False, 'install_base': '/home/ivan/Webots_YOLOv8/install/soccer_ipm', 'merge_install': False, 'path': '/home/ivan/Webots_YOLOv8/src/soccer_ipm/soccer_ipm', 'symlink_install': False, 'test_result_base': None}[0m
[0.922s] [34mcolcon.colcon_core.executor[0m [1;30mINFO[0m Executing jobs using 'parallel' executor
[0.924s] [34mcolcon.colcon_parallel_executor.executor.parallel[0m [1;30mDEBUG[0m [32mrun_until_complete[0m
[0.924s] [34mcolcon.colcon_ros.task.ament_cmake.build[0m [1;30mINFO[0m Building ROS package in '/home/ivan/Webots_YOLOv8/src/soccer_interfaces/soccer_vision_attribute_msgs' with build type 'ament_cmake'
[0.924s] [34mcolcon.colcon_cmake.task.cmake.build[0m [1;30mINFO[0m Building CMake package in '/home/ivan/Webots_YOLOv8/src/soccer_interfaces/soccer_vision_attribute_msgs'
[0.928s] [34mcolcon.colcon_core.plugin_system[0m [1;30mINFO[0m Skipping extension 'colcon_core.shell.bat': Not used on non-Windows systems
[0.928s] [34mcolcon.colcon_core.shell[0m [1;30mINFO[0m Skip shell extension 'powershell' for command environment: Not usable outside of PowerShell
[0.928s] [34mcolcon.colcon_core.shell[0m [1;30mDEBUG[0m [32mSkip shell extension 'dsv' for command environment[0m
[0.935s] [34mcolcon.colcon_ros.task.ament_cmake.build[0m [1;30mINFO[0m Building ROS package in '/home/ivan/Webots_YOLOv8/src/ipm/ipm_interfaces' with build type 'ament_cmake'
[0.935s] [34mcolcon.colcon_cmake.task.cmake.build[0m [1;30mINFO[0m Building CMake package in '/home/ivan/Webots_YOLOv8/src/ipm/ipm_interfaces'
[0.935s] [34mcolcon.colcon_core.shell[0m [1;30mINFO[0m Skip shell extension 'powershell' for command environment: Not usable outside of PowerShell
[0.935s] [34mcolcon.colcon_core.shell[0m [1;30mDEBUG[0m [32mSkip shell extension 'dsv' for command environment[0m
[0.941s] [34mcolcon.colcon_ros.task.ament_cmake.build[0m [1;30mINFO[0m Building ROS package in '/home/ivan/Webots_YOLOv8/src/soccer_interfaces/soccer_geometry_msgs' with build type 'ament_cmake'
[0.941s] [34mcolcon.colcon_cmake.task.cmake.build[0m [1;30mINFO[0m Building CMake package in '/home/ivan/Webots_YOLOv8/src/soccer_interfaces/soccer_geometry_msgs'
[0.941s] [34mcolcon.colcon_core.shell[0m [1;30mINFO[0m Skip shell extension 'powershell' for command environment: Not usable outside of PowerShell
[0.941s] [34mcolcon.colcon_core.shell[0m [1;30mDEBUG[0m [32mSkip shell extension 'dsv' for command environment[0m
[0.947s] [34mcolcon.colcon_ros.task.ament_python.build[0m [1;30mINFO[0m Building ROS package in '/home/ivan/Webots_YOLOv8/src/my_package' with build type 'ament_python'
[0.947s] [34mcolcon.colcon_core.shell[0m [1;30mLevel 1[0m create_environment_hook('my_package', 'ament_prefix_path')
[0.948s] [34mcolcon.colcon_core.shell[0m [1;30mINFO[0m Creating environment hook '/home/ivan/Webots_YOLOv8/install/my_package/share/my_package/hook/ament_prefix_path.ps1'
[0.949s] [34mcolcon.colcon_core.shell[0m [1;30mINFO[0m Creating environment descriptor '/home/ivan/Webots_YOLOv8/install/my_package/share/my_package/hook/ament_prefix_path.dsv'
[0.951s] [34mcolcon.colcon_core.shell[0m [1;30mINFO[0m Creating environment hook '/home/ivan/Webots_YOLOv8/install/my_package/share/my_package/hook/ament_prefix_path.sh'
[0.952s] [34mcolcon.colcon_core.shell[0m [1;30mINFO[0m Skip shell extension 'powershell' for command environment: Not usable outside of PowerShell
[0.953s] [34mcolcon.colcon_core.shell[0m [1;30mDEBUG[0m [32mSkip shell extension 'dsv' for command environment[0m
[0.966s] [34mcolcon.colcon_core.event_handler.log_command[0m [1;30mDEBUG[0m [32mInvoking command in '/home/ivan/Webots_YOLOv8/build/soccer_vision_attribute_msgs': CMAKE_PREFIX_PATH=${CMAKE_PREFIX_PATH}:/home/ivan/Webots_YOLOv8/install/soccer_ipm:/home/ivan/Webots_YOLOv8/install/Webots_YOLOv8:/home/ivan/Webots_YOLOv8/install/my_package:/home/ivan/Webots_YOLOv8/install/ipm_service:/home/ivan/Webots_YOLOv8/install/ipm_image_node:/home/ivan/Webots_YOLOv8/install/ipm_library:/home/ivan/ros2_ws/install/object_finder_onnx:/home/ivan/ros2_ws/install/object_finder:/home/ivan/ros2_ws/install/my_package:/home/ivan/ros2_ws/install/Webots_YOLOv8:/opt/ros/humble /usr/bin/cmake --build /home/ivan/Webots_YOLOv8/build/soccer_vision_attribute_msgs -- -j12 -l12[0m
[0.972s] [34mcolcon.colcon_core.event_handler.log_command[0m [1;30mDEBUG[0m [32mInvoking command in '/home/ivan/Webots_YOLOv8/build/ipm_interfaces': CMAKE_PREFIX_PATH=${CMAKE_PREFIX_PATH}:/home/ivan/Webots_YOLOv8/install/soccer_ipm:/home/ivan/Webots_YOLOv8/install/Webots_YOLOv8:/home/ivan/Webots_YOLOv8/install/my_package:/home/ivan/Webots_YOLOv8/install/ipm_service:/home/ivan/Webots_YOLOv8/install/ipm_image_node:/home/ivan/Webots_YOLOv8/install/ipm_library:/home/ivan/ros2_ws/install/object_finder_onnx:/home/ivan/ros2_ws/install/object_finder:/home/ivan/ros2_ws/install/my_package:/home/ivan/ros2_ws/install/Webots_YOLOv8:/opt/ros/humble /usr/bin/cmake --build /home/ivan/Webots_YOLOv8/build/ipm_interfaces -- -j12 -l12[0m
[0.976s] [34mcolcon.colcon_core.event_handler.log_command[0m [1;30mDEBUG[0m [32mInvoking command in '/home/ivan/Webots_YOLOv8/build/soccer_geometry_msgs': CMAKE_PREFIX_PATH=${CMAKE_PREFIX_PATH}:/home/ivan/Webots_YOLOv8/install/soccer_ipm:/home/ivan/Webots_YOLOv8/install/Webots_YOLOv8:/home/ivan/Webots_YOLOv8/install/my_package:/home/ivan/Webots_YOLOv8/install/ipm_service:/home/ivan/Webots_YOLOv8/install/ipm_image_node:/home/ivan/Webots_YOLOv8/install/ipm_library:/home/ivan/ros2_ws/install/object_finder_onnx:/home/ivan/ros2_ws/install/object_finder:/home/ivan/ros2_ws/install/my_package:/home/ivan/ros2_ws/install/Webots_YOLOv8:/opt/ros/humble /usr/bin/cmake --build /home/ivan/Webots_YOLOv8/build/soccer_geometry_msgs -- -j12 -l12[0m
[1.342s] [34mcolcon.colcon_core.task.python.build[0m [1;30mINFO[0m Building Python package in '/home/ivan/Webots_YOLOv8/src/my_package'
[1.343s] [34mcolcon.colcon_core.shell[0m [1;30mINFO[0m Skip shell extension 'powershell' for command environment: Not usable outside of PowerShell
[1.343s] [34mcolcon.colcon_core.shell[0m [1;30mDEBUG[0m [32mSkip shell extension 'dsv' for command environment[0m
[1.592s] [34mcolcon.colcon_core.event_handler.log_command[0m [1;30mDEBUG[0m [32mInvoked command in '/home/ivan/Webots_YOLOv8/build/soccer_geometry_msgs' returned '0': CMAKE_PREFIX_PATH=${CMAKE_PREFIX_PATH}:/home/ivan/Webots_YOLOv8/install/soccer_ipm:/home/ivan/Webots_YOLOv8/install/Webots_YOLOv8:/home/ivan/Webots_YOLOv8/install/my_package:/home/ivan/Webots_YOLOv8/install/ipm_service:/home/ivan/Webots_YOLOv8/install/ipm_image_node:/home/ivan/Webots_YOLOv8/install/ipm_library:/home/ivan/ros2_ws/install/object_finder_onnx:/home/ivan/ros2_ws/install/object_finder:/home/ivan/ros2_ws/install/my_package:/home/ivan/ros2_ws/install/Webots_YOLOv8:/opt/ros/humble /usr/bin/cmake --build /home/ivan/Webots_YOLOv8/build/soccer_geometry_msgs -- -j12 -l12[0m
[1.606s] [34mcolcon.colcon_core.event_handler.log_command[0m [1;30mDEBUG[0m [32mInvoking command in '/home/ivan/Webots_YOLOv8/build/soccer_geometry_msgs': CMAKE_PREFIX_PATH=${CMAKE_PREFIX_PATH}:/home/ivan/Webots_YOLOv8/install/soccer_ipm:/home/ivan/Webots_YOLOv8/install/Webots_YOLOv8:/home/ivan/Webots_YOLOv8/install/my_package:/home/ivan/Webots_YOLOv8/install/ipm_service:/home/ivan/Webots_YOLOv8/install/ipm_image_node:/home/ivan/Webots_YOLOv8/install/ipm_library:/home/ivan/ros2_ws/install/object_finder_onnx:/home/ivan/ros2_ws/install/object_finder:/home/ivan/ros2_ws/install/my_package:/home/ivan/ros2_ws/install/Webots_YOLOv8:/opt/ros/humble /usr/bin/cmake --install /home/ivan/Webots_YOLOv8/build/soccer_geometry_msgs[0m
[1.608s] [34mcolcon.colcon_core.event_handler.log_command[0m [1;30mDEBUG[0m [32mInvoked command in '/home/ivan/Webots_YOLOv8/build/soccer_vision_attribute_msgs' returned '0': CMAKE_PREFIX_PATH=${CMAKE_PREFIX_PATH}:/home/ivan/Webots_YOLOv8/install/soccer_ipm:/home/ivan/Webots_YOLOv8/install/Webots_YOLOv8:/home/ivan/Webots_YOLOv8/install/my_package:/home/ivan/Webots_YOLOv8/install/ipm_service:/home/ivan/Webots_YOLOv8/install/ipm_image_node:/home/ivan/Webots_YOLOv8/install/ipm_library:/home/ivan/ros2_ws/install/object_finder_onnx:/home/ivan/ros2_ws/install/object_finder:/home/ivan/ros2_ws/install/my_package:/home/ivan/ros2_ws/install/Webots_YOLOv8:/opt/ros/humble /usr/bin/cmake --build /home/ivan/Webots_YOLOv8/build/soccer_vision_attribute_msgs -- -j12 -l12[0m
[1.610s] [34mcolcon.colcon_core.event_handler.log_command[0m [1;30mDEBUG[0m [32mInvoking command in '/home/ivan/Webots_YOLOv8/build/soccer_vision_attribute_msgs': CMAKE_PREFIX_PATH=${CMAKE_PREFIX_PATH}:/home/ivan/Webots_YOLOv8/install/soccer_ipm:/home/ivan/Webots_YOLOv8/install/Webots_YOLOv8:/home/ivan/Webots_YOLOv8/install/my_package:/home/ivan/Webots_YOLOv8/install/ipm_service:/home/ivan/Webots_YOLOv8/install/ipm_image_node:/home/ivan/Webots_YOLOv8/install/ipm_library:/home/ivan/ros2_ws/install/object_finder_onnx:/home/ivan/ros2_ws/install/object_finder:/home/ivan/ros2_ws/install/my_package:/home/ivan/ros2_ws/install/Webots_YOLOv8:/opt/ros/humble /usr/bin/cmake --install /home/ivan/Webots_YOLOv8/build/soccer_vision_attribute_msgs[0m
[1.643s] [34mcolcon.colcon_core.event_handler.log_command[0m [1;30mDEBUG[0m [32mInvoked command in '/home/ivan/Webots_YOLOv8/build/ipm_interfaces' returned '0': CMAKE_PREFIX_PATH=${CMAKE_PREFIX_PATH}:/home/ivan/Webots_YOLOv8/install/soccer_ipm:/home/ivan/Webots_YOLOv8/install/Webots_YOLOv8:/home/ivan/Webots_YOLOv8/install/my_package:/home/ivan/Webots_YOLOv8/install/ipm_service:/home/ivan/Webots_YOLOv8/install/ipm_image_node:/home/ivan/Webots_YOLOv8/install/ipm_library:/home/ivan/ros2_ws/install/object_finder_onnx:/home/ivan/ros2_ws/install/object_finder:/home/ivan/ros2_ws/install/my_package:/home/ivan/ros2_ws/install/Webots_YOLOv8:/opt/ros/humble /usr/bin/cmake --build /home/ivan/Webots_YOLOv8/build/ipm_interfaces -- -j12 -l12[0m
[1.646s] [34mcolcon.colcon_core.event_handler.log_command[0m [1;30mDEBUG[0m [32mInvoking command in '/home/ivan/Webots_YOLOv8/build/ipm_interfaces': CMAKE_PREFIX_PATH=${CMAKE_PREFIX_PATH}:/home/ivan/Webots_YOLOv8/install/soccer_ipm:/home/ivan/Webots_YOLOv8/install/Webots_YOLOv8:/home/ivan/Webots_YOLOv8/install/my_package:/home/ivan/Webots_YOLOv8/install/ipm_service:/home/ivan/Webots_YOLOv8/install/ipm_image_node:/home/ivan/Webots_YOLOv8/install/ipm_library:/home/ivan/ros2_ws/install/object_finder_onnx:/home/ivan/ros2_ws/install/object_finder:/home/ivan/ros2_ws/install/my_package:/home/ivan/ros2_ws/install/Webots_YOLOv8:/opt/ros/humble /usr/bin/cmake --install /home/ivan/Webots_YOLOv8/build/ipm_interfaces[0m
[1.694s] [34mcolcon.colcon_core.environment[0m [1;30mLevel 1[0m create_environment_scripts_only(soccer_geometry_msgs)
[1.695s] [34mcolcon.colcon_core.event_handler.log_command[0m [1;30mDEBUG[0m [32mInvoked command in '/home/ivan/Webots_YOLOv8/build/soccer_geometry_msgs' returned '0': CMAKE_PREFIX_PATH=${CMAKE_PREFIX_PATH}:/home/ivan/Webots_YOLOv8/install/soccer_ipm:/home/ivan/Webots_YOLOv8/install/Webots_YOLOv8:/home/ivan/Webots_YOLOv8/install/my_package:/home/ivan/Webots_YOLOv8/install/ipm_service:/home/ivan/Webots_YOLOv8/install/ipm_image_node:/home/ivan/Webots_YOLOv8/install/ipm_library:/home/ivan/ros2_ws/install/object_finder_onnx:/home/ivan/ros2_ws/install/object_finder:/home/ivan/ros2_ws/install/my_package:/home/ivan/ros2_ws/install/Webots_YOLOv8:/opt/ros/humble /usr/bin/cmake --install /home/ivan/Webots_YOLOv8/build/soccer_geometry_msgs[0m
[1.704s] [34mcolcon.colcon_core.environment[0m [1;30mLevel 1[0m checking '/home/ivan/Webots_YOLOv8/install/soccer_geometry_msgs' for CMake module files
[1.705s] [34mcolcon.colcon_core.environment[0m [1;30mLevel 1[0m checking '/home/ivan/Webots_YOLOv8/install/soccer_geometry_msgs' for CMake config files
[1.706s] [34mcolcon.colcon_core.shell[0m [1;30mLevel 1[0m create_environment_hook('soccer_geometry_msgs', 'cmake_prefix_path')
[1.706s] [34mcolcon.colcon_core.shell[0m [1;30mINFO[0m Creating environment hook '/home/ivan/Webots_YOLOv8/install/soccer_geometry_msgs/share/soccer_geometry_msgs/hook/cmake_prefix_path.ps1'
[1.706s] [34mcolcon.colcon_core.shell[0m [1;30mINFO[0m Creating environment descriptor '/home/ivan/Webots_YOLOv8/install/soccer_geometry_msgs/share/soccer_geometry_msgs/hook/cmake_prefix_path.dsv'
[1.707s] [34mcolcon.colcon_core.shell[0m [1;30mINFO[0m Creating environment hook '/home/ivan/Webots_YOLOv8/install/soccer_geometry_msgs/share/soccer_geometry_msgs/hook/cmake_prefix_path.sh'
[1.707s] [34mcolcon.colcon_core.environment[0m [1;30mLevel 1[0m checking '/home/ivan/Webots_YOLOv8/install/soccer_geometry_msgs/lib'
[1.708s] [34mcolcon.colcon_core.shell[0m [1;30mLevel 1[0m create_environment_hook('soccer_geometry_msgs', 'ld_library_path_lib')
[1.708s] [34mcolcon.colcon_core.shell[0m [1;30mINFO[0m Creating environment hook '/home/ivan/Webots_YOLOv8/install/soccer_geometry_msgs/share/soccer_geometry_msgs/hook/ld_library_path_lib.ps1'
[1.709s] [34mcolcon.colcon_core.shell[0m [1;30mINFO[0m Creating environment descriptor '/home/ivan/Webots_YOLOv8/install/soccer_geometry_msgs/share/soccer_geometry_msgs/hook/ld_library_path_lib.dsv'
[1.709s] [34mcolcon.colcon_core.shell[0m [1;30mINFO[0m Creating environment hook '/home/ivan/Webots_YOLOv8/install/soccer_geometry_msgs/share/soccer_geometry_msgs/hook/ld_library_path_lib.sh'
[1.710s] [34mcolcon.colcon_core.environment[0m [1;30mLevel 1[0m checking '/home/ivan/Webots_YOLOv8/install/soccer_geometry_msgs/bin'
[1.710s] [34mcolcon.colcon_core.environment[0m [1;30mLevel 1[0m checking '/home/ivan/Webots_YOLOv8/install/soccer_geometry_msgs/lib/pkgconfig/soccer_geometry_msgs.pc'
[1.710s] [34mcolcon.colcon_core.environment[0m [1;30mLevel 1[0m checking '/home/ivan/Webots_YOLOv8/install/soccer_geometry_msgs/lib/python3.10/site-packages'
[1.710s] [34mcolcon.colcon_core.environment[0m [1;30mLevel 1[0m checking '/home/ivan/Webots_YOLOv8/install/soccer_geometry_msgs/bin'
[1.710s] [34mcolcon.colcon_core.shell[0m [1;30mINFO[0m Creating package script '/home/ivan/Webots_YOLOv8/install/soccer_geometry_msgs/share/soccer_geometry_msgs/package.ps1'
[1.712s] [34mcolcon.colcon_core.shell[0m [1;30mINFO[0m Creating package descriptor '/home/ivan/Webots_YOLOv8/install/soccer_geometry_msgs/share/soccer_geometry_msgs/package.dsv'
[1.713s] [34mcolcon.colcon_core.shell[0m [1;30mINFO[0m Creating package script '/home/ivan/Webots_YOLOv8/install/soccer_geometry_msgs/share/soccer_geometry_msgs/package.sh'
[1.714s] [34mcolcon.colcon_core.shell[0m [1;30mINFO[0m Creating package script '/home/ivan/Webots_YOLOv8/install/soccer_geometry_msgs/share/soccer_geometry_msgs/package.bash'
[1.716s] [34mcolcon.colcon_core.shell[0m [1;30mINFO[0m Creating package script '/home/ivan/Webots_YOLOv8/install/soccer_geometry_msgs/share/soccer_geometry_msgs/package.zsh'
[1.717s] [34mcolcon.colcon_core.environment[0m [1;30mLevel 1[0m create_file_with_runtime_dependencies(/home/ivan/Webots_YOLOv8/install/soccer_geometry_msgs/share/colcon-core/packages/soccer_geometry_msgs)
[1.718s] [34mcolcon.colcon_core.environment[0m [1;30mLevel 1[0m create_environment_scripts_only(soccer_geometry_msgs)
[1.718s] [34mcolcon.colcon_core.environment[0m [1;30mLevel 1[0m checking '/home/ivan/Webots_YOLOv8/install/soccer_geometry_msgs' for CMake module files
[1.719s] [34mcolcon.colcon_core.environment[0m [1;30mLevel 1[0m checking '/home/ivan/Webots_YOLOv8/install/soccer_geometry_msgs' for CMake config files
[1.720s] [34mcolcon.colcon_core.shell[0m [1;30mLevel 1[0m create_environment_hook('soccer_geometry_msgs', 'cmake_prefix_path')
[1.720s] [34mcolcon.colcon_core.shell[0m [1;30mINFO[0m Creating environment hook '/home/ivan/Webots_YOLOv8/install/soccer_geometry_msgs/share/soccer_geometry_msgs/hook/cmake_prefix_path.ps1'
[1.720s] [34mcolcon.colcon_core.shell[0m [1;30mINFO[0m Creating environment descriptor '/home/ivan/Webots_YOLOv8/install/soccer_geometry_msgs/share/soccer_geometry_msgs/hook/cmake_prefix_path.dsv'
[1.721s] [34mcolcon.colcon_core.shell[0m [1;30mINFO[0m Creating environment hook '/home/ivan/Webots_YOLOv8/install/soccer_geometry_msgs/share/soccer_geometry_msgs/hook/cmake_prefix_path.sh'
[1.721s] [34mcolcon.colcon_core.environment[0m [1;30mLevel 1[0m checking '/home/ivan/Webots_YOLOv8/install/soccer_geometry_msgs/lib'
[1.722s] [34mcolcon.colcon_core.shell[0m [1;30mLevel 1[0m create_environment_hook('soccer_geometry_msgs', 'ld_library_path_lib')
[1.722s] [34mcolcon.colcon_core.shell[0m [1;30mINFO[0m Creating environment hook '/home/ivan/Webots_YOLOv8/install/soccer_geometry_msgs/share/soccer_geometry_msgs/hook/ld_library_path_lib.ps1'
[1.723s] [34mcolcon.colcon_core.shell[0m [1;30mINFO[0m Creating environment descriptor '/home/ivan/Webots_YOLOv8/install/soccer_geometry_msgs/share/soccer_geometry_msgs/hook/ld_library_path_lib.dsv'
[1.723s] [34mcolcon.colcon_core.shell[0m [1;30mINFO[0m Creating environment hook '/home/ivan/Webots_YOLOv8/install/soccer_geometry_msgs/share/soccer_geometry_msgs/hook/ld_library_path_lib.sh'
[1.724s] [34mcolcon.colcon_core.environment[0m [1;30mLevel 1[0m checking '/home/ivan/Webots_YOLOv8/install/soccer_geometry_msgs/bin'
[1.724s] [34mcolcon.colcon_core.environment[0m [1;30mLevel 1[0m checking '/home/ivan/Webots_YOLOv8/install/soccer_geometry_msgs/lib/pkgconfig/soccer_geometry_msgs.pc'
[1.725s] [34mcolcon.colcon_core.environment[0m [1;30mLevel 1[0m checking '/home/ivan/Webots_YOLOv8/install/soccer_geometry_msgs/lib/python3.10/site-packages'
[1.725s] [34mcolcon.colcon_core.environment[0m [1;30mLevel 1[0m checking '/home/ivan/Webots_YOLOv8/install/soccer_geometry_msgs/bin'
[1.726s] [34mcolcon.colcon_core.shell[0m [1;30mINFO[0m Creating package script '/home/ivan/Webots_YOLOv8/install/soccer_geometry_msgs/share/soccer_geometry_msgs/package.ps1'
[1.728s] [34mcolcon.colcon_core.shell[0m [1;30mINFO[0m Creating package descriptor '/home/ivan/Webots_YOLOv8/install/soccer_geometry_msgs/share/soccer_geometry_msgs/package.dsv'
[1.730s] [34mcolcon.colcon_core.shell[0m [1;30mINFO[0m Creating package script '/home/ivan/Webots_YOLOv8/install/soccer_geometry_msgs/share/soccer_geometry_msgs/package.sh'
[1.730s] [34mcolcon.colcon_core.shell[0m [1;30mINFO[0m Creating package script '/home/ivan/Webots_YOLOv8/install/soccer_geometry_msgs/share/soccer_geometry_msgs/package.bash'
[1.731s] [34mcolcon.colcon_core.shell[0m [1;30mINFO[0m Creating package script '/home/ivan/Webots_YOLOv8/install/soccer_geometry_msgs/share/soccer_geometry_msgs/package.zsh'
[1.732s] [34mcolcon.colcon_core.environment[0m [1;30mLevel 1[0m create_file_with_runtime_dependencies(/home/ivan/Webots_YOLOv8/install/soccer_geometry_msgs/share/colcon-core/packages/soccer_geometry_msgs)
[1.734s] [34mcolcon.colcon_core.environment[0m [1;30mLevel 1[0m create_environment_scripts_only(soccer_vision_attribute_msgs)
[1.734s] [34mcolcon.colcon_core.event_handler.log_command[0m [1;30mDEBUG[0m [32mInvoked command in '/home/ivan/Webots_YOLOv8/build/soccer_vision_attribute_msgs' returned '0': CMAKE_PREFIX_PATH=${CMAKE_PREFIX_PATH}:/home/ivan/Webots_YOLOv8/install/soccer_ipm:/home/ivan/Webots_YOLOv8/install/Webots_YOLOv8:/home/ivan/Webots_YOLOv8/install/my_package:/home/ivan/Webots_YOLOv8/install/ipm_service:/home/ivan/Webots_YOLOv8/install/ipm_image_node:/home/ivan/Webots_YOLOv8/install/ipm_library:/home/ivan/ros2_ws/install/object_finder_onnx:/home/ivan/ros2_ws/install/object_finder:/home/ivan/ros2_ws/install/my_package:/home/ivan/ros2_ws/install/Webots_YOLOv8:/opt/ros/humble /usr/bin/cmake --install /home/ivan/Webots_YOLOv8/build/soccer_vision_attribute_msgs[0m
[1.734s] [34mcolcon.colcon_core.environment[0m [1;30mLevel 1[0m checking '/home/ivan/Webots_YOLOv8/install/soccer_vision_attribute_msgs' for CMake module files
[1.737s] [34mcolcon.colcon_core.environment[0m [1;30mLevel 1[0m checking '/home/ivan/Webots_YOLOv8/install/soccer_vision_attribute_msgs' for CMake config files
[1.739s] [34mcolcon.colcon_core.shell[0m [1;30mLevel 1[0m create_environment_hook('soccer_vision_attribute_msgs', 'cmake_prefix_path')
[1.739s] [34mcolcon.colcon_core.shell[0m [1;30mINFO[0m Creating environment hook '/home/ivan/Webots_YOLOv8/install/soccer_vision_attribute_msgs/share/soccer_vision_attribute_msgs/hook/cmake_prefix_path.ps1'
[1.740s] [34mcolcon.colcon_core.shell[0m [1;30mINFO[0m Creating environment descriptor '/home/ivan/Webots_YOLOv8/install/soccer_vision_attribute_msgs/share/soccer_vision_attribute_msgs/hook/cmake_prefix_path.dsv'
[1.740s] [34mcolcon.colcon_core.shell[0m [1;30mINFO[0m Creating environment hook '/home/ivan/Webots_YOLOv8/install/soccer_vision_attribute_msgs/share/soccer_vision_attribute_msgs/hook/cmake_prefix_path.sh'
[1.740s] [34mcolcon.colcon_core.environment[0m [1;30mLevel 1[0m checking '/home/ivan/Webots_YOLOv8/install/soccer_vision_attribute_msgs/lib'
[1.741s] [34mcolcon.colcon_core.shell[0m [1;30mLevel 1[0m create_environment_hook('soccer_vision_attribute_msgs', 'ld_library_path_lib')
[1.741s] [34mcolcon.colcon_core.shell[0m [1;30mINFO[0m Creating environment hook '/home/ivan/Webots_YOLOv8/install/soccer_vision_attribute_msgs/share/soccer_vision_attribute_msgs/hook/ld_library_path_lib.ps1'
[1.741s] [34mcolcon.colcon_core.shell[0m [1;30mINFO[0m Creating environment descriptor '/home/ivan/Webots_YOLOv8/install/soccer_vision_attribute_msgs/share/soccer_vision_attribute_msgs/hook/ld_library_path_lib.dsv'
[1.741s] [34mcolcon.colcon_core.shell[0m [1;30mINFO[0m Creating environment hook '/home/ivan/Webots_YOLOv8/install/soccer_vision_attribute_msgs/share/soccer_vision_attribute_msgs/hook/ld_library_path_lib.sh'
[1.742s] [34mcolcon.colcon_core.environment[0m [1;30mLevel 1[0m checking '/home/ivan/Webots_YOLOv8/install/soccer_vision_attribute_msgs/bin'
[1.742s] [34mcolcon.colcon_core.environment[0m [1;30mLevel 1[0m checking '/home/ivan/Webots_YOLOv8/install/soccer_vision_attribute_msgs/lib/pkgconfig/soccer_vision_attribute_msgs.pc'
[1.742s] [34mcolcon.colcon_core.environment[0m [1;30mLevel 1[0m checking '/home/ivan/Webots_YOLOv8/install/soccer_vision_attribute_msgs/lib/python3.10/site-packages'
[1.742s] [34mcolcon.colcon_core.environment[0m [1;30mLevel 1[0m checking '/home/ivan/Webots_YOLOv8/install/soccer_vision_attribute_msgs/bin'
[1.742s] [34mcolcon.colcon_core.shell[0m [1;30mINFO[0m Creating package script '/home/ivan/Webots_YOLOv8/install/soccer_vision_attribute_msgs/share/soccer_vision_attribute_msgs/package.ps1'
[1.743s] [34mcolcon.colcon_core.shell[0m [1;30mINFO[0m Creating package descriptor '/home/ivan/Webots_YOLOv8/install/soccer_vision_attribute_msgs/share/soccer_vision_attribute_msgs/package.dsv'
[1.743s] [34mcolcon.colcon_core.shell[0m [1;30mINFO[0m Creating package script '/home/ivan/Webots_YOLOv8/install/soccer_vision_attribute_msgs/share/soccer_vision_attribute_msgs/package.sh'
[1.744s] [34mcolcon.colcon_core.shell[0m [1;30mINFO[0m Creating package script '/home/ivan/Webots_YOLOv8/install/soccer_vision_attribute_msgs/share/soccer_vision_attribute_msgs/package.bash'
[1.744s] [34mcolcon.colcon_core.shell[0m [1;30mINFO[0m Creating package script '/home/ivan/Webots_YOLOv8/install/soccer_vision_attribute_msgs/share/soccer_vision_attribute_msgs/package.zsh'
[1.744s] [34mcolcon.colcon_core.environment[0m [1;30mLevel 1[0m create_file_with_runtime_dependencies(/home/ivan/Webots_YOLOv8/install/soccer_vision_attribute_msgs/share/colcon-core/packages/soccer_vision_attribute_msgs)
[1.745s] [34mcolcon.colcon_core.environment[0m [1;30mLevel 1[0m create_environment_scripts_only(soccer_vision_attribute_msgs)
[1.745s] [34mcolcon.colcon_core.environment[0m [1;30mLevel 1[0m checking '/home/ivan/Webots_YOLOv8/install/soccer_vision_attribute_msgs' for CMake module files
[1.745s] [34mcolcon.colcon_core.environment[0m [1;30mLevel 1[0m checking '/home/ivan/Webots_YOLOv8/install/soccer_vision_attribute_msgs' for CMake config files
[1.746s] [34mcolcon.colcon_core.shell[0m [1;30mLevel 1[0m create_environment_hook('soccer_vision_attribute_msgs', 'cmake_prefix_path')
[1.746s] [34mcolcon.colcon_core.shell[0m [1;30mINFO[0m Creating environment hook '/home/ivan/Webots_YOLOv8/install/soccer_vision_attribute_msgs/share/soccer_vision_attribute_msgs/hook/cmake_prefix_path.ps1'
[1.747s] [34mcolcon.colcon_core.shell[0m [1;30mINFO[0m Creating environment descriptor '/home/ivan/Webots_YOLOv8/install/soccer_vision_attribute_msgs/share/soccer_vision_attribute_msgs/hook/cmake_prefix_path.dsv'
[1.747s] [34mcolcon.colcon_core.shell[0m [1;30mINFO[0m Creating environment hook '/home/ivan/Webots_YOLOv8/install/soccer_vision_attribute_msgs/share/soccer_vision_attribute_msgs/hook/cmake_prefix_path.sh'
[1.747s] [34mcolcon.colcon_core.environment[0m [1;30mLevel 1[0m checking '/home/ivan/Webots_YOLOv8/install/soccer_vision_attribute_msgs/lib'
[1.747s] [34mcolcon.colcon_core.shell[0m [1;30mLevel 1[0m create_environment_hook('soccer_vision_attribute_msgs', 'ld_library_path_lib')
[1.748s] [34mcolcon.colcon_core.shell[0m [1;30mINFO[0m Creating environment hook '/home/ivan/Webots_YOLOv8/install/soccer_vision_attribute_msgs/share/soccer_vision_attribute_msgs/hook/ld_library_path_lib.ps1'
[1.748s] [34mcolcon.colcon_core.shell[0m [1;30mINFO[0m Creating environment descriptor '/home/ivan/Webots_YOLOv8/install/soccer_vision_attribute_msgs/share/soccer_vision_attribute_msgs/hook/ld_library_path_lib.dsv'
[1.748s] [34mcolcon.colcon_core.shell[0m [1;30mINFO[0m Creating environment hook '/home/ivan/Webots_YOLOv8/install/soccer_vision_attribute_msgs/share/soccer_vision_attribute_msgs/hook/ld_library_path_lib.sh'
[1.749s] [34mcolcon.colcon_core.environment[0m [1;30mLevel 1[0m checking '/home/ivan/Webots_YOLOv8/install/soccer_vision_attribute_msgs/bin'
[1.749s] [34mcolcon.colcon_core.environment[0m [1;30mLevel 1[0m checking '/home/ivan/Webots_YOLOv8/install/soccer_vision_attribute_msgs/lib/pkgconfig/soccer_vision_attribute_msgs.pc'
[1.749s] [34mcolcon.colcon_core.environment[0m [1;30mLevel 1[0m checking '/home/ivan/Webots_YOLOv8/install/soccer_vision_attribute_msgs/lib/python3.10/site-packages'
[1.749s] [34mcolcon.colcon_core.environment[0m [1;30mLevel 1[0m checking '/home/ivan/Webots_YOLOv8/install/soccer_vision_attribute_msgs/bin'
[1.749s] [34mcolcon.colcon_core.shell[0m [1;30mINFO[0m Creating package script '/home/ivan/Webots_YOLOv8/install/soccer_vision_attribute_msgs/share/soccer_vision_attribute_msgs/package.ps1'
[1.750s] [34mcolcon.colcon_core.shell[0m [1;30mINFO[0m Creating package descriptor '/home/ivan/Webots_YOLOv8/install/soccer_vision_attribute_msgs/share/soccer_vision_attribute_msgs/package.dsv'
[1.750s] [34mcolcon.colcon_core.shell[0m [1;30mINFO[0m Creating package script '/home/ivan/Webots_YOLOv8/install/soccer_vision_attribute_msgs/share/soccer_vision_attribute_msgs/package.sh'
[1.751s] [34mcolcon.colcon_core.shell[0m [1;30mINFO[0m Creating package script '/home/ivan/Webots_YOLOv8/install/soccer_vision_attribute_msgs/share/soccer_vision_attribute_msgs/package.bash'
[1.751s] [34mcolcon.colcon_core.shell[0m [1;30mINFO[0m Creating package script '/home/ivan/Webots_YOLOv8/install/soccer_vision_attribute_msgs/share/soccer_vision_attribute_msgs/package.zsh'
[1.751s] [34mcolcon.colcon_core.environment[0m [1;30mLevel 1[0m create_file_with_runtime_dependencies(/home/ivan/Webots_YOLOv8/install/soccer_vision_attribute_msgs/share/colcon-core/packages/soccer_vision_attribute_msgs)
[1.752s] [34mcolcon.colcon_ros.task.ament_cmake.build[0m [1;30mINFO[0m Building ROS package in '/home/ivan/Webots_YOLOv8/src/soccer_interfaces/soccer_vision_2d_msgs' with build type 'ament_cmake'
[1.752s] [34mcolcon.colcon_cmake.task.cmake.build[0m [1;30mINFO[0m Building CMake package in '/home/ivan/Webots_YOLOv8/src/soccer_interfaces/soccer_vision_2d_msgs'
[1.752s] [34mcolcon.colcon_core.shell[0m [1;30mINFO[0m Skip shell extension 'powershell' for command environment: Not usable outside of PowerShell
[1.752s] [34mcolcon.colcon_core.shell[0m [1;30mDEBUG[0m [32mSkip shell extension 'dsv' for command environment[0m
[1.758s] [34mcolcon.colcon_ros.task.ament_cmake.build[0m [1;30mINFO[0m Building ROS package in '/home/ivan/Webots_YOLOv8/src/soccer_interfaces/soccer_vision_3d_msgs' with build type 'ament_cmake'
[1.758s] [34mcolcon.colcon_cmake.task.cmake.build[0m [1;30mINFO[0m Building CMake package in '/home/ivan/Webots_YOLOv8/src/soccer_interfaces/soccer_vision_3d_msgs'
[1.758s] [34mcolcon.colcon_core.shell[0m [1;30mINFO[0m Skip shell extension 'powershell' for command environment: Not usable outside of PowerShell
[1.758s] [34mcolcon.colcon_core.shell[0m [1;30mDEBUG[0m [32mSkip shell extension 'dsv' for command environment[0m
[1.763s] [34mcolcon.colcon_ros.task.ament_cmake.build[0m [1;30mINFO[0m Building ROS package in '/home/ivan/Webots_YOLOv8/src/soccer_interfaces/soccer_model_msgs' with build type 'ament_cmake'
[1.763s] [34mcolcon.colcon_cmake.task.cmake.build[0m [1;30mINFO[0m Building CMake package in '/home/ivan/Webots_YOLOv8/src/soccer_interfaces/soccer_model_msgs'
[1.763s] [34mcolcon.colcon_core.shell[0m [1;30mINFO[0m Skip shell extension 'powershell' for command environment: Not usable outside of PowerShell
[1.763s] [34mcolcon.colcon_core.shell[0m [1;30mDEBUG[0m [32mSkip shell extension 'dsv' for command environment[0m
[1.770s] [34mcolcon.colcon_core.environment[0m [1;30mLevel 1[0m create_environment_scripts_only(ipm_interfaces)
[1.770s] [34mcolcon.colcon_core.environment[0m [1;30mLevel 1[0m checking '/home/ivan/Webots_YOLOv8/install/ipm_interfaces' for CMake module files
[1.770s] [34mcolcon.colcon_core.event_handler.log_command[0m [1;30mDEBUG[0m [32mInvoked command in '/home/ivan/Webots_YOLOv8/build/ipm_interfaces' returned '0': CMAKE_PREFIX_PATH=${CMAKE_PREFIX_PATH}:/home/ivan/Webots_YOLOv8/install/soccer_ipm:/home/ivan/Webots_YOLOv8/install/Webots_YOLOv8:/home/ivan/Webots_YOLOv8/install/my_package:/home/ivan/Webots_YOLOv8/install/ipm_service:/home/ivan/Webots_YOLOv8/install/ipm_image_node:/home/ivan/Webots_YOLOv8/install/ipm_library:/home/ivan/ros2_ws/install/object_finder_onnx:/home/ivan/ros2_ws/install/object_finder:/home/ivan/ros2_ws/install/my_package:/home/ivan/ros2_ws/install/Webots_YOLOv8:/opt/ros/humble /usr/bin/cmake --install /home/ivan/Webots_YOLOv8/build/ipm_interfaces[0m
[1.771s] [34mcolcon.colcon_core.environment[0m [1;30mLevel 1[0m checking '/home/ivan/Webots_YOLOv8/install/ipm_interfaces' for CMake config files
[1.772s] [34mcolcon.colcon_core.shell[0m [1;30mLevel 1[0m create_environment_hook('ipm_interfaces', 'cmake_prefix_path')
[1.773s] [34mcolcon.colcon_core.shell[0m [1;30mINFO[0m Creating environment hook '/home/ivan/Webots_YOLOv8/install/ipm_interfaces/share/ipm_interfaces/hook/cmake_prefix_path.ps1'
[1.773s] [34mcolcon.colcon_core.shell[0m [1;30mINFO[0m Creating environment descriptor '/home/ivan/Webots_YOLOv8/install/ipm_interfaces/share/ipm_interfaces/hook/cmake_prefix_path.dsv'
[1.773s] [34mcolcon.colcon_core.shell[0m [1;30mINFO[0m Creating environment hook '/home/ivan/Webots_YOLOv8/install/ipm_interfaces/share/ipm_interfaces/hook/cmake_prefix_path.sh'
[1.774s] [34mcolcon.colcon_core.environment[0m [1;30mLevel 1[0m checking '/home/ivan/Webots_YOLOv8/install/ipm_interfaces/lib'
[1.774s] [34mcolcon.colcon_core.shell[0m [1;30mLevel 1[0m create_environment_hook('ipm_interfaces', 'ld_library_path_lib')
[1.774s] [34mcolcon.colcon_core.shell[0m [1;30mINFO[0m Creating environment hook '/home/ivan/Webots_YOLOv8/install/ipm_interfaces/share/ipm_interfaces/hook/ld_library_path_lib.ps1'
[1.775s] [34mcolcon.colcon_core.shell[0m [1;30mINFO[0m Creating environment descriptor '/home/ivan/Webots_YOLOv8/install/ipm_interfaces/share/ipm_interfaces/hook/ld_library_path_lib.dsv'
[1.775s] [34mcolcon.colcon_core.shell[0m [1;30mINFO[0m Creating environment hook '/home/ivan/Webots_YOLOv8/install/ipm_interfaces/share/ipm_interfaces/hook/ld_library_path_lib.sh'
[1.775s] [34mcolcon.colcon_core.environment[0m [1;30mLevel 1[0m checking '/home/ivan/Webots_YOLOv8/install/ipm_interfaces/bin'
[1.775s] [34mcolcon.colcon_core.environment[0m [1;30mLevel 1[0m checking '/home/ivan/Webots_YOLOv8/install/ipm_interfaces/lib/pkgconfig/ipm_interfaces.pc'
[1.775s] [34mcolcon.colcon_core.environment[0m [1;30mLevel 1[0m checking '/home/ivan/Webots_YOLOv8/install/ipm_interfaces/lib/python3.10/site-packages'
[1.776s] [34mcolcon.colcon_core.environment[0m [1;30mLevel 1[0m checking '/home/ivan/Webots_YOLOv8/install/ipm_interfaces/bin'
[1.776s] [34mcolcon.colcon_core.shell[0m [1;30mINFO[0m Creating package script '/home/ivan/Webots_YOLOv8/install/ipm_interfaces/share/ipm_interfaces/package.ps1'
[1.776s] [34mcolcon.colcon_core.shell[0m [1;30mINFO[0m Creating package descriptor '/home/ivan/Webots_YOLOv8/install/ipm_interfaces/share/ipm_interfaces/package.dsv'
[1.777s] [34mcolcon.colcon_core.shell[0m [1;30mINFO[0m Creating package script '/home/ivan/Webots_YOLOv8/install/ipm_interfaces/share/ipm_interfaces/package.sh'
[1.777s] [34mcolcon.colcon_core.shell[0m [1;30mINFO[0m Creating package script '/home/ivan/Webots_YOLOv8/install/ipm_interfaces/share/ipm_interfaces/package.bash'
[1.777s] [34mcolcon.colcon_core.shell[0m [1;30mINFO[0m Creating package script '/home/ivan/Webots_YOLOv8/install/ipm_interfaces/share/ipm_interfaces/package.zsh'
[1.777s] [34mcolcon.colcon_core.environment[0m [1;30mLevel 1[0m create_file_with_runtime_dependencies(/home/ivan/Webots_YOLOv8/install/ipm_interfaces/share/colcon-core/packages/ipm_interfaces)
[1.778s] [34mcolcon.colcon_core.environment[0m [1;30mLevel 1[0m create_environment_scripts_only(ipm_interfaces)
[1.778s] [34mcolcon.colcon_core.environment[0m [1;30mLevel 1[0m checking '/home/ivan/Webots_YOLOv8/install/ipm_interfaces' for CMake module files
[1.779s] [34mcolcon.colcon_core.environment[0m [1;30mLevel 1[0m checking '/home/ivan/Webots_YOLOv8/install/ipm_interfaces' for CMake config files
[1.779s] [34mcolcon.colcon_core.shell[0m [1;30mLevel 1[0m create_environment_hook('ipm_interfaces', 'cmake_prefix_path')
[1.779s] [34mcolcon.colcon_core.shell[0m [1;30mINFO[0m Creating environment hook '/home/ivan/Webots_YOLOv8/install/ipm_interfaces/share/ipm_interfaces/hook/cmake_prefix_path.ps1'
[1.780s] [34mcolcon.colcon_core.shell[0m [1;30mINFO[0m Creating environment descriptor '/home/ivan/Webots_YOLOv8/install/ipm_interfaces/share/ipm_interfaces/hook/cmake_prefix_path.dsv'
[1.780s] [34mcolcon.colcon_core.shell[0m [1;30mINFO[0m Creating environment hook '/home/ivan/Webots_YOLOv8/install/ipm_interfaces/share/ipm_interfaces/hook/cmake_prefix_path.sh'
[1.780s] [34mcolcon.colcon_core.environment[0m [1;30mLevel 1[0m checking '/home/ivan/Webots_YOLOv8/install/ipm_interfaces/lib'
[1.781s] [34mcolcon.colcon_core.shell[0m [1;30mLevel 1[0m create_environment_hook('ipm_interfaces', 'ld_library_path_lib')
[1.781s] [34mcolcon.colcon_core.shell[0m [1;30mINFO[0m Creating environment hook '/home/ivan/Webots_YOLOv8/install/ipm_interfaces/share/ipm_interfaces/hook/ld_library_path_lib.ps1'
[1.781s] [34mcolcon.colcon_core.shell[0m [1;30mINFO[0m Creating environment descriptor '/home/ivan/Webots_YOLOv8/install/ipm_interfaces/share/ipm_interfaces/hook/ld_library_path_lib.dsv'
[1.781s] [34mcolcon.colcon_core.shell[0m [1;30mINFO[0m Creating environment hook '/home/ivan/Webots_YOLOv8/install/ipm_interfaces/share/ipm_interfaces/hook/ld_library_path_lib.sh'
[1.782s] [34mcolcon.colcon_core.environment[0m [1;30mLevel 1[0m checking '/home/ivan/Webots_YOLOv8/install/ipm_interfaces/bin'
[1.782s] [34mcolcon.colcon_core.environment[0m [1;30mLevel 1[0m checking '/home/ivan/Webots_YOLOv8/install/ipm_interfaces/lib/pkgconfig/ipm_interfaces.pc'
[1.782s] [34mcolcon.colcon_core.environment[0m [1;30mLevel 1[0m checking '/home/ivan/Webots_YOLOv8/install/ipm_interfaces/lib/python3.10/site-packages'
[1.782s] [34mcolcon.colcon_core.environment[0m [1;30mLevel 1[0m checking '/home/ivan/Webots_YOLOv8/install/ipm_interfaces/bin'
[1.782s] [34mcolcon.colcon_core.shell[0m [1;30mINFO[0m Creating package script '/home/ivan/Webots_YOLOv8/install/ipm_interfaces/share/ipm_interfaces/package.ps1'
[1.783s] [34mcolcon.colcon_core.shell[0m [1;30mINFO[0m Creating package descriptor '/home/ivan/Webots_YOLOv8/install/ipm_interfaces/share/ipm_interfaces/package.dsv'
[1.783s] [34mcolcon.colcon_core.shell[0m [1;30mINFO[0m Creating package script '/home/ivan/Webots_YOLOv8/install/ipm_interfaces/share/ipm_interfaces/package.sh'
[1.783s] [34mcolcon.colcon_core.shell[0m [1;30mINFO[0m Creating package script '/home/ivan/Webots_YOLOv8/install/ipm_interfaces/share/ipm_interfaces/package.bash'
[1.784s] [34mcolcon.colcon_core.shell[0m [1;30mINFO[0m Creating package script '/home/ivan/Webots_YOLOv8/install/ipm_interfaces/share/ipm_interfaces/package.zsh'
[1.784s] [34mcolcon.colcon_core.environment[0m [1;30mLevel 1[0m create_file_with_runtime_dependencies(/home/ivan/Webots_YOLOv8/install/ipm_interfaces/share/colcon-core/packages/ipm_interfaces)
[1.785s] [34mcolcon.colcon_ros.task.ament_python.build[0m [1;30mINFO[0m Building ROS package in '/home/ivan/Webots_YOLOv8/src/ipm/ipm_library' with build type 'ament_python'
[1.786s] [34mcolcon.colcon_core.shell[0m [1;30mLevel 1[0m create_environment_hook('ipm_library', 'ament_prefix_path')
[1.786s] [34mcolcon.colcon_core.shell[0m [1;30mINFO[0m Creating environment hook '/home/ivan/Webots_YOLOv8/install/ipm_library/share/ipm_library/hook/ament_prefix_path.ps1'
[1.787s] [34mcolcon.colcon_core.shell[0m [1;30mINFO[0m Creating environment descriptor '/home/ivan/Webots_YOLOv8/install/ipm_library/share/ipm_library/hook/ament_prefix_path.dsv'
[1.788s] [34mcolcon.colcon_core.shell[0m [1;30mINFO[0m Creating environment hook '/home/ivan/Webots_YOLOv8/install/ipm_library/share/ipm_library/hook/ament_prefix_path.sh'
[1.788s] [34mcolcon.colcon_core.shell[0m [1;30mINFO[0m Skip shell extension 'powershell' for command environment: Not usable outside of PowerShell
[1.789s] [34mcolcon.colcon_core.shell[0m [1;30mDEBUG[0m [32mSkip shell extension 'dsv' for command environment[0m
[1.797s] [34mcolcon.colcon_core.event_handler.log_command[0m [1;30mDEBUG[0m [32mInvoking command in '/home/ivan/Webots_YOLOv8/build/soccer_vision_2d_msgs': CMAKE_PREFIX_PATH=/home/ivan/Webots_YOLOv8/install/soccer_vision_attribute_msgs:/home/ivan/Webots_YOLOv8/install/soccer_interfaces:/home/ivan/Webots_YOLOv8/install/soccer_vision_3d_msgs:/home/ivan/Webots_YOLOv8/install/soccer_vision_2d_msgs:/home/ivan/Webots_YOLOv8/install/soccer_model_msgs:/home/ivan/Webots_YOLOv8/install/soccer_geometry_msgs:/home/ivan/Webots_YOLOv8/install/ipm_interfaces:/home/ivan/ros2_ws/install/edrom_msgs:/home/ivan/Webots_YOLOv8/install/soccer_ipm:/home/ivan/Webots_YOLOv8/install/Webots_YOLOv8:/home/ivan/Webots_YOLOv8/install/my_package:/home/ivan/Webots_YOLOv8/install/ipm_service:/home/ivan/Webots_YOLOv8/install/ipm_image_node:/home/ivan/Webots_YOLOv8/install/ipm_library:/home/ivan/ros2_ws/install/object_finder_onnx:/home/ivan/ros2_ws/install/object_finder:/home/ivan/ros2_ws/install/my_package:/home/ivan/ros2_ws/install/Webots_YOLOv8:/opt/ros/humble LD_LIBRARY_PATH=/home/ivan/Webots_YOLOv8/install/soccer_vision_attribute_msgs/lib:/home/ivan/Webots_YOLOv8/install/soccer_vision_3d_msgs/lib:/home/ivan/Webots_YOLOv8/install/soccer_vision_2d_msgs/lib:/home/ivan/Webots_YOLOv8/install/soccer_model_msgs/lib:/home/ivan/Webots_YOLOv8/install/soccer_geometry_msgs/lib:/home/ivan/Webots_YOLOv8/install/ipm_interfaces/lib:/home/ivan/ros2_ws/install/edrom_msgs/lib:/opt/ros/humble/opt/rviz_ogre_vendor/lib:/opt/ros/humble/lib/x86_64-linux-gnu:/opt/ros/humble/lib /usr/bin/cmake --build /home/ivan/Webots_YOLOv8/build/soccer_vision_2d_msgs -- -j12 -l12[0m
[1.799s] [34mcolcon.colcon_core.event_handler.log_command[0m [1;30mDEBUG[0m [32mInvoking command in '/home/ivan/Webots_YOLOv8/build/soccer_vision_3d_msgs': CMAKE_PREFIX_PATH=/home/ivan/Webots_YOLOv8/install/soccer_vision_attribute_msgs:/home/ivan/Webots_YOLOv8/install/soccer_interfaces:/home/ivan/Webots_YOLOv8/install/soccer_vision_3d_msgs:/home/ivan/Webots_YOLOv8/install/soccer_vision_2d_msgs:/home/ivan/Webots_YOLOv8/install/soccer_model_msgs:/home/ivan/Webots_YOLOv8/install/soccer_geometry_msgs:/home/ivan/Webots_YOLOv8/install/ipm_interfaces:/home/ivan/ros2_ws/install/edrom_msgs:/home/ivan/Webots_YOLOv8/install/soccer_ipm:/home/ivan/Webots_YOLOv8/install/Webots_YOLOv8:/home/ivan/Webots_YOLOv8/install/my_package:/home/ivan/Webots_YOLOv8/install/ipm_service:/home/ivan/Webots_YOLOv8/install/ipm_image_node:/home/ivan/Webots_YOLOv8/install/ipm_library:/home/ivan/ros2_ws/install/object_finder_onnx:/home/ivan/ros2_ws/install/object_finder:/home/ivan/ros2_ws/install/my_package:/home/ivan/ros2_ws/install/Webots_YOLOv8:/opt/ros/humble LD_LIBRARY_PATH=/home/ivan/Webots_YOLOv8/install/soccer_vision_attribute_msgs/lib:/home/ivan/Webots_YOLOv8/install/soccer_vision_3d_msgs/lib:/home/ivan/Webots_YOLOv8/install/soccer_vision_2d_msgs/lib:/home/ivan/Webots_YOLOv8/install/soccer_model_msgs/lib:/home/ivan/Webots_YOLOv8/install/soccer_geometry_msgs/lib:/home/ivan/Webots_YOLOv8/install/ipm_interfaces/lib:/home/ivan/ros2_ws/install/edrom_msgs/lib:/opt/ros/humble/opt/rviz_ogre_vendor/lib:/opt/ros/humble/lib/x86_64-linux-gnu:/opt/ros/humble/lib /usr/bin/cmake --build /home/ivan/Webots_YOLOv8/build/soccer_vision_3d_msgs -- -j12 -l12[0m
[1.804s] [34mcolcon.colcon_core.event_handler.log_command[0m [1;30mDEBUG[0m [32mInvoking command in '/home/ivan/Webots_YOLOv8/build/soccer_model_msgs': CMAKE_PREFIX_PATH=/home/ivan/Webots_YOLOv8/install/soccer_vision_attribute_msgs:/home/ivan/Webots_YOLOv8/install/soccer_geometry_msgs:/home/ivan/Webots_YOLOv8/install/soccer_interfaces:/home/ivan/Webots_YOLOv8/install/soccer_vision_3d_msgs:/home/ivan/Webots_YOLOv8/install/soccer_vision_2d_msgs:/home/ivan/Webots_YOLOv8/install/soccer_model_msgs:/home/ivan/Webots_YOLOv8/install/ipm_interfaces:/home/ivan/ros2_ws/install/edrom_msgs:/home/ivan/Webots_YOLOv8/install/soccer_ipm:/home/ivan/Webots_YOLOv8/install/Webots_YOLOv8:/home/ivan/Webots_YOLOv8/install/my_package:/home/ivan/Webots_YOLOv8/install/ipm_service:/home/ivan/Webots_YOLOv8/install/ipm_image_node:/home/ivan/Webots_YOLOv8/install/ipm_library:/home/ivan/ros2_ws/install/object_finder_onnx:/home/ivan/ros2_ws/install/object_finder:/home/ivan/ros2_ws/install/my_package:/home/ivan/ros2_ws/install/Webots_YOLOv8:/opt/ros/humble LD_LIBRARY_PATH=/home/ivan/Webots_YOLOv8/install/soccer_vision_attribute_msgs/lib:/home/ivan/Webots_YOLOv8/install/soccer_geometry_msgs/lib:/home/ivan/Webots_YOLOv8/install/soccer_vision_3d_msgs/lib:/home/ivan/Webots_YOLOv8/install/soccer_vision_2d_msgs/lib:/home/ivan/Webots_YOLOv8/install/soccer_model_msgs/lib:/home/ivan/Webots_YOLOv8/install/ipm_interfaces/lib:/home/ivan/ros2_ws/install/edrom_msgs/lib:/opt/ros/humble/opt/rviz_ogre_vendor/lib:/opt/ros/humble/lib/x86_64-linux-gnu:/opt/ros/humble/lib /usr/bin/cmake --build /home/ivan/Webots_YOLOv8/build/soccer_model_msgs -- -j12 -l12[0m
[2.247s] [34mcolcon.colcon_core.task.python.build[0m [1;30mINFO[0m Building Python package in '/home/ivan/Webots_YOLOv8/src/ipm/ipm_library'
[2.248s] [34mcolcon.colcon_core.shell[0m [1;30mINFO[0m Skip shell extension 'powershell' for command environment: Not usable outside of PowerShell
[2.248s] [34mcolcon.colcon_core.shell[0m [1;30mDEBUG[0m [32mSkip shell extension 'dsv' for command environment[0m
[2.259s] [34mcolcon.colcon_core.event_handler.log_command[0m [1;30mDEBUG[0m [32mInvoking command in '/home/ivan/Webots_YOLOv8/src/my_package': PYTHONPATH=/home/ivan/Webots_YOLOv8/build/my_package/prefix_override:/usr/lib/python3/dist-packages/colcon_core/task/python/colcon_distutils_commands:/home/ivan/Webots_YOLOv8/install/my_package/lib/python3.10/site-packages:${PYTHONPATH} /usr/bin/python3 -W ignore:setup.py install is deprecated -W ignore:easy_install command is deprecated setup.py egg_info --egg-base ../../build/my_package build --build-base /home/ivan/Webots_YOLOv8/build/my_package/build install --record /home/ivan/Webots_YOLOv8/build/my_package/install.log --single-version-externally-managed install_data[0m
[2.434s] [34mcolcon.colcon_core.event_handler.log_command[0m [1;30mDEBUG[0m [32mInvoked command in '/home/ivan/Webots_YOLOv8/build/soccer_vision_3d_msgs' returned '0': CMAKE_PREFIX_PATH=/home/ivan/Webots_YOLOv8/install/soccer_vision_attribute_msgs:/home/ivan/Webots_YOLOv8/install/soccer_interfaces:/home/ivan/Webots_YOLOv8/install/soccer_vision_3d_msgs:/home/ivan/Webots_YOLOv8/install/soccer_vision_2d_msgs:/home/ivan/Webots_YOLOv8/install/soccer_model_msgs:/home/ivan/Webots_YOLOv8/install/soccer_geometry_msgs:/home/ivan/Webots_YOLOv8/install/ipm_interfaces:/home/ivan/ros2_ws/install/edrom_msgs:/home/ivan/Webots_YOLOv8/install/soccer_ipm:/home/ivan/Webots_YOLOv8/install/Webots_YOLOv8:/home/ivan/Webots_YOLOv8/install/my_package:/home/ivan/Webots_YOLOv8/install/ipm_service:/home/ivan/Webots_YOLOv8/install/ipm_image_node:/home/ivan/Webots_YOLOv8/install/ipm_library:/home/ivan/ros2_ws/install/object_finder_onnx:/home/ivan/ros2_ws/install/object_finder:/home/ivan/ros2_ws/install/my_package:/home/ivan/ros2_ws/install/Webots_YOLOv8:/opt/ros/humble LD_LIBRARY_PATH=/home/ivan/Webots_YOLOv8/install/soccer_vision_attribute_msgs/lib:/home/ivan/Webots_YOLOv8/install/soccer_vision_3d_msgs/lib:/home/ivan/Webots_YOLOv8/install/soccer_vision_2d_msgs/lib:/home/ivan/Webots_YOLOv8/install/soccer_model_msgs/lib:/home/ivan/Webots_YOLOv8/install/soccer_geometry_msgs/lib:/home/ivan/Webots_YOLOv8/install/ipm_interfaces/lib:/home/ivan/ros2_ws/install/edrom_msgs/lib:/opt/ros/humble/opt/rviz_ogre_vendor/lib:/opt/ros/humble/lib/x86_64-linux-gnu:/opt/ros/humble/lib /usr/bin/cmake --build /home/ivan/Webots_YOLOv8/build/soccer_vision_3d_msgs -- -j12 -l12[0m
[2.440s] [34mcolcon.colcon_core.event_handler.log_command[0m [1;30mDEBUG[0m [32mInvoking command in '/home/ivan/Webots_YOLOv8/build/soccer_vision_3d_msgs': CMAKE_PREFIX_PATH=/home/ivan/Webots_YOLOv8/install/soccer_vision_attribute_msgs:/home/ivan/Webots_YOLOv8/install/soccer_interfaces:/home/ivan/Webots_YOLOv8/install/soccer_vision_3d_msgs:/home/ivan/Webots_YOLOv8/install/soccer_vision_2d_msgs:/home/ivan/Webots_YOLOv8/install/soccer_model_msgs:/home/ivan/Webots_YOLOv8/install/soccer_geometry_msgs:/home/ivan/Webots_YOLOv8/install/ipm_interfaces:/home/ivan/ros2_ws/install/edrom_msgs:/home/ivan/Webots_YOLOv8/install/soccer_ipm:/home/ivan/Webots_YOLOv8/install/Webots_YOLOv8:/home/ivan/Webots_YOLOv8/install/my_package:/home/ivan/Webots_YOLOv8/install/ipm_service:/home/ivan/Webots_YOLOv8/install/ipm_image_node:/home/ivan/Webots_YOLOv8/install/ipm_library:/home/ivan/ros2_ws/install/object_finder_onnx:/home/ivan/ros2_ws/install/object_finder:/home/ivan/ros2_ws/install/my_package:/home/ivan/ros2_ws/install/Webots_YOLOv8:/opt/ros/humble LD_LIBRARY_PATH=/home/ivan/Webots_YOLOv8/install/soccer_vision_attribute_msgs/lib:/home/ivan/Webots_YOLOv8/install/soccer_vision_3d_msgs/lib:/home/ivan/Webots_YOLOv8/install/soccer_vision_2d_msgs/lib:/home/ivan/Webots_YOLOv8/install/soccer_model_msgs/lib:/home/ivan/Webots_YOLOv8/install/soccer_geometry_msgs/lib:/home/ivan/Webots_YOLOv8/install/ipm_interfaces/lib:/home/ivan/ros2_ws/install/edrom_msgs/lib:/opt/ros/humble/opt/rviz_ogre_vendor/lib:/opt/ros/humble/lib/x86_64-linux-gnu:/opt/ros/humble/lib /usr/bin/cmake --install /home/ivan/Webots_YOLOv8/build/soccer_vision_3d_msgs[0m
[2.465s] [34mcolcon.colcon_core.event_handler.log_command[0m [1;30mDEBUG[0m [32mInvoked command in '/home/ivan/Webots_YOLOv8/build/soccer_model_msgs' returned '0': CMAKE_PREFIX_PATH=/home/ivan/Webots_YOLOv8/install/soccer_vision_attribute_msgs:/home/ivan/Webots_YOLOv8/install/soccer_geometry_msgs:/home/ivan/Webots_YOLOv8/install/soccer_interfaces:/home/ivan/Webots_YOLOv8/install/soccer_vision_3d_msgs:/home/ivan/Webots_YOLOv8/install/soccer_vision_2d_msgs:/home/ivan/Webots_YOLOv8/install/soccer_model_msgs:/home/ivan/Webots_YOLOv8/install/ipm_interfaces:/home/ivan/ros2_ws/install/edrom_msgs:/home/ivan/Webots_YOLOv8/install/soccer_ipm:/home/ivan/Webots_YOLOv8/install/Webots_YOLOv8:/home/ivan/Webots_YOLOv8/install/my_package:/home/ivan/Webots_YOLOv8/install/ipm_service:/home/ivan/Webots_YOLOv8/install/ipm_image_node:/home/ivan/Webots_YOLOv8/install/ipm_library:/home/ivan/ros2_ws/install/object_finder_onnx:/home/ivan/ros2_ws/install/object_finder:/home/ivan/ros2_ws/install/my_package:/home/ivan/ros2_ws/install/Webots_YOLOv8:/opt/ros/humble LD_LIBRARY_PATH=/home/ivan/Webots_YOLOv8/install/soccer_vision_attribute_msgs/lib:/home/ivan/Webots_YOLOv8/install/soccer_geometry_msgs/lib:/home/ivan/Webots_YOLOv8/install/soccer_vision_3d_msgs/lib:/home/ivan/Webots_YOLOv8/install/soccer_vision_2d_msgs/lib:/home/ivan/Webots_YOLOv8/install/soccer_model_msgs/lib:/home/ivan/Webots_YOLOv8/install/ipm_interfaces/lib:/home/ivan/ros2_ws/install/edrom_msgs/lib:/opt/ros/humble/opt/rviz_ogre_vendor/lib:/opt/ros/humble/lib/x86_64-linux-gnu:/opt/ros/humble/lib /usr/bin/cmake --build /home/ivan/Webots_YOLOv8/build/soccer_model_msgs -- -j12 -l12[0m
[2.478s] [34mcolcon.colcon_core.event_handler.log_command[0m [1;30mDEBUG[0m [32mInvoking command in '/home/ivan/Webots_YOLOv8/build/soccer_model_msgs': CMAKE_PREFIX_PATH=/home/ivan/Webots_YOLOv8/install/soccer_vision_attribute_msgs:/home/ivan/Webots_YOLOv8/install/soccer_geometry_msgs:/home/ivan/Webots_YOLOv8/install/soccer_interfaces:/home/ivan/Webots_YOLOv8/install/soccer_vision_3d_msgs:/home/ivan/Webots_YOLOv8/install/soccer_vision_2d_msgs:/home/ivan/Webots_YOLOv8/install/soccer_model_msgs:/home/ivan/Webots_YOLOv8/install/ipm_interfaces:/home/ivan/ros2_ws/install/edrom_msgs:/home/ivan/Webots_YOLOv8/install/soccer_ipm:/home/ivan/Webots_YOLOv8/install/Webots_YOLOv8:/home/ivan/Webots_YOLOv8/install/my_package:/home/ivan/Webots_YOLOv8/install/ipm_service:/home/ivan/Webots_YOLOv8/install/ipm_image_node:/home/ivan/Webots_YOLOv8/install/ipm_library:/home/ivan/ros2_ws/install/object_finder_onnx:/home/ivan/ros2_ws/install/object_finder:/home/ivan/ros2_ws/install/my_package:/home/ivan/ros2_ws/install/Webots_YOLOv8:/opt/ros/humble LD_LIBRARY_PATH=/home/ivan/Webots_YOLOv8/install/soccer_vision_attribute_msgs/lib:/home/ivan/Webots_YOLOv8/install/soccer_geometry_msgs/lib:/home/ivan/Webots_YOLOv8/install/soccer_vision_3d_msgs/lib:/home/ivan/Webots_YOLOv8/install/soccer_vision_2d_msgs/lib:/home/ivan/Webots_YOLOv8/install/soccer_model_msgs/lib:/home/ivan/Webots_YOLOv8/install/ipm_interfaces/lib:/home/ivan/ros2_ws/install/edrom_msgs/lib:/opt/ros/humble/opt/rviz_ogre_vendor/lib:/opt/ros/humble/lib/x86_64-linux-gnu:/opt/ros/humble/lib /usr/bin/cmake --install /home/ivan/Webots_YOLOv8/build/soccer_model_msgs[0m
[2.480s] [34mcolcon.colcon_core.event_handler.log_command[0m [1;30mDEBUG[0m [32mInvoked command in '/home/ivan/Webots_YOLOv8/build/soccer_vision_2d_msgs' returned '0': CMAKE_PREFIX_PATH=/home/ivan/Webots_YOLOv8/install/soccer_vision_attribute_msgs:/home/ivan/Webots_YOLOv8/install/soccer_interfaces:/home/ivan/Webots_YOLOv8/install/soccer_vision_3d_msgs:/home/ivan/Webots_YOLOv8/install/soccer_vision_2d_msgs:/home/ivan/Webots_YOLOv8/install/soccer_model_msgs:/home/ivan/Webots_YOLOv8/install/soccer_geometry_msgs:/home/ivan/Webots_YOLOv8/install/ipm_interfaces:/home/ivan/ros2_ws/install/edrom_msgs:/home/ivan/Webots_YOLOv8/install/soccer_ipm:/home/ivan/Webots_YOLOv8/install/Webots_YOLOv8:/home/ivan/Webots_YOLOv8/install/my_package:/home/ivan/Webots_YOLOv8/install/ipm_service:/home/ivan/Webots_YOLOv8/install/ipm_image_node:/home/ivan/Webots_YOLOv8/install/ipm_library:/home/ivan/ros2_ws/install/object_finder_onnx:/home/ivan/ros2_ws/install/object_finder:/home/ivan/ros2_ws/install/my_package:/home/ivan/ros2_ws/install/Webots_YOLOv8:/opt/ros/humble LD_LIBRARY_PATH=/home/ivan/Webots_YOLOv8/install/soccer_vision_attribute_msgs/lib:/home/ivan/Webots_YOLOv8/install/soccer_vision_3d_msgs/lib:/home/ivan/Webots_YOLOv8/install/soccer_vision_2d_msgs/lib:/home/ivan/Webots_YOLOv8/install/soccer_model_msgs/lib:/home/ivan/Webots_YOLOv8/install/soccer_geometry_msgs/lib:/home/ivan/Webots_YOLOv8/install/ipm_interfaces/lib:/home/ivan/ros2_ws/install/edrom_msgs/lib:/opt/ros/humble/opt/rviz_ogre_vendor/lib:/opt/ros/humble/lib/x86_64-linux-gnu:/opt/ros/humble/lib /usr/bin/cmake --build /home/ivan/Webots_YOLOv8/build/soccer_vision_2d_msgs -- -j12 -l12[0m
[2.488s] [34mcolcon.colcon_core.event_handler.log_command[0m [1;30mDEBUG[0m [32mInvoking command in '/home/ivan/Webots_YOLOv8/build/soccer_vision_2d_msgs': CMAKE_PREFIX_PATH=/home/ivan/Webots_YOLOv8/install/soccer_vision_attribute_msgs:/home/ivan/Webots_YOLOv8/install/soccer_interfaces:/home/ivan/Webots_YOLOv8/install/soccer_vision_3d_msgs:/home/ivan/Webots_YOLOv8/install/soccer_vision_2d_msgs:/home/ivan/Webots_YOLOv8/install/soccer_model_msgs:/home/ivan/Webots_YOLOv8/install/soccer_geometry_msgs:/home/ivan/Webots_YOLOv8/install/ipm_interfaces:/home/ivan/ros2_ws/install/edrom_msgs:/home/ivan/Webots_YOLOv8/install/soccer_ipm:/home/ivan/Webots_YOLOv8/install/Webots_YOLOv8:/home/ivan/Webots_YOLOv8/install/my_package:/home/ivan/Webots_YOLOv8/install/ipm_service:/home/ivan/Webots_YOLOv8/install/ipm_image_node:/home/ivan/Webots_YOLOv8/install/ipm_library:/home/ivan/ros2_ws/install/object_finder_onnx:/home/ivan/ros2_ws/install/object_finder:/home/ivan/ros2_ws/install/my_package:/home/ivan/ros2_ws/install/Webots_YOLOv8:/opt/ros/humble LD_LIBRARY_PATH=/home/ivan/Webots_YOLOv8/install/soccer_vision_attribute_msgs/lib:/home/ivan/Webots_YOLOv8/install/soccer_vision_3d_msgs/lib:/home/ivan/Webots_YOLOv8/install/soccer_vision_2d_msgs/lib:/home/ivan/Webots_YOLOv8/install/soccer_model_msgs/lib:/home/ivan/Webots_YOLOv8/install/soccer_geometry_msgs/lib:/home/ivan/Webots_YOLOv8/install/ipm_interfaces/lib:/home/ivan/ros2_ws/install/edrom_msgs/lib:/opt/ros/humble/opt/rviz_ogre_vendor/lib:/opt/ros/humble/lib/x86_64-linux-gnu:/opt/ros/humble/lib /usr/bin/cmake --install /home/ivan/Webots_YOLOv8/build/soccer_vision_2d_msgs[0m
[2.548s] [34mcolcon.colcon_core.environment[0m [1;30mLevel 1[0m create_environment_scripts_only(soccer_vision_3d_msgs)
[2.549s] [34mcolcon.colcon_core.environment[0m [1;30mLevel 1[0m checking '/home/ivan/Webots_YOLOv8/install/soccer_vision_3d_msgs' for CMake module files
[2.549s] [34mcolcon.colcon_core.event_handler.log_command[0m [1;30mDEBUG[0m [32mInvoked command in '/home/ivan/Webots_YOLOv8/build/soccer_vision_3d_msgs' returned '0': CMAKE_PREFIX_PATH=/home/ivan/Webots_YOLOv8/install/soccer_vision_attribute_msgs:/home/ivan/Webots_YOLOv8/install/soccer_interfaces:/home/ivan/Webots_YOLOv8/install/soccer_vision_3d_msgs:/home/ivan/Webots_YOLOv8/install/soccer_vision_2d_msgs:/home/ivan/Webots_YOLOv8/install/soccer_model_msgs:/home/ivan/Webots_YOLOv8/install/soccer_geometry_msgs:/home/ivan/Webots_YOLOv8/install/ipm_interfaces:/home/ivan/ros2_ws/install/edrom_msgs:/home/ivan/Webots_YOLOv8/install/soccer_ipm:/home/ivan/Webots_YOLOv8/install/Webots_YOLOv8:/home/ivan/Webots_YOLOv8/install/my_package:/home/ivan/Webots_YOLOv8/install/ipm_service:/home/ivan/Webots_YOLOv8/install/ipm_image_node:/home/ivan/Webots_YOLOv8/install/ipm_library:/home/ivan/ros2_ws/install/object_finder_onnx:/home/ivan/ros2_ws/install/object_finder:/home/ivan/ros2_ws/install/my_package:/home/ivan/ros2_ws/install/Webots_YOLOv8:/opt/ros/humble LD_LIBRARY_PATH=/home/ivan/Webots_YOLOv8/install/soccer_vision_attribute_msgs/lib:/home/ivan/Webots_YOLOv8/install/soccer_vision_3d_msgs/lib:/home/ivan/Webots_YOLOv8/install/soccer_vision_2d_msgs/lib:/home/ivan/Webots_YOLOv8/install/soccer_model_msgs/lib:/home/ivan/Webots_YOLOv8/install/soccer_geometry_msgs/lib:/home/ivan/Webots_YOLOv8/install/ipm_interfaces/lib:/home/ivan/ros2_ws/install/edrom_msgs/lib:/opt/ros/humble/opt/rviz_ogre_vendor/lib:/opt/ros/humble/lib/x86_64-linux-gnu:/opt/ros/humble/lib /usr/bin/cmake --install /home/ivan/Webots_YOLOv8/build/soccer_vision_3d_msgs[0m
[2.551s] [34mcolcon.colcon_core.environment[0m [1;30mLevel 1[0m checking '/home/ivan/Webots_YOLOv8/install/soccer_vision_3d_msgs' for CMake config files
[2.561s] [34mcolcon.colcon_core.shell[0m [1;30mLevel 1[0m create_environment_hook('soccer_vision_3d_msgs', 'cmake_prefix_path')
[2.561s] [34mcolcon.colcon_core.shell[0m [1;30mINFO[0m Creating environment hook '/home/ivan/Webots_YOLOv8/install/soccer_vision_3d_msgs/share/soccer_vision_3d_msgs/hook/cmake_prefix_path.ps1'
[2.563s] [34mcolcon.colcon_core.shell[0m [1;30mINFO[0m Creating environment descriptor '/home/ivan/Webots_YOLOv8/install/soccer_vision_3d_msgs/share/soccer_vision_3d_msgs/hook/cmake_prefix_path.dsv'
[2.564s] [34mcolcon.colcon_core.shell[0m [1;30mINFO[0m Creating environment hook '/home/ivan/Webots_YOLOv8/install/soccer_vision_3d_msgs/share/soccer_vision_3d_msgs/hook/cmake_prefix_path.sh'
[2.565s] [34mcolcon.colcon_core.environment[0m [1;30mLevel 1[0m checking '/home/ivan/Webots_YOLOv8/install/soccer_vision_3d_msgs/lib'
[2.565s] [34mcolcon.colcon_core.shell[0m [1;30mLevel 1[0m create_environment_hook('soccer_vision_3d_msgs', 'ld_library_path_lib')
[2.565s] [34mcolcon.colcon_core.shell[0m [1;30mINFO[0m Creating environment hook '/home/ivan/Webots_YOLOv8/install/soccer_vision_3d_msgs/share/soccer_vision_3d_msgs/hook/ld_library_path_lib.ps1'
[2.566s] [34mcolcon.colcon_core.shell[0m [1;30mINFO[0m Creating environment descriptor '/home/ivan/Webots_YOLOv8/install/soccer_vision_3d_msgs/share/soccer_vision_3d_msgs/hook/ld_library_path_lib.dsv'
[2.566s] [34mcolcon.colcon_core.shell[0m [1;30mINFO[0m Creating environment hook '/home/ivan/Webots_YOLOv8/install/soccer_vision_3d_msgs/share/soccer_vision_3d_msgs/hook/ld_library_path_lib.sh'
[2.567s] [34mcolcon.colcon_core.environment[0m [1;30mLevel 1[0m checking '/home/ivan/Webots_YOLOv8/install/soccer_vision_3d_msgs/bin'
[2.567s] [34mcolcon.colcon_core.environment[0m [1;30mLevel 1[0m checking '/home/ivan/Webots_YOLOv8/install/soccer_vision_3d_msgs/lib/pkgconfig/soccer_vision_3d_msgs.pc'
[2.567s] [34mcolcon.colcon_core.environment[0m [1;30mLevel 1[0m checking '/home/ivan/Webots_YOLOv8/install/soccer_vision_3d_msgs/lib/python3.10/site-packages'
[2.567s] [34mcolcon.colcon_core.environment[0m [1;30mLevel 1[0m checking '/home/ivan/Webots_YOLOv8/install/soccer_vision_3d_msgs/bin'
[2.568s] [34mcolcon.colcon_core.shell[0m [1;30mINFO[0m Creating package script '/home/ivan/Webots_YOLOv8/install/soccer_vision_3d_msgs/share/soccer_vision_3d_msgs/package.ps1'
[2.569s] [34mcolcon.colcon_core.shell[0m [1;30mINFO[0m Creating package descriptor '/home/ivan/Webots_YOLOv8/install/soccer_vision_3d_msgs/share/soccer_vision_3d_msgs/package.dsv'
[2.570s] [34mcolcon.colcon_core.shell[0m [1;30mINFO[0m Creating package script '/home/ivan/Webots_YOLOv8/install/soccer_vision_3d_msgs/share/soccer_vision_3d_msgs/package.sh'
[2.570s] [34mcolcon.colcon_core.shell[0m [1;30mINFO[0m Creating package script '/home/ivan/Webots_YOLOv8/install/soccer_vision_3d_msgs/share/soccer_vision_3d_msgs/package.bash'
[2.571s] [34mcolcon.colcon_core.shell[0m [1;30mINFO[0m Creating package script '/home/ivan/Webots_YOLOv8/install/soccer_vision_3d_msgs/share/soccer_vision_3d_msgs/package.zsh'
[2.571s] [34mcolcon.colcon_core.environment[0m [1;30mLevel 1[0m create_file_with_runtime_dependencies(/home/ivan/Webots_YOLOv8/install/soccer_vision_3d_msgs/share/colcon-core/packages/soccer_vision_3d_msgs)
[2.572s] [34mcolcon.colcon_core.environment[0m [1;30mLevel 1[0m create_environment_scripts_only(soccer_vision_3d_msgs)
[2.572s] [34mcolcon.colcon_core.environment[0m [1;30mLevel 1[0m checking '/home/ivan/Webots_YOLOv8/install/soccer_vision_3d_msgs' for CMake module files
[2.573s] [34mcolcon.colcon_core.environment[0m [1;30mLevel 1[0m checking '/home/ivan/Webots_YOLOv8/install/soccer_vision_3d_msgs' for CMake config files
[2.575s] [34mcolcon.colcon_core.shell[0m [1;30mLevel 1[0m create_environment_hook('soccer_vision_3d_msgs', 'cmake_prefix_path')
[2.575s] [34mcolcon.colcon_core.shell[0m [1;30mINFO[0m Creating environment hook '/home/ivan/Webots_YOLOv8/install/soccer_vision_3d_msgs/share/soccer_vision_3d_msgs/hook/cmake_prefix_path.ps1'
[2.576s] [34mcolcon.colcon_core.shell[0m [1;30mINFO[0m Creating environment descriptor '/home/ivan/Webots_YOLOv8/install/soccer_vision_3d_msgs/share/soccer_vision_3d_msgs/hook/cmake_prefix_path.dsv'
[2.577s] [34mcolcon.colcon_core.shell[0m [1;30mINFO[0m Creating environment hook '/home/ivan/Webots_YOLOv8/install/soccer_vision_3d_msgs/share/soccer_vision_3d_msgs/hook/cmake_prefix_path.sh'
[2.578s] [34mcolcon.colcon_core.environment[0m [1;30mLevel 1[0m checking '/home/ivan/Webots_YOLOv8/install/soccer_vision_3d_msgs/lib'
[2.578s] [34mcolcon.colcon_core.shell[0m [1;30mLevel 1[0m create_environment_hook('soccer_vision_3d_msgs', 'ld_library_path_lib')
[2.578s] [34mcolcon.colcon_core.shell[0m [1;30mINFO[0m Creating environment hook '/home/ivan/Webots_YOLOv8/install/soccer_vision_3d_msgs/share/soccer_vision_3d_msgs/hook/ld_library_path_lib.ps1'
[2.579s] [34mcolcon.colcon_core.shell[0m [1;30mINFO[0m Creating environment descriptor '/home/ivan/Webots_YOLOv8/install/soccer_vision_3d_msgs/share/soccer_vision_3d_msgs/hook/ld_library_path_lib.dsv'
[2.580s] [34mcolcon.colcon_core.shell[0m [1;30mINFO[0m Creating environment hook '/home/ivan/Webots_YOLOv8/install/soccer_vision_3d_msgs/share/soccer_vision_3d_msgs/hook/ld_library_path_lib.sh'
[2.580s] [34mcolcon.colcon_core.environment[0m [1;30mLevel 1[0m checking '/home/ivan/Webots_YOLOv8/install/soccer_vision_3d_msgs/bin'
[2.580s] [34mcolcon.colcon_core.environment[0m [1;30mLevel 1[0m checking '/home/ivan/Webots_YOLOv8/install/soccer_vision_3d_msgs/lib/pkgconfig/soccer_vision_3d_msgs.pc'
[2.581s] [34mcolcon.colcon_core.environment[0m [1;30mLevel 1[0m checking '/home/ivan/Webots_YOLOv8/install/soccer_vision_3d_msgs/lib/python3.10/site-packages'
[2.581s] [34mcolcon.colcon_core.environment[0m [1;30mLevel 1[0m checking '/home/ivan/Webots_YOLOv8/install/soccer_vision_3d_msgs/bin'
[2.581s] [34mcolcon.colcon_core.shell[0m [1;30mINFO[0m Creating package script '/home/ivan/Webots_YOLOv8/install/soccer_vision_3d_msgs/share/soccer_vision_3d_msgs/package.ps1'
[2.582s] [34mcolcon.colcon_core.shell[0m [1;30mINFO[0m Creating package descriptor '/home/ivan/Webots_YOLOv8/install/soccer_vision_3d_msgs/share/soccer_vision_3d_msgs/package.dsv'
[2.583s] [34mcolcon.colcon_core.shell[0m [1;30mINFO[0m Creating package script '/home/ivan/Webots_YOLOv8/install/soccer_vision_3d_msgs/share/soccer_vision_3d_msgs/package.sh'
[2.584s] [34mcolcon.colcon_core.shell[0m [1;30mINFO[0m Creating package script '/home/ivan/Webots_YOLOv8/install/soccer_vision_3d_msgs/share/soccer_vision_3d_msgs/package.bash'
[2.585s] [34mcolcon.colcon_core.shell[0m [1;30mINFO[0m Creating package script '/home/ivan/Webots_YOLOv8/install/soccer_vision_3d_msgs/share/soccer_vision_3d_msgs/package.zsh'
[2.585s] [34mcolcon.colcon_core.environment[0m [1;30mLevel 1[0m create_file_with_runtime_dependencies(/home/ivan/Webots_YOLOv8/install/soccer_vision_3d_msgs/share/colcon-core/packages/soccer_vision_3d_msgs)
[2.587s] [34mcolcon.colcon_core.environment[0m [1;30mLevel 1[0m create_environment_scripts_only(soccer_model_msgs)
[2.587s] [34mcolcon.colcon_core.environment[0m [1;30mLevel 1[0m checking '/home/ivan/Webots_YOLOv8/install/soccer_model_msgs' for CMake module files
[2.588s] [34mcolcon.colcon_core.event_handler.log_command[0m [1;30mDEBUG[0m [32mInvoked command in '/home/ivan/Webots_YOLOv8/build/soccer_model_msgs' returned '0': CMAKE_PREFIX_PATH=/home/ivan/Webots_YOLOv8/install/soccer_vision_attribute_msgs:/home/ivan/Webots_YOLOv8/install/soccer_geometry_msgs:/home/ivan/Webots_YOLOv8/install/soccer_interfaces:/home/ivan/Webots_YOLOv8/install/soccer_vision_3d_msgs:/home/ivan/Webots_YOLOv8/install/soccer_vision_2d_msgs:/home/ivan/Webots_YOLOv8/install/soccer_model_msgs:/home/ivan/Webots_YOLOv8/install/ipm_interfaces:/home/ivan/ros2_ws/install/edrom_msgs:/home/ivan/Webots_YOLOv8/install/soccer_ipm:/home/ivan/Webots_YOLOv8/install/Webots_YOLOv8:/home/ivan/Webots_YOLOv8/install/my_package:/home/ivan/Webots_YOLOv8/install/ipm_service:/home/ivan/Webots_YOLOv8/install/ipm_image_node:/home/ivan/Webots_YOLOv8/install/ipm_library:/home/ivan/ros2_ws/install/object_finder_onnx:/home/ivan/ros2_ws/install/object_finder:/home/ivan/ros2_ws/install/my_package:/home/ivan/ros2_ws/install/Webots_YOLOv8:/opt/ros/humble LD_LIBRARY_PATH=/home/ivan/Webots_YOLOv8/install/soccer_vision_attribute_msgs/lib:/home/ivan/Webots_YOLOv8/install/soccer_geometry_msgs/lib:/home/ivan/Webots_YOLOv8/install/soccer_vision_3d_msgs/lib:/home/ivan/Webots_YOLOv8/install/soccer_vision_2d_msgs/lib:/home/ivan/Webots_YOLOv8/install/soccer_model_msgs/lib:/home/ivan/Webots_YOLOv8/install/ipm_interfaces/lib:/home/ivan/ros2_ws/install/edrom_msgs/lib:/opt/ros/humble/opt/rviz_ogre_vendor/lib:/opt/ros/humble/lib/x86_64-linux-gnu:/opt/ros/humble/lib /usr/bin/cmake --install /home/ivan/Webots_YOLOv8/build/soccer_model_msgs[0m
[2.592s] [34mcolcon.colcon_core.environment[0m [1;30mLevel 1[0m checking '/home/ivan/Webots_YOLOv8/install/soccer_model_msgs' for CMake config files
[2.594s] [34mcolcon.colcon_core.shell[0m [1;30mLevel 1[0m create_environment_hook('soccer_model_msgs', 'cmake_prefix_path')
[2.595s] [34mcolcon.colcon_core.shell[0m [1;30mINFO[0m Creating environment hook '/home/ivan/Webots_YOLOv8/install/soccer_model_msgs/share/soccer_model_msgs/hook/cmake_prefix_path.ps1'
[2.596s] [34mcolcon.colcon_core.shell[0m [1;30mINFO[0m Creating environment descriptor '/home/ivan/Webots_YOLOv8/install/soccer_model_msgs/share/soccer_model_msgs/hook/cmake_prefix_path.dsv'
[2.597s] [34mcolcon.colcon_core.shell[0m [1;30mINFO[0m Creating environment hook '/home/ivan/Webots_YOLOv8/install/soccer_model_msgs/share/soccer_model_msgs/hook/cmake_prefix_path.sh'
[2.598s] [34mcolcon.colcon_core.environment[0m [1;30mLevel 1[0m checking '/home/ivan/Webots_YOLOv8/install/soccer_model_msgs/lib'
[2.598s] [34mcolcon.colcon_core.shell[0m [1;30mLevel 1[0m create_environment_hook('soccer_model_msgs', 'ld_library_path_lib')
[2.598s] [34mcolcon.colcon_core.shell[0m [1;30mINFO[0m Creating environment hook '/home/ivan/Webots_YOLOv8/install/soccer_model_msgs/share/soccer_model_msgs/hook/ld_library_path_lib.ps1'
[2.599s] [34mcolcon.colcon_core.shell[0m [1;30mINFO[0m Creating environment descriptor '/home/ivan/Webots_YOLOv8/install/soccer_model_msgs/share/soccer_model_msgs/hook/ld_library_path_lib.dsv'
[2.599s] [34mcolcon.colcon_core.shell[0m [1;30mINFO[0m Creating environment hook '/home/ivan/Webots_YOLOv8/install/soccer_model_msgs/share/soccer_model_msgs/hook/ld_library_path_lib.sh'
[2.599s] [34mcolcon.colcon_core.environment[0m [1;30mLevel 1[0m checking '/home/ivan/Webots_YOLOv8/install/soccer_model_msgs/bin'
[2.599s] [34mcolcon.colcon_core.environment[0m [1;30mLevel 1[0m checking '/home/ivan/Webots_YOLOv8/install/soccer_model_msgs/lib/pkgconfig/soccer_model_msgs.pc'
[2.600s] [34mcolcon.colcon_core.environment[0m [1;30mLevel 1[0m checking '/home/ivan/Webots_YOLOv8/install/soccer_model_msgs/lib/python3.10/site-packages'
[2.600s] [34mcolcon.colcon_core.environment[0m [1;30mLevel 1[0m checking '/home/ivan/Webots_YOLOv8/install/soccer_model_msgs/bin'
[2.600s] [34mcolcon.colcon_core.shell[0m [1;30mINFO[0m Creating package script '/home/ivan/Webots_YOLOv8/install/soccer_model_msgs/share/soccer_model_msgs/package.ps1'
[2.601s] [34mcolcon.colcon_core.shell[0m [1;30mINFO[0m Creating package descriptor '/home/ivan/Webots_YOLOv8/install/soccer_model_msgs/share/soccer_model_msgs/package.dsv'
[2.601s] [34mcolcon.colcon_core.shell[0m [1;30mINFO[0m Creating package script '/home/ivan/Webots_YOLOv8/install/soccer_model_msgs/share/soccer_model_msgs/package.sh'
[2.602s] [34mcolcon.colcon_core.shell[0m [1;30mINFO[0m Creating package script '/home/ivan/Webots_YOLOv8/install/soccer_model_msgs/share/soccer_model_msgs/package.bash'
[2.602s] [34mcolcon.colcon_core.shell[0m [1;30mINFO[0m Creating package script '/home/ivan/Webots_YOLOv8/install/soccer_model_msgs/share/soccer_model_msgs/package.zsh'
[2.603s] [34mcolcon.colcon_core.environment[0m [1;30mLevel 1[0m create_file_with_runtime_dependencies(/home/ivan/Webots_YOLOv8/install/soccer_model_msgs/share/colcon-core/packages/soccer_model_msgs)
[2.603s] [34mcolcon.colcon_core.environment[0m [1;30mLevel 1[0m create_environment_scripts_only(soccer_model_msgs)
[2.603s] [34mcolcon.colcon_core.environment[0m [1;30mLevel 1[0m checking '/home/ivan/Webots_YOLOv8/install/soccer_model_msgs' for CMake module files
[2.604s] [34mcolcon.colcon_core.environment[0m [1;30mLevel 1[0m checking '/home/ivan/Webots_YOLOv8/install/soccer_model_msgs' for CMake config files
[2.605s] [34mcolcon.colcon_core.shell[0m [1;30mLevel 1[0m create_environment_hook('soccer_model_msgs', 'cmake_prefix_path')
[2.605s] [34mcolcon.colcon_core.shell[0m [1;30mINFO[0m Creating environment hook '/home/ivan/Webots_YOLOv8/install/soccer_model_msgs/share/soccer_model_msgs/hook/cmake_prefix_path.ps1'
[2.606s] [34mcolcon.colcon_core.shell[0m [1;30mINFO[0m Creating environment descriptor '/home/ivan/Webots_YOLOv8/install/soccer_model_msgs/share/soccer_model_msgs/hook/cmake_prefix_path.dsv'
[2.606s] [34mcolcon.colcon_core.shell[0m [1;30mINFO[0m Creating environment hook '/home/ivan/Webots_YOLOv8/install/soccer_model_msgs/share/soccer_model_msgs/hook/cmake_prefix_path.sh'
[2.607s] [34mcolcon.colcon_core.environment[0m [1;30mLevel 1[0m checking '/home/ivan/Webots_YOLOv8/install/soccer_model_msgs/lib'
[2.607s] [34mcolcon.colcon_core.shell[0m [1;30mLevel 1[0m create_environment_hook('soccer_model_msgs', 'ld_library_path_lib')
[2.607s] [34mcolcon.colcon_core.shell[0m [1;30mINFO[0m Creating environment hook '/home/ivan/Webots_YOLOv8/install/soccer_model_msgs/share/soccer_model_msgs/hook/ld_library_path_lib.ps1'
[2.608s] [34mcolcon.colcon_core.shell[0m [1;30mINFO[0m Creating environment descriptor '/home/ivan/Webots_YOLOv8/install/soccer_model_msgs/share/soccer_model_msgs/hook/ld_library_path_lib.dsv'
[2.608s] [34mcolcon.colcon_core.shell[0m [1;30mINFO[0m Creating environment hook '/home/ivan/Webots_YOLOv8/install/soccer_model_msgs/share/soccer_model_msgs/hook/ld_library_path_lib.sh'
[2.609s] [34mcolcon.colcon_core.environment[0m [1;30mLevel 1[0m checking '/home/ivan/Webots_YOLOv8/install/soccer_model_msgs/bin'
[2.609s] [34mcolcon.colcon_core.environment[0m [1;30mLevel 1[0m checking '/home/ivan/Webots_YOLOv8/install/soccer_model_msgs/lib/pkgconfig/soccer_model_msgs.pc'
[2.609s] [34mcolcon.colcon_core.environment[0m [1;30mLevel 1[0m checking '/home/ivan/Webots_YOLOv8/install/soccer_model_msgs/lib/python3.10/site-packages'
[2.609s] [34mcolcon.colcon_core.environment[0m [1;30mLevel 1[0m checking '/home/ivan/Webots_YOLOv8/install/soccer_model_msgs/bin'
[2.610s] [34mcolcon.colcon_core.shell[0m [1;30mINFO[0m Creating package script '/home/ivan/Webots_YOLOv8/install/soccer_model_msgs/share/soccer_model_msgs/package.ps1'
[2.611s] [34mcolcon.colcon_core.shell[0m [1;30mINFO[0m Creating package descriptor '/home/ivan/Webots_YOLOv8/install/soccer_model_msgs/share/soccer_model_msgs/package.dsv'
[2.611s] [34mcolcon.colcon_core.shell[0m [1;30mINFO[0m Creating package script '/home/ivan/Webots_YOLOv8/install/soccer_model_msgs/share/soccer_model_msgs/package.sh'
[2.612s] [34mcolcon.colcon_core.shell[0m [1;30mINFO[0m Creating package script '/home/ivan/Webots_YOLOv8/install/soccer_model_msgs/share/soccer_model_msgs/package.bash'
[2.613s] [34mcolcon.colcon_core.shell[0m [1;30mINFO[0m Creating package script '/home/ivan/Webots_YOLOv8/install/soccer_model_msgs/share/soccer_model_msgs/package.zsh'
[2.613s] [34mcolcon.colcon_core.environment[0m [1;30mLevel 1[0m create_file_with_runtime_dependencies(/home/ivan/Webots_YOLOv8/install/soccer_model_msgs/share/colcon-core/packages/soccer_model_msgs)
[2.615s] [34mcolcon.colcon_core.environment[0m [1;30mLevel 1[0m create_environment_scripts_only(soccer_vision_2d_msgs)
[2.615s] [34mcolcon.colcon_core.environment[0m [1;30mLevel 1[0m checking '/home/ivan/Webots_YOLOv8/install/soccer_vision_2d_msgs' for CMake module files
[2.616s] [34mcolcon.colcon_core.event_handler.log_command[0m [1;30mDEBUG[0m [32mInvoked command in '/home/ivan/Webots_YOLOv8/build/soccer_vision_2d_msgs' returned '0': CMAKE_PREFIX_PATH=/home/ivan/Webots_YOLOv8/install/soccer_vision_attribute_msgs:/home/ivan/Webots_YOLOv8/install/soccer_interfaces:/home/ivan/Webots_YOLOv8/install/soccer_vision_3d_msgs:/home/ivan/Webots_YOLOv8/install/soccer_vision_2d_msgs:/home/ivan/Webots_YOLOv8/install/soccer_model_msgs:/home/ivan/Webots_YOLOv8/install/soccer_geometry_msgs:/home/ivan/Webots_YOLOv8/install/ipm_interfaces:/home/ivan/ros2_ws/install/edrom_msgs:/home/ivan/Webots_YOLOv8/install/soccer_ipm:/home/ivan/Webots_YOLOv8/install/Webots_YOLOv8:/home/ivan/Webots_YOLOv8/install/my_package:/home/ivan/Webots_YOLOv8/install/ipm_service:/home/ivan/Webots_YOLOv8/install/ipm_image_node:/home/ivan/Webots_YOLOv8/install/ipm_library:/home/ivan/ros2_ws/install/object_finder_onnx:/home/ivan/ros2_ws/install/object_finder:/home/ivan/ros2_ws/install/my_package:/home/ivan/ros2_ws/install/Webots_YOLOv8:/opt/ros/humble LD_LIBRARY_PATH=/home/ivan/Webots_YOLOv8/install/soccer_vision_attribute_msgs/lib:/home/ivan/Webots_YOLOv8/install/soccer_vision_3d_msgs/lib:/home/ivan/Webots_YOLOv8/install/soccer_vision_2d_msgs/lib:/home/ivan/Webots_YOLOv8/install/soccer_model_msgs/lib:/home/ivan/Webots_YOLOv8/install/soccer_geometry_msgs/lib:/home/ivan/Webots_YOLOv8/install/ipm_interfaces/lib:/home/ivan/ros2_ws/install/edrom_msgs/lib:/opt/ros/humble/opt/rviz_ogre_vendor/lib:/opt/ros/humble/lib/x86_64-linux-gnu:/opt/ros/humble/lib /usr/bin/cmake --install /home/ivan/Webots_YOLOv8/build/soccer_vision_2d_msgs[0m
[2.616s] [34mcolcon.colcon_core.environment[0m [1;30mLevel 1[0m checking '/home/ivan/Webots_YOLOv8/install/soccer_vision_2d_msgs' for CMake config files
[2.618s] [34mcolcon.colcon_core.shell[0m [1;30mLevel 1[0m create_environment_hook('soccer_vision_2d_msgs', 'cmake_prefix_path')
[2.618s] [34mcolcon.colcon_core.shell[0m [1;30mINFO[0m Creating environment hook '/home/ivan/Webots_YOLOv8/install/soccer_vision_2d_msgs/share/soccer_vision_2d_msgs/hook/cmake_prefix_path.ps1'
[2.619s] [34mcolcon.colcon_core.shell[0m [1;30mINFO[0m Creating environment descriptor '/home/ivan/Webots_YOLOv8/install/soccer_vision_2d_msgs/share/soccer_vision_2d_msgs/hook/cmake_prefix_path.dsv'
[2.619s] [34mcolcon.colcon_core.shell[0m [1;30mINFO[0m Creating environment hook '/home/ivan/Webots_YOLOv8/install/soccer_vision_2d_msgs/share/soccer_vision_2d_msgs/hook/cmake_prefix_path.sh'
[2.620s] [34mcolcon.colcon_core.environment[0m [1;30mLevel 1[0m checking '/home/ivan/Webots_YOLOv8/install/soccer_vision_2d_msgs/lib'
[2.620s] [34mcolcon.colcon_core.shell[0m [1;30mLevel 1[0m create_environment_hook('soccer_vision_2d_msgs', 'ld_library_path_lib')
[2.620s] [34mcolcon.colcon_core.shell[0m [1;30mINFO[0m Creating environment hook '/home/ivan/Webots_YOLOv8/install/soccer_vision_2d_msgs/share/soccer_vision_2d_msgs/hook/ld_library_path_lib.ps1'
[2.621s] [34mcolcon.colcon_core.shell[0m [1;30mINFO[0m Creating environment descriptor '/home/ivan/Webots_YOLOv8/install/soccer_vision_2d_msgs/share/soccer_vision_2d_msgs/hook/ld_library_path_lib.dsv'
[2.621s] [34mcolcon.colcon_core.shell[0m [1;30mINFO[0m Creating environment hook '/home/ivan/Webots_YOLOv8/install/soccer_vision_2d_msgs/share/soccer_vision_2d_msgs/hook/ld_library_path_lib.sh'
[2.622s] [34mcolcon.colcon_core.environment[0m [1;30mLevel 1[0m checking '/home/ivan/Webots_YOLOv8/install/soccer_vision_2d_msgs/bin'
[2.622s] [34mcolcon.colcon_core.environment[0m [1;30mLevel 1[0m checking '/home/ivan/Webots_YOLOv8/install/soccer_vision_2d_msgs/lib/pkgconfig/soccer_vision_2d_msgs.pc'
[2.622s] [34mcolcon.colcon_core.environment[0m [1;30mLevel 1[0m checking '/home/ivan/Webots_YOLOv8/install/soccer_vision_2d_msgs/lib/python3.10/site-packages'
[2.622s] [34mcolcon.colcon_core.environment[0m [1;30mLevel 1[0m checking '/home/ivan/Webots_YOLOv8/install/soccer_vision_2d_msgs/bin'
[2.623s] [34mcolcon.colcon_core.shell[0m [1;30mINFO[0m Creating package script '/home/ivan/Webots_YOLOv8/install/soccer_vision_2d_msgs/share/soccer_vision_2d_msgs/package.ps1'
[2.623s] [34mcolcon.colcon_core.shell[0m [1;30mINFO[0m Creating package descriptor '/home/ivan/Webots_YOLOv8/install/soccer_vision_2d_msgs/share/soccer_vision_2d_msgs/package.dsv'
[2.624s] [34mcolcon.colcon_core.shell[0m [1;30mINFO[0m Creating package script '/home/ivan/Webots_YOLOv8/install/soccer_vision_2d_msgs/share/soccer_vision_2d_msgs/package.sh'
[2.624s] [34mcolcon.colcon_core.shell[0m [1;30mINFO[0m Creating package script '/home/ivan/Webots_YOLOv8/install/soccer_vision_2d_msgs/share/soccer_vision_2d_msgs/package.bash'
[2.625s] [34mcolcon.colcon_core.shell[0m [1;30mINFO[0m Creating package script '/home/ivan/Webots_YOLOv8/install/soccer_vision_2d_msgs/share/soccer_vision_2d_msgs/package.zsh'
[2.625s] [34mcolcon.colcon_core.environment[0m [1;30mLevel 1[0m create_file_with_runtime_dependencies(/home/ivan/Webots_YOLOv8/install/soccer_vision_2d_msgs/share/colcon-core/packages/soccer_vision_2d_msgs)
[2.626s] [34mcolcon.colcon_core.environment[0m [1;30mLevel 1[0m create_environment_scripts_only(soccer_vision_2d_msgs)
[2.626s] [34mcolcon.colcon_core.environment[0m [1;30mLevel 1[0m checking '/home/ivan/Webots_YOLOv8/install/soccer_vision_2d_msgs' for CMake module files
[2.627s] [34mcolcon.colcon_core.environment[0m [1;30mLevel 1[0m checking '/home/ivan/Webots_YOLOv8/install/soccer_vision_2d_msgs' for CMake config files
[2.628s] [34mcolcon.colcon_core.shell[0m [1;30mLevel 1[0m create_environment_hook('soccer_vision_2d_msgs', 'cmake_prefix_path')
[2.628s] [34mcolcon.colcon_core.shell[0m [1;30mINFO[0m Creating environment hook '/home/ivan/Webots_YOLOv8/install/soccer_vision_2d_msgs/share/soccer_vision_2d_msgs/hook/cmake_prefix_path.ps1'
[2.629s] [34mcolcon.colcon_core.shell[0m [1;30mINFO[0m Creating environment descriptor '/home/ivan/Webots_YOLOv8/install/soccer_vision_2d_msgs/share/soccer_vision_2d_msgs/hook/cmake_prefix_path.dsv'
[2.629s] [34mcolcon.colcon_core.shell[0m [1;30mINFO[0m Creating environment hook '/home/ivan/Webots_YOLOv8/install/soccer_vision_2d_msgs/share/soccer_vision_2d_msgs/hook/cmake_prefix_path.sh'
[2.630s] [34mcolcon.colcon_core.environment[0m [1;30mLevel 1[0m checking '/home/ivan/Webots_YOLOv8/install/soccer_vision_2d_msgs/lib'
[2.630s] [34mcolcon.colcon_core.shell[0m [1;30mLevel 1[0m create_environment_hook('soccer_vision_2d_msgs', 'ld_library_path_lib')
[2.630s] [34mcolcon.colcon_core.shell[0m [1;30mINFO[0m Creating environment hook '/home/ivan/Webots_YOLOv8/install/soccer_vision_2d_msgs/share/soccer_vision_2d_msgs/hook/ld_library_path_lib.ps1'
[2.631s] [34mcolcon.colcon_core.shell[0m [1;30mINFO[0m Creating environment descriptor '/home/ivan/Webots_YOLOv8/install/soccer_vision_2d_msgs/share/soccer_vision_2d_msgs/hook/ld_library_path_lib.dsv'
[2.631s] [34mcolcon.colcon_core.shell[0m [1;30mINFO[0m Creating environment hook '/home/ivan/Webots_YOLOv8/install/soccer_vision_2d_msgs/share/soccer_vision_2d_msgs/hook/ld_library_path_lib.sh'
[2.631s] [34mcolcon.colcon_core.environment[0m [1;30mLevel 1[0m checking '/home/ivan/Webots_YOLOv8/install/soccer_vision_2d_msgs/bin'
[2.632s] [34mcolcon.colcon_core.environment[0m [1;30mLevel 1[0m checking '/home/ivan/Webots_YOLOv8/install/soccer_vision_2d_msgs/lib/pkgconfig/soccer_vision_2d_msgs.pc'
[2.632s] [34mcolcon.colcon_core.environment[0m [1;30mLevel 1[0m checking '/home/ivan/Webots_YOLOv8/install/soccer_vision_2d_msgs/lib/python3.10/site-packages'
[2.632s] [34mcolcon.colcon_core.environment[0m [1;30mLevel 1[0m checking '/home/ivan/Webots_YOLOv8/install/soccer_vision_2d_msgs/bin'
[2.632s] [34mcolcon.colcon_core.shell[0m [1;30mINFO[0m Creating package script '/home/ivan/Webots_YOLOv8/install/soccer_vision_2d_msgs/share/soccer_vision_2d_msgs/package.ps1'
[2.633s] [34mcolcon.colcon_core.shell[0m [1;30mINFO[0m Creating package descriptor '/home/ivan/Webots_YOLOv8/install/soccer_vision_2d_msgs/share/soccer_vision_2d_msgs/package.dsv'
[2.634s] [34mcolcon.colcon_core.shell[0m [1;30mINFO[0m Creating package script '/home/ivan/Webots_YOLOv8/install/soccer_vision_2d_msgs/share/soccer_vision_2d_msgs/package.sh'
[2.634s] [34mcolcon.colcon_core.shell[0m [1;30mINFO[0m Creating package script '/home/ivan/Webots_YOLOv8/install/soccer_vision_2d_msgs/share/soccer_vision_2d_msgs/package.bash'
[2.635s] [34mcolcon.colcon_core.shell[0m [1;30mINFO[0m Creating package script '/home/ivan/Webots_YOLOv8/install/soccer_vision_2d_msgs/share/soccer_vision_2d_msgs/package.zsh'
[2.635s] [34mcolcon.colcon_core.environment[0m [1;30mLevel 1[0m create_file_with_runtime_dependencies(/home/ivan/Webots_YOLOv8/install/soccer_vision_2d_msgs/share/colcon-core/packages/soccer_vision_2d_msgs)
[2.636s] [34mcolcon.colcon_ros.task.ament_python.build[0m [1;30mINFO[0m Building ROS package in '/home/ivan/Webots_YOLOv8/src/Webots_YOLOv8' with build type 'ament_python'
[2.636s] [34mcolcon.colcon_core.shell[0m [1;30mLevel 1[0m create_environment_hook('Webots_YOLOv8', 'ament_prefix_path')
[2.636s] [34mcolcon.colcon_core.shell[0m [1;30mINFO[0m Creating environment hook '/home/ivan/Webots_YOLOv8/install/Webots_YOLOv8/share/Webots_YOLOv8/hook/ament_prefix_path.ps1'
[2.638s] [34mcolcon.colcon_core.shell[0m [1;30mINFO[0m Creating environment descriptor '/home/ivan/Webots_YOLOv8/install/Webots_YOLOv8/share/Webots_YOLOv8/hook/ament_prefix_path.dsv'
[2.638s] [34mcolcon.colcon_core.shell[0m [1;30mINFO[0m Creating environment hook '/home/ivan/Webots_YOLOv8/install/Webots_YOLOv8/share/Webots_YOLOv8/hook/ament_prefix_path.sh'
[2.639s] [34mcolcon.colcon_core.shell[0m [1;30mINFO[0m Skip shell extension 'powershell' for command environment: Not usable outside of PowerShell
[2.639s] [34mcolcon.colcon_core.shell[0m [1;30mDEBUG[0m [32mSkip shell extension 'dsv' for command environment[0m
[2.645s] [34mcolcon.colcon_ros.task.ament_cmake.build[0m [1;30mINFO[0m Building ROS package in '/home/ivan/Webots_YOLOv8/src/soccer_interfaces/soccer_interfaces' with build type 'ament_cmake'
[2.645s] [34mcolcon.colcon_cmake.task.cmake.build[0m [1;30mINFO[0m Building CMake package in '/home/ivan/Webots_YOLOv8/src/soccer_interfaces/soccer_interfaces'
[2.645s] [34mcolcon.colcon_core.shell[0m [1;30mINFO[0m Skip shell extension 'powershell' for command environment: Not usable outside of PowerShell
[2.645s] [34mcolcon.colcon_core.shell[0m [1;30mDEBUG[0m [32mSkip shell extension 'dsv' for command environment[0m
[2.652s] [34mcolcon.colcon_core.environment[0m [1;30mLevel 1[0m checking '/home/ivan/Webots_YOLOv8/install/my_package' for CMake module files
[2.653s] [34mcolcon.colcon_core.event_handler.log_command[0m [1;30mDEBUG[0m [32mInvoked command in '/home/ivan/Webots_YOLOv8/src/my_package' returned '0': PYTHONPATH=/home/ivan/Webots_YOLOv8/build/my_package/prefix_override:/usr/lib/python3/dist-packages/colcon_core/task/python/colcon_distutils_commands:/home/ivan/Webots_YOLOv8/install/my_package/lib/python3.10/site-packages:${PYTHONPATH} /usr/bin/python3 -W ignore:setup.py install is deprecated -W ignore:easy_install command is deprecated setup.py egg_info --egg-base ../../build/my_package build --build-base /home/ivan/Webots_YOLOv8/build/my_package/build install --record /home/ivan/Webots_YOLOv8/build/my_package/install.log --single-version-externally-managed install_data[0m
[2.653s] [34mcolcon.colcon_core.environment[0m [1;30mLevel 1[0m checking '/home/ivan/Webots_YOLOv8/install/my_package' for CMake config files
[2.654s] [34mcolcon.colcon_core.environment[0m [1;30mLevel 1[0m checking '/home/ivan/Webots_YOLOv8/install/my_package/lib'
[2.654s] [34mcolcon.colcon_core.environment[0m [1;30mLevel 1[0m checking '/home/ivan/Webots_YOLOv8/install/my_package/bin'
[2.654s] [34mcolcon.colcon_core.environment[0m [1;30mLevel 1[0m checking '/home/ivan/Webots_YOLOv8/install/my_package/lib/pkgconfig/my_package.pc'
[2.654s] [34mcolcon.colcon_core.environment[0m [1;30mLevel 1[0m checking '/home/ivan/Webots_YOLOv8/install/my_package/lib/python3.10/site-packages'
[2.654s] [34mcolcon.colcon_core.shell[0m [1;30mLevel 1[0m create_environment_hook('my_package', 'pythonpath')
[2.655s] [34mcolcon.colcon_core.shell[0m [1;30mINFO[0m Creating environment hook '/home/ivan/Webots_YOLOv8/install/my_package/share/my_package/hook/pythonpath.ps1'
[2.655s] [34mcolcon.colcon_core.shell[0m [1;30mINFO[0m Creating environment descriptor '/home/ivan/Webots_YOLOv8/install/my_package/share/my_package/hook/pythonpath.dsv'
[2.656s] [34mcolcon.colcon_core.shell[0m [1;30mINFO[0m Creating environment hook '/home/ivan/Webots_YOLOv8/install/my_package/share/my_package/hook/pythonpath.sh'
[2.656s] [34mcolcon.colcon_core.environment[0m [1;30mLevel 1[0m checking '/home/ivan/Webots_YOLOv8/install/my_package/bin'
[2.656s] [34mcolcon.colcon_core.environment[0m [1;30mLevel 1[0m create_environment_scripts_only(my_package)
[2.657s] [34mcolcon.colcon_core.shell[0m [1;30mINFO[0m Creating package script '/home/ivan/Webots_YOLOv8/install/my_package/share/my_package/package.ps1'
[2.657s] [34mcolcon.colcon_core.shell[0m [1;30mINFO[0m Creating package descriptor '/home/ivan/Webots_YOLOv8/install/my_package/share/my_package/package.dsv'
[2.658s] [34mcolcon.colcon_core.shell[0m [1;30mINFO[0m Creating package script '/home/ivan/Webots_YOLOv8/install/my_package/share/my_package/package.sh'
[2.658s] [34mcolcon.colcon_core.shell[0m [1;30mINFO[0m Creating package script '/home/ivan/Webots_YOLOv8/install/my_package/share/my_package/package.bash'
[2.658s] [34mcolcon.colcon_core.shell[0m [1;30mINFO[0m Creating package script '/home/ivan/Webots_YOLOv8/install/my_package/share/my_package/package.zsh'
[2.659s] [34mcolcon.colcon_core.environment[0m [1;30mLevel 1[0m create_file_with_runtime_dependencies(/home/ivan/Webots_YOLOv8/install/my_package/share/colcon-core/packages/my_package)
[2.938s] [34mcolcon.colcon_ros.task.ament_python.build[0m [1;30mWARNING[0m [33mPackage 'Webots_YOLOv8' doesn't explicitly install a marker in the package index (colcon-ros currently does it implicitly but that fallback will be removed in the future)[0m
[2.938s] [34mcolcon.colcon_core.task.python.build[0m [1;30mINFO[0m Building Python package in '/home/ivan/Webots_YOLOv8/src/Webots_YOLOv8'
[2.938s] [34mcolcon.colcon_core.shell[0m [1;30mINFO[0m Skip shell extension 'powershell' for command environment: Not usable outside of PowerShell
[2.938s] [34mcolcon.colcon_core.shell[0m [1;30mDEBUG[0m [32mSkip shell extension 'dsv' for command environment[0m
[2.948s] [34mcolcon.colcon_core.event_handler.log_command[0m [1;30mDEBUG[0m [32mInvoking command in '/home/ivan/Webots_YOLOv8/build/soccer_interfaces': CMAKE_PREFIX_PATH=/home/ivan/Webots_YOLOv8/install/soccer_vision_3d_msgs:/home/ivan/Webots_YOLOv8/install/soccer_vision_2d_msgs:/home/ivan/Webots_YOLOv8/install/soccer_vision_attribute_msgs:/home/ivan/Webots_YOLOv8/install/soccer_interfaces:/home/ivan/Webots_YOLOv8/install/soccer_model_msgs:/home/ivan/Webots_YOLOv8/install/soccer_geometry_msgs:/home/ivan/Webots_YOLOv8/install/ipm_interfaces:/home/ivan/ros2_ws/install/edrom_msgs:/home/ivan/Webots_YOLOv8/install/soccer_ipm:/home/ivan/Webots_YOLOv8/install/Webots_YOLOv8:/home/ivan/Webots_YOLOv8/install/my_package:/home/ivan/Webots_YOLOv8/install/ipm_service:/home/ivan/Webots_YOLOv8/install/ipm_image_node:/home/ivan/Webots_YOLOv8/install/ipm_library:/home/ivan/ros2_ws/install/object_finder_onnx:/home/ivan/ros2_ws/install/object_finder:/home/ivan/ros2_ws/install/my_package:/home/ivan/ros2_ws/install/Webots_YOLOv8:/opt/ros/humble LD_LIBRARY_PATH=/home/ivan/Webots_YOLOv8/install/soccer_vision_3d_msgs/lib:/home/ivan/Webots_YOLOv8/install/soccer_vision_2d_msgs/lib:/home/ivan/Webots_YOLOv8/install/soccer_vision_attribute_msgs/lib:/home/ivan/Webots_YOLOv8/install/soccer_model_msgs/lib:/home/ivan/Webots_YOLOv8/install/soccer_geometry_msgs/lib:/home/ivan/Webots_YOLOv8/install/ipm_interfaces/lib:/home/ivan/ros2_ws/install/edrom_msgs/lib:/opt/ros/humble/opt/rviz_ogre_vendor/lib:/opt/ros/humble/lib/x86_64-linux-gnu:/opt/ros/humble/lib /usr/bin/cmake --build /home/ivan/Webots_YOLOv8/build/soccer_interfaces -- -j12 -l12[0m
[2.949s] [34mcolcon.colcon_core.event_handler.log_command[0m [1;30mDEBUG[0m [32mInvoking command in '/home/ivan/Webots_YOLOv8/src/ipm/ipm_library': CMAKE_PREFIX_PATH=/home/ivan/Webots_YOLOv8/install/ipm_interfaces:/home/ivan/Webots_YOLOv8/install/soccer_interfaces:/home/ivan/Webots_YOLOv8/install/soccer_vision_3d_msgs:/home/ivan/Webots_YOLOv8/install/soccer_vision_2d_msgs:/home/ivan/Webots_YOLOv8/install/soccer_model_msgs:/home/ivan/Webots_YOLOv8/install/soccer_vision_attribute_msgs:/home/ivan/Webots_YOLOv8/install/soccer_geometry_msgs:/home/ivan/ros2_ws/install/edrom_msgs LD_LIBRARY_PATH=/home/ivan/Webots_YOLOv8/install/ipm_interfaces/lib:/home/ivan/Webots_YOLOv8/install/soccer_vision_3d_msgs/lib:/home/ivan/Webots_YOLOv8/install/soccer_vision_2d_msgs/lib:/home/ivan/Webots_YOLOv8/install/soccer_model_msgs/lib:/home/ivan/Webots_YOLOv8/install/soccer_vision_attribute_msgs/lib:/home/ivan/Webots_YOLOv8/install/soccer_geometry_msgs/lib:/home/ivan/ros2_ws/install/edrom_msgs/lib:/opt/ros/humble/opt/rviz_ogre_vendor/lib:/opt/ros/humble/lib/x86_64-linux-gnu:/opt/ros/humble/lib PYTHONPATH=/home/ivan/Webots_YOLOv8/build/ipm_library/prefix_override:/usr/lib/python3/dist-packages/colcon_core/task/python/colcon_distutils_commands:/home/ivan/Webots_YOLOv8/install/ipm_library/lib/python3.10/site-packages:${PYTHONPATH} /usr/bin/python3 -W ignore:setup.py install is deprecated -W ignore:easy_install command is deprecated setup.py egg_info --egg-base ../../../build/ipm_library build --build-base /home/ivan/Webots_YOLOv8/build/ipm_library/build install --record /home/ivan/Webots_YOLOv8/build/ipm_library/install.log --single-version-externally-managed install_data[0m
[2.999s] [34mcolcon.colcon_core.event_handler.log_command[0m [1;30mDEBUG[0m [32mInvoked command in '/home/ivan/Webots_YOLOv8/build/soccer_interfaces' returned '0': CMAKE_PREFIX_PATH=/home/ivan/Webots_YOLOv8/install/soccer_vision_3d_msgs:/home/ivan/Webots_YOLOv8/install/soccer_vision_2d_msgs:/home/ivan/Webots_YOLOv8/install/soccer_vision_attribute_msgs:/home/ivan/Webots_YOLOv8/install/soccer_interfaces:/home/ivan/Webots_YOLOv8/install/soccer_model_msgs:/home/ivan/Webots_YOLOv8/install/soccer_geometry_msgs:/home/ivan/Webots_YOLOv8/install/ipm_interfaces:/home/ivan/ros2_ws/install/edrom_msgs:/home/ivan/Webots_YOLOv8/install/soccer_ipm:/home/ivan/Webots_YOLOv8/install/Webots_YOLOv8:/home/ivan/Webots_YOLOv8/install/my_package:/home/ivan/Webots_YOLOv8/install/ipm_service:/home/ivan/Webots_YOLOv8/install/ipm_image_node:/home/ivan/Webots_YOLOv8/install/ipm_library:/home/ivan/ros2_ws/install/object_finder_onnx:/home/ivan/ros2_ws/install/object_finder:/home/ivan/ros2_ws/install/my_package:/home/ivan/ros2_ws/install/Webots_YOLOv8:/opt/ros/humble LD_LIBRARY_PATH=/home/ivan/Webots_YOLOv8/install/soccer_vision_3d_msgs/lib:/home/ivan/Webots_YOLOv8/install/soccer_vision_2d_msgs/lib:/home/ivan/Webots_YOLOv8/install/soccer_vision_attribute_msgs/lib:/home/ivan/Webots_YOLOv8/install/soccer_model_msgs/lib:/home/ivan/Webots_YOLOv8/install/soccer_geometry_msgs/lib:/home/ivan/Webots_YOLOv8/install/ipm_interfaces/lib:/home/ivan/ros2_ws/install/edrom_msgs/lib:/opt/ros/humble/opt/rviz_ogre_vendor/lib:/opt/ros/humble/lib/x86_64-linux-gnu:/opt/ros/humble/lib /usr/bin/cmake --build /home/ivan/Webots_YOLOv8/build/soccer_interfaces -- -j12 -l12[0m
[3.001s] [34mcolcon.colcon_core.event_handler.log_command[0m [1;30mDEBUG[0m [32mInvoking command in '/home/ivan/Webots_YOLOv8/build/soccer_interfaces': CMAKE_PREFIX_PATH=/home/ivan/Webots_YOLOv8/install/soccer_vision_3d_msgs:/home/ivan/Webots_YOLOv8/install/soccer_vision_2d_msgs:/home/ivan/Webots_YOLOv8/install/soccer_vision_attribute_msgs:/home/ivan/Webots_YOLOv8/install/soccer_interfaces:/home/ivan/Webots_YOLOv8/install/soccer_model_msgs:/home/ivan/Webots_YOLOv8/install/soccer_geometry_msgs:/home/ivan/Webots_YOLOv8/install/ipm_interfaces:/home/ivan/ros2_ws/install/edrom_msgs:/home/ivan/Webots_YOLOv8/install/soccer_ipm:/home/ivan/Webots_YOLOv8/install/Webots_YOLOv8:/home/ivan/Webots_YOLOv8/install/my_package:/home/ivan/Webots_YOLOv8/install/ipm_service:/home/ivan/Webots_YOLOv8/install/ipm_image_node:/home/ivan/Webots_YOLOv8/install/ipm_library:/home/ivan/ros2_ws/install/object_finder_onnx:/home/ivan/ros2_ws/install/object_finder:/home/ivan/ros2_ws/install/my_package:/home/ivan/ros2_ws/install/Webots_YOLOv8:/opt/ros/humble LD_LIBRARY_PATH=/home/ivan/Webots_YOLOv8/install/soccer_vision_3d_msgs/lib:/home/ivan/Webots_YOLOv8/install/soccer_vision_2d_msgs/lib:/home/ivan/Webots_YOLOv8/install/soccer_vision_attribute_msgs/lib:/home/ivan/Webots_YOLOv8/install/soccer_model_msgs/lib:/home/ivan/Webots_YOLOv8/install/soccer_geometry_msgs/lib:/home/ivan/Webots_YOLOv8/install/ipm_interfaces/lib:/home/ivan/ros2_ws/install/edrom_msgs/lib:/opt/ros/humble/opt/rviz_ogre_vendor/lib:/opt/ros/humble/lib/x86_64-linux-gnu:/opt/ros/humble/lib /usr/bin/cmake --install /home/ivan/Webots_YOLOv8/build/soccer_interfaces[0m
[3.014s] [34mcolcon.colcon_core.environment[0m [1;30mLevel 1[0m create_environment_scripts_only(soccer_interfaces)
[3.014s] [34mcolcon.colcon_core.environment[0m [1;30mLevel 1[0m checking '/home/ivan/Webots_YOLOv8/install/soccer_interfaces' for CMake module files
[3.015s] [34mcolcon.colcon_core.event_handler.log_command[0m [1;30mDEBUG[0m [32mInvoked command in '/home/ivan/Webots_YOLOv8/build/soccer_interfaces' returned '0': CMAKE_PREFIX_PATH=/home/ivan/Webots_YOLOv8/install/soccer_vision_3d_msgs:/home/ivan/Webots_YOLOv8/install/soccer_vision_2d_msgs:/home/ivan/Webots_YOLOv8/install/soccer_vision_attribute_msgs:/home/ivan/Webots_YOLOv8/install/soccer_interfaces:/home/ivan/Webots_YOLOv8/install/soccer_model_msgs:/home/ivan/Webots_YOLOv8/install/soccer_geometry_msgs:/home/ivan/Webots_YOLOv8/install/ipm_interfaces:/home/ivan/ros2_ws/install/edrom_msgs:/home/ivan/Webots_YOLOv8/install/soccer_ipm:/home/ivan/Webots_YOLOv8/install/Webots_YOLOv8:/home/ivan/Webots_YOLOv8/install/my_package:/home/ivan/Webots_YOLOv8/install/ipm_service:/home/ivan/Webots_YOLOv8/install/ipm_image_node:/home/ivan/Webots_YOLOv8/install/ipm_library:/home/ivan/ros2_ws/install/object_finder_onnx:/home/ivan/ros2_ws/install/object_finder:/home/ivan/ros2_ws/install/my_package:/home/ivan/ros2_ws/install/Webots_YOLOv8:/opt/ros/humble LD_LIBRARY_PATH=/home/ivan/Webots_YOLOv8/install/soccer_vision_3d_msgs/lib:/home/ivan/Webots_YOLOv8/install/soccer_vision_2d_msgs/lib:/home/ivan/Webots_YOLOv8/install/soccer_vision_attribute_msgs/lib:/home/ivan/Webots_YOLOv8/install/soccer_model_msgs/lib:/home/ivan/Webots_YOLOv8/install/soccer_geometry_msgs/lib:/home/ivan/Webots_YOLOv8/install/ipm_interfaces/lib:/home/ivan/ros2_ws/install/edrom_msgs/lib:/opt/ros/humble/opt/rviz_ogre_vendor/lib:/opt/ros/humble/lib/x86_64-linux-gnu:/opt/ros/humble/lib /usr/bin/cmake --install /home/ivan/Webots_YOLOv8/build/soccer_interfaces[0m
[3.015s] [34mcolcon.colcon_core.environment[0m [1;30mLevel 1[0m checking '/home/ivan/Webots_YOLOv8/install/soccer_interfaces' for CMake config files
[3.016s] [34mcolcon.colcon_core.shell[0m [1;30mLevel 1[0m create_environment_hook('soccer_interfaces', 'cmake_prefix_path')
[3.016s] [34mcolcon.colcon_core.shell[0m [1;30mINFO[0m Creating environment hook '/home/ivan/Webots_YOLOv8/install/soccer_interfaces/share/soccer_interfaces/hook/cmake_prefix_path.ps1'
[3.017s] [34mcolcon.colcon_core.shell[0m [1;30mINFO[0m Creating environment descriptor '/home/ivan/Webots_YOLOv8/install/soccer_interfaces/share/soccer_interfaces/hook/cmake_prefix_path.dsv'
[3.017s] [34mcolcon.colcon_core.shell[0m [1;30mINFO[0m Creating environment hook '/home/ivan/Webots_YOLOv8/install/soccer_interfaces/share/soccer_interfaces/hook/cmake_prefix_path.sh'
[3.017s] [34mcolcon.colcon_core.environment[0m [1;30mLevel 1[0m checking '/home/ivan/Webots_YOLOv8/install/soccer_interfaces/bin'
[3.018s] [34mcolcon.colcon_core.environment[0m [1;30mLevel 1[0m checking '/home/ivan/Webots_YOLOv8/install/soccer_interfaces/lib/pkgconfig/soccer_interfaces.pc'
[3.018s] [34mcolcon.colcon_core.environment[0m [1;30mLevel 1[0m checking '/home/ivan/Webots_YOLOv8/install/soccer_interfaces/lib/python3.10/site-packages'
[3.018s] [34mcolcon.colcon_core.environment[0m [1;30mLevel 1[0m checking '/home/ivan/Webots_YOLOv8/install/soccer_interfaces/bin'
[3.018s] [34mcolcon.colcon_core.shell[0m [1;30mINFO[0m Creating package script '/home/ivan/Webots_YOLOv8/install/soccer_interfaces/share/soccer_interfaces/package.ps1'
[3.019s] [34mcolcon.colcon_core.shell[0m [1;30mINFO[0m Creating package descriptor '/home/ivan/Webots_YOLOv8/install/soccer_interfaces/share/soccer_interfaces/package.dsv'
[3.019s] [34mcolcon.colcon_core.shell[0m [1;30mINFO[0m Creating package script '/home/ivan/Webots_YOLOv8/install/soccer_interfaces/share/soccer_interfaces/package.sh'
[3.019s] [34mcolcon.colcon_core.shell[0m [1;30mINFO[0m Creating package script '/home/ivan/Webots_YOLOv8/install/soccer_interfaces/share/soccer_interfaces/package.bash'
[3.020s] [34mcolcon.colcon_core.shell[0m [1;30mINFO[0m Creating package script '/home/ivan/Webots_YOLOv8/install/soccer_interfaces/share/soccer_interfaces/package.zsh'
[3.020s] [34mcolcon.colcon_core.environment[0m [1;30mLevel 1[0m create_file_with_runtime_dependencies(/home/ivan/Webots_YOLOv8/install/soccer_interfaces/share/colcon-core/packages/soccer_interfaces)
[3.020s] [34mcolcon.colcon_core.environment[0m [1;30mLevel 1[0m create_environment_scripts_only(soccer_interfaces)
[3.021s] [34mcolcon.colcon_core.environment[0m [1;30mLevel 1[0m checking '/home/ivan/Webots_YOLOv8/install/soccer_interfaces' for CMake module files
[3.021s] [34mcolcon.colcon_core.environment[0m [1;30mLevel 1[0m checking '/home/ivan/Webots_YOLOv8/install/soccer_interfaces' for CMake config files
[3.021s] [34mcolcon.colcon_core.shell[0m [1;30mLevel 1[0m create_environment_hook('soccer_interfaces', 'cmake_prefix_path')
[3.021s] [34mcolcon.colcon_core.shell[0m [1;30mINFO[0m Creating environment hook '/home/ivan/Webots_YOLOv8/install/soccer_interfaces/share/soccer_interfaces/hook/cmake_prefix_path.ps1'
[3.022s] [34mcolcon.colcon_core.shell[0m [1;30mINFO[0m Creating environment descriptor '/home/ivan/Webots_YOLOv8/install/soccer_interfaces/share/soccer_interfaces/hook/cmake_prefix_path.dsv'
[3.022s] [34mcolcon.colcon_core.shell[0m [1;30mINFO[0m Creating environment hook '/home/ivan/Webots_YOLOv8/install/soccer_interfaces/share/soccer_interfaces/hook/cmake_prefix_path.sh'
[3.023s] [34mcolcon.colcon_core.environment[0m [1;30mLevel 1[0m checking '/home/ivan/Webots_YOLOv8/install/soccer_interfaces/bin'
[3.023s] [34mcolcon.colcon_core.environment[0m [1;30mLevel 1[0m checking '/home/ivan/Webots_YOLOv8/install/soccer_interfaces/lib/pkgconfig/soccer_interfaces.pc'
[3.023s] [34mcolcon.colcon_core.environment[0m [1;30mLevel 1[0m checking '/home/ivan/Webots_YOLOv8/install/soccer_interfaces/lib/python3.10/site-packages'
[3.023s] [34mcolcon.colcon_core.environment[0m [1;30mLevel 1[0m checking '/home/ivan/Webots_YOLOv8/install/soccer_interfaces/bin'
[3.023s] [34mcolcon.colcon_core.shell[0m [1;30mINFO[0m Creating package script '/home/ivan/Webots_YOLOv8/install/soccer_interfaces/share/soccer_interfaces/package.ps1'
[3.024s] [34mcolcon.colcon_core.shell[0m [1;30mINFO[0m Creating package descriptor '/home/ivan/Webots_YOLOv8/install/soccer_interfaces/share/soccer_interfaces/package.dsv'
[3.024s] [34mcolcon.colcon_core.shell[0m [1;30mINFO[0m Creating package script '/home/ivan/Webots_YOLOv8/install/soccer_interfaces/share/soccer_interfaces/package.sh'
[3.024s] [34mcolcon.colcon_core.shell[0m [1;30mINFO[0m Creating package script '/home/ivan/Webots_YOLOv8/install/soccer_interfaces/share/soccer_interfaces/package.bash'
[3.025s] [34mcolcon.colcon_core.shell[0m [1;30mINFO[0m Creating package script '/home/ivan/Webots_YOLOv8/install/soccer_interfaces/share/soccer_interfaces/package.zsh'
[3.025s] [34mcolcon.colcon_core.environment[0m [1;30mLevel 1[0m create_file_with_runtime_dependencies(/home/ivan/Webots_YOLOv8/install/soccer_interfaces/share/colcon-core/packages/soccer_interfaces)
[3.306s] [34mcolcon.colcon_core.environment[0m [1;30mLevel 1[0m checking '/home/ivan/Webots_YOLOv8/install/ipm_library' for CMake module files
[3.307s] [34mcolcon.colcon_core.event_handler.log_command[0m [1;30mDEBUG[0m [32mInvoked command in '/home/ivan/Webots_YOLOv8/src/ipm/ipm_library' returned '0': CMAKE_PREFIX_PATH=/home/ivan/Webots_YOLOv8/install/ipm_interfaces:/home/ivan/Webots_YOLOv8/install/soccer_interfaces:/home/ivan/Webots_YOLOv8/install/soccer_vision_3d_msgs:/home/ivan/Webots_YOLOv8/install/soccer_vision_2d_msgs:/home/ivan/Webots_YOLOv8/install/soccer_model_msgs:/home/ivan/Webots_YOLOv8/install/soccer_vision_attribute_msgs:/home/ivan/Webots_YOLOv8/install/soccer_geometry_msgs:/home/ivan/ros2_ws/install/edrom_msgs LD_LIBRARY_PATH=/home/ivan/Webots_YOLOv8/install/ipm_interfaces/lib:/home/ivan/Webots_YOLOv8/install/soccer_vision_3d_msgs/lib:/home/ivan/Webots_YOLOv8/install/soccer_vision_2d_msgs/lib:/home/ivan/Webots_YOLOv8/install/soccer_model_msgs/lib:/home/ivan/Webots_YOLOv8/install/soccer_vision_attribute_msgs/lib:/home/ivan/Webots_YOLOv8/install/soccer_geometry_msgs/lib:/home/ivan/ros2_ws/install/edrom_msgs/lib:/opt/ros/humble/opt/rviz_ogre_vendor/lib:/opt/ros/humble/lib/x86_64-linux-gnu:/opt/ros/humble/lib PYTHONPATH=/home/ivan/Webots_YOLOv8/build/ipm_library/prefix_override:/usr/lib/python3/dist-packages/colcon_core/task/python/colcon_distutils_commands:/home/ivan/Webots_YOLOv8/install/ipm_library/lib/python3.10/site-packages:${PYTHONPATH} /usr/bin/python3 -W ignore:setup.py install is deprecated -W ignore:easy_install command is deprecated setup.py egg_info --egg-base ../../../build/ipm_library build --build-base /home/ivan/Webots_YOLOv8/build/ipm_library/build install --record /home/ivan/Webots_YOLOv8/build/ipm_library/install.log --single-version-externally-managed install_data[0m
[3.307s] [34mcolcon.colcon_core.environment[0m [1;30mLevel 1[0m checking '/home/ivan/Webots_YOLOv8/install/ipm_library' for CMake config files
[3.308s] [34mcolcon.colcon_core.environment[0m [1;30mLevel 1[0m checking '/home/ivan/Webots_YOLOv8/install/ipm_library/lib'
[3.308s] [34mcolcon.colcon_core.environment[0m [1;30mLevel 1[0m checking '/home/ivan/Webots_YOLOv8/install/ipm_library/bin'
[3.308s] [34mcolcon.colcon_core.environment[0m [1;30mLevel 1[0m checking '/home/ivan/Webots_YOLOv8/install/ipm_library/lib/pkgconfig/ipm_library.pc'
[3.309s] [34mcolcon.colcon_core.environment[0m [1;30mLevel 1[0m checking '/home/ivan/Webots_YOLOv8/install/ipm_library/lib/python3.10/site-packages'
[3.309s] [34mcolcon.colcon_core.shell[0m [1;30mLevel 1[0m create_environment_hook('ipm_library', 'pythonpath')
[3.309s] [34mcolcon.colcon_core.shell[0m [1;30mINFO[0m Creating environment hook '/home/ivan/Webots_YOLOv8/install/ipm_library/share/ipm_library/hook/pythonpath.ps1'
[3.310s] [34mcolcon.colcon_core.shell[0m [1;30mINFO[0m Creating environment descriptor '/home/ivan/Webots_YOLOv8/install/ipm_library/share/ipm_library/hook/pythonpath.dsv'
[3.312s] [34mcolcon.colcon_core.shell[0m [1;30mINFO[0m Creating environment hook '/home/ivan/Webots_YOLOv8/install/ipm_library/share/ipm_library/hook/pythonpath.sh'
[3.313s] [34mcolcon.colcon_core.environment[0m [1;30mLevel 1[0m checking '/home/ivan/Webots_YOLOv8/install/ipm_library/bin'
[3.313s] [34mcolcon.colcon_core.environment[0m [1;30mLevel 1[0m create_environment_scripts_only(ipm_library)
[3.314s] [34mcolcon.colcon_core.shell[0m [1;30mINFO[0m Creating package script '/home/ivan/Webots_YOLOv8/install/ipm_library/share/ipm_library/package.ps1'
[3.314s] [34mcolcon.colcon_core.shell[0m [1;30mINFO[0m Creating package descriptor '/home/ivan/Webots_YOLOv8/install/ipm_library/share/ipm_library/package.dsv'
[3.315s] [34mcolcon.colcon_core.shell[0m [1;30mINFO[0m Creating package script '/home/ivan/Webots_YOLOv8/install/ipm_library/share/ipm_library/package.sh'
[3.315s] [34mcolcon.colcon_core.shell[0m [1;30mINFO[0m Creating package script '/home/ivan/Webots_YOLOv8/install/ipm_library/share/ipm_library/package.bash'
[3.316s] [34mcolcon.colcon_core.shell[0m [1;30mINFO[0m Creating package script '/home/ivan/Webots_YOLOv8/install/ipm_library/share/ipm_library/package.zsh'
[3.316s] [34mcolcon.colcon_core.environment[0m [1;30mLevel 1[0m create_file_with_runtime_dependencies(/home/ivan/Webots_YOLOv8/install/ipm_library/share/colcon-core/packages/ipm_library)
[3.317s] [34mcolcon.colcon_ros.task.ament_python.build[0m [1;30mINFO[0m Building ROS package in '/home/ivan/Webots_YOLOv8/src/ipm/ipm_image_node' with build type 'ament_python'
[3.317s] [34mcolcon.colcon_core.shell[0m [1;30mLevel 1[0m create_environment_hook('ipm_image_node', 'ament_prefix_path')
[3.317s] [34mcolcon.colcon_core.shell[0m [1;30mINFO[0m Creating environment hook '/home/ivan/Webots_YOLOv8/install/ipm_image_node/share/ipm_image_node/hook/ament_prefix_path.ps1'
[3.318s] [34mcolcon.colcon_core.shell[0m [1;30mINFO[0m Creating environment descriptor '/home/ivan/Webots_YOLOv8/install/ipm_image_node/share/ipm_image_node/hook/ament_prefix_path.dsv'
[3.319s] [34mcolcon.colcon_core.shell[0m [1;30mINFO[0m Creating environment hook '/home/ivan/Webots_YOLOv8/install/ipm_image_node/share/ipm_image_node/hook/ament_prefix_path.sh'
[3.319s] [34mcolcon.colcon_core.shell[0m [1;30mINFO[0m Skip shell extension 'powershell' for command environment: Not usable outside of PowerShell
[3.319s] [34mcolcon.colcon_core.shell[0m [1;30mDEBUG[0m [32mSkip shell extension 'dsv' for command environment[0m
[3.325s] [34mcolcon.colcon_ros.task.ament_python.build[0m [1;30mINFO[0m Building ROS package in '/home/ivan/Webots_YOLOv8/src/ipm/ipm_service' with build type 'ament_python'
[3.325s] [34mcolcon.colcon_core.shell[0m [1;30mLevel 1[0m create_environment_hook('ipm_service', 'ament_prefix_path')
[3.325s] [34mcolcon.colcon_core.shell[0m [1;30mINFO[0m Creating environment hook '/home/ivan/Webots_YOLOv8/install/ipm_service/share/ipm_service/hook/ament_prefix_path.ps1'
[3.327s] [34mcolcon.colcon_core.shell[0m [1;30mINFO[0m Creating environment descriptor '/home/ivan/Webots_YOLOv8/install/ipm_service/share/ipm_service/hook/ament_prefix_path.dsv'
[3.328s] [34mcolcon.colcon_core.shell[0m [1;30mINFO[0m Creating environment hook '/home/ivan/Webots_YOLOv8/install/ipm_service/share/ipm_service/hook/ament_prefix_path.sh'
[3.329s] [34mcolcon.colcon_core.shell[0m [1;30mINFO[0m Skip shell extension 'powershell' for command environment: Not usable outside of PowerShell
[3.329s] [34mcolcon.colcon_core.shell[0m [1;30mDEBUG[0m [32mSkip shell extension 'dsv' for command environment[0m
[3.336s] [34mcolcon.colcon_ros.task.ament_python.build[0m [1;30mINFO[0m Building ROS package in '/home/ivan/Webots_YOLOv8/src/soccer_ipm/soccer_ipm' with build type 'ament_python'
[3.336s] [34mcolcon.colcon_core.shell[0m [1;30mLevel 1[0m create_environment_hook('soccer_ipm', 'ament_prefix_path')
[3.337s] [34mcolcon.colcon_core.shell[0m [1;30mINFO[0m Creating environment hook '/home/ivan/Webots_YOLOv8/install/soccer_ipm/share/soccer_ipm/hook/ament_prefix_path.ps1'
[3.338s] [34mcolcon.colcon_core.shell[0m [1;30mINFO[0m Creating environment descriptor '/home/ivan/Webots_YOLOv8/install/soccer_ipm/share/soccer_ipm/hook/ament_prefix_path.dsv'
[3.339s] [34mcolcon.colcon_core.shell[0m [1;30mINFO[0m Creating environment hook '/home/ivan/Webots_YOLOv8/install/soccer_ipm/share/soccer_ipm/hook/ament_prefix_path.sh'
[3.341s] [34mcolcon.colcon_core.shell[0m [1;30mINFO[0m Skip shell extension 'powershell' for command environment: Not usable outside of PowerShell
[3.341s] [34mcolcon.colcon_core.shell[0m [1;30mDEBUG[0m [32mSkip shell extension 'dsv' for command environment[0m
[3.640s] [34mcolcon.colcon_core.task.python.build[0m [1;30mINFO[0m Building Python package in '/home/ivan/Webots_YOLOv8/src/ipm/ipm_image_node'
[3.641s] [34mcolcon.colcon_core.shell[0m [1;30mINFO[0m Skip shell extension 'powershell' for command environment: Not usable outside of PowerShell
[3.641s] [34mcolcon.colcon_core.shell[0m [1;30mDEBUG[0m [32mSkip shell extension 'dsv' for command environment[0m
[3.967s] [34mcolcon.colcon_core.task.python.build[0m [1;30mINFO[0m Building Python package in '/home/ivan/Webots_YOLOv8/src/ipm/ipm_service'
[3.968s] [34mcolcon.colcon_core.shell[0m [1;30mINFO[0m Skip shell extension 'powershell' for command environment: Not usable outside of PowerShell
[3.968s] [34mcolcon.colcon_core.shell[0m [1;30mDEBUG[0m [32mSkip shell extension 'dsv' for command environment[0m
[3.977s] [34mcolcon.colcon_core.event_handler.log_command[0m [1;30mDEBUG[0m [32mInvoking command in '/home/ivan/Webots_YOLOv8/src/Webots_YOLOv8': CMAKE_PREFIX_PATH=/home/ivan/Webots_YOLOv8/install/soccer_vision_2d_msgs:/home/ivan/Webots_YOLOv8/install/soccer_vision_attribute_msgs:/home/ivan/Webots_YOLOv8/install/soccer_interfaces:/home/ivan/Webots_YOLOv8/install/soccer_vision_3d_msgs:/home/ivan/Webots_YOLOv8/install/soccer_model_msgs:/home/ivan/Webots_YOLOv8/install/soccer_geometry_msgs:/home/ivan/Webots_YOLOv8/install/ipm_interfaces:/home/ivan/ros2_ws/install/edrom_msgs LD_LIBRARY_PATH=/home/ivan/Webots_YOLOv8/install/soccer_vision_2d_msgs/lib:/home/ivan/Webots_YOLOv8/install/soccer_vision_attribute_msgs/lib:/home/ivan/Webots_YOLOv8/install/soccer_vision_3d_msgs/lib:/home/ivan/Webots_YOLOv8/install/soccer_model_msgs/lib:/home/ivan/Webots_YOLOv8/install/soccer_geometry_msgs/lib:/home/ivan/Webots_YOLOv8/install/ipm_interfaces/lib:/home/ivan/ros2_ws/install/edrom_msgs/lib:/opt/ros/humble/opt/rviz_ogre_vendor/lib:/opt/ros/humble/lib/x86_64-linux-gnu:/opt/ros/humble/lib PYTHONPATH=/home/ivan/Webots_YOLOv8/build/Webots_YOLOv8/prefix_override:/usr/lib/python3/dist-packages/colcon_core/task/python/colcon_distutils_commands:/home/ivan/Webots_YOLOv8/install/Webots_YOLOv8/lib/python3.10/site-packages:${PYTHONPATH} /usr/bin/python3 -W ignore:setup.py install is deprecated -W ignore:easy_install command is deprecated setup.py egg_info --egg-base ../../build/Webots_YOLOv8 build --build-base /home/ivan/Webots_YOLOv8/build/Webots_YOLOv8/build install --record /home/ivan/Webots_YOLOv8/build/Webots_YOLOv8/install.log --single-version-externally-managed install_data[0m
[4.274s] [34mcolcon.colcon_core.task.python.build[0m [1;30mINFO[0m Building Python package in '/home/ivan/Webots_YOLOv8/src/soccer_ipm/soccer_ipm'
[4.275s] [34mcolcon.colcon_core.shell[0m [1;30mINFO[0m Skip shell extension 'powershell' for command environment: Not usable outside of PowerShell
[4.275s] [34mcolcon.colcon_core.shell[0m [1;30mDEBUG[0m [32mSkip shell extension 'dsv' for command environment[0m
[4.319s] [34mcolcon.colcon_core.environment[0m [1;30mLevel 1[0m checking '/home/ivan/Webots_YOLOv8/install/Webots_YOLOv8' for CMake module files
[4.320s] [34mcolcon.colcon_core.event_handler.log_command[0m [1;30mDEBUG[0m [32mInvoked command in '/home/ivan/Webots_YOLOv8/src/Webots_YOLOv8' returned '0': CMAKE_PREFIX_PATH=/home/ivan/Webots_YOLOv8/install/soccer_vision_2d_msgs:/home/ivan/Webots_YOLOv8/install/soccer_vision_attribute_msgs:/home/ivan/Webots_YOLOv8/install/soccer_interfaces:/home/ivan/Webots_YOLOv8/install/soccer_vision_3d_msgs:/home/ivan/Webots_YOLOv8/install/soccer_model_msgs:/home/ivan/Webots_YOLOv8/install/soccer_geometry_msgs:/home/ivan/Webots_YOLOv8/install/ipm_interfaces:/home/ivan/ros2_ws/install/edrom_msgs LD_LIBRARY_PATH=/home/ivan/Webots_YOLOv8/install/soccer_vision_2d_msgs/lib:/home/ivan/Webots_YOLOv8/install/soccer_vision_attribute_msgs/lib:/home/ivan/Webots_YOLOv8/install/soccer_vision_3d_msgs/lib:/home/ivan/Webots_YOLOv8/install/soccer_model_msgs/lib:/home/ivan/Webots_YOLOv8/install/soccer_geometry_msgs/lib:/home/ivan/Webots_YOLOv8/install/ipm_interfaces/lib:/home/ivan/ros2_ws/install/edrom_msgs/lib:/opt/ros/humble/opt/rviz_ogre_vendor/lib:/opt/ros/humble/lib/x86_64-linux-gnu:/opt/ros/humble/lib PYTHONPATH=/home/ivan/Webots_YOLOv8/build/Webots_YOLOv8/prefix_override:/usr/lib/python3/dist-packages/colcon_core/task/python/colcon_distutils_commands:/home/ivan/Webots_YOLOv8/install/Webots_YOLOv8/lib/python3.10/site-packages:${PYTHONPATH} /usr/bin/python3 -W ignore:setup.py install is deprecated -W ignore:easy_install command is deprecated setup.py egg_info --egg-base ../../build/Webots_YOLOv8 build --build-base /home/ivan/Webots_YOLOv8/build/Webots_YOLOv8/build install --record /home/ivan/Webots_YOLOv8/build/Webots_YOLOv8/install.log --single-version-externally-managed install_data[0m
[4.321s] [34mcolcon.colcon_core.environment[0m [1;30mLevel 1[0m checking '/home/ivan/Webots_YOLOv8/install/Webots_YOLOv8' for CMake config files
[4.321s] [34mcolcon.colcon_core.environment[0m [1;30mLevel 1[0m checking '/home/ivan/Webots_YOLOv8/install/Webots_YOLOv8/lib'
[4.321s] [34mcolcon.colcon_core.environment[0m [1;30mLevel 1[0m checking '/home/ivan/Webots_YOLOv8/install/Webots_YOLOv8/bin'
[4.321s] [34mcolcon.colcon_core.environment[0m [1;30mLevel 1[0m checking '/home/ivan/Webots_YOLOv8/install/Webots_YOLOv8/lib/pkgconfig/Webots_YOLOv8.pc'
[4.321s] [34mcolcon.colcon_core.environment[0m [1;30mLevel 1[0m checking '/home/ivan/Webots_YOLOv8/install/Webots_YOLOv8/lib/python3.10/site-packages'
[4.321s] [34mcolcon.colcon_core.shell[0m [1;30mLevel 1[0m create_environment_hook('Webots_YOLOv8', 'pythonpath')
[4.322s] [34mcolcon.colcon_core.shell[0m [1;30mINFO[0m Creating environment hook '/home/ivan/Webots_YOLOv8/install/Webots_YOLOv8/share/Webots_YOLOv8/hook/pythonpath.ps1'
[4.322s] [34mcolcon.colcon_core.shell[0m [1;30mINFO[0m Creating environment descriptor '/home/ivan/Webots_YOLOv8/install/Webots_YOLOv8/share/Webots_YOLOv8/hook/pythonpath.dsv'
[4.322s] [34mcolcon.colcon_core.shell[0m [1;30mINFO[0m Creating environment hook '/home/ivan/Webots_YOLOv8/install/Webots_YOLOv8/share/Webots_YOLOv8/hook/pythonpath.sh'
[4.323s] [34mcolcon.colcon_core.environment[0m [1;30mLevel 1[0m checking '/home/ivan/Webots_YOLOv8/install/Webots_YOLOv8/bin'
[4.323s] [34mcolcon.colcon_core.environment[0m [1;30mLevel 1[0m create_environment_scripts_only(Webots_YOLOv8)
[4.323s] [34mcolcon.colcon_core.shell[0m [1;30mINFO[0m Creating package script '/home/ivan/Webots_YOLOv8/install/Webots_YOLOv8/share/Webots_YOLOv8/package.ps1'
[4.324s] [34mcolcon.colcon_core.shell[0m [1;30mINFO[0m Creating package descriptor '/home/ivan/Webots_YOLOv8/install/Webots_YOLOv8/share/Webots_YOLOv8/package.dsv'
[4.324s] [34mcolcon.colcon_core.shell[0m [1;30mINFO[0m Creating package script '/home/ivan/Webots_YOLOv8/install/Webots_YOLOv8/share/Webots_YOLOv8/package.sh'
[4.325s] [34mcolcon.colcon_core.shell[0m [1;30mINFO[0m Creating package script '/home/ivan/Webots_YOLOv8/install/Webots_YOLOv8/share/Webots_YOLOv8/package.bash'
[4.325s] [34mcolcon.colcon_core.shell[0m [1;30mINFO[0m Creating package script '/home/ivan/Webots_YOLOv8/install/Webots_YOLOv8/share/Webots_YOLOv8/package.zsh'
[4.326s] [34mcolcon.colcon_core.environment[0m [1;30mLevel 1[0m create_file_with_runtime_dependencies(/home/ivan/Webots_YOLOv8/install/Webots_YOLOv8/share/colcon-core/packages/Webots_YOLOv8)
[4.657s] [34mcolcon.colcon_core.event_handler.log_command[0m [1;30mDEBUG[0m [32mInvoking command in '/home/ivan/Webots_YOLOv8/src/ipm/ipm_image_node': AMENT_PREFIX_PATH=/home/ivan/Webots_YOLOv8/install/ipm_library:/home/ivan/Webots_YOLOv8/install/soccer_ipm:/home/ivan/Webots_YOLOv8/install/soccer_interfaces:/home/ivan/Webots_YOLOv8/install/soccer_vision_3d_msgs:/home/ivan/Webots_YOLOv8/install/Webots_YOLOv8:/home/ivan/Webots_YOLOv8/install/soccer_vision_2d_msgs:/home/ivan/Webots_YOLOv8/install/soccer_model_msgs:/home/ivan/Webots_YOLOv8/install/soccer_vision_attribute_msgs:/home/ivan/Webots_YOLOv8/install/soccer_geometry_msgs:/home/ivan/Webots_YOLOv8/install/my_package:/home/ivan/Webots_YOLOv8/install/ipm_service:/home/ivan/Webots_YOLOv8/install/ipm_image_node:/home/ivan/Webots_YOLOv8/install/ipm_interfaces:/home/ivan/ros2_ws/install/object_finder_onnx:/home/ivan/ros2_ws/install/object_finder:/home/ivan/ros2_ws/install/my_package:/home/ivan/ros2_ws/install/Webots_YOLOv8:/home/ivan/ros2_ws/install/edrom_msgs:/opt/ros/humble CMAKE_PREFIX_PATH=/home/ivan/Webots_YOLOv8/install/ipm_interfaces:/home/ivan/Webots_YOLOv8/install/soccer_interfaces:/home/ivan/Webots_YOLOv8/install/soccer_vision_3d_msgs:/home/ivan/Webots_YOLOv8/install/soccer_vision_2d_msgs:/home/ivan/Webots_YOLOv8/install/soccer_model_msgs:/home/ivan/Webots_YOLOv8/install/soccer_vision_attribute_msgs:/home/ivan/Webots_YOLOv8/install/soccer_geometry_msgs:/home/ivan/ros2_ws/install/edrom_msgs LD_LIBRARY_PATH=/home/ivan/Webots_YOLOv8/install/ipm_interfaces/lib:/home/ivan/Webots_YOLOv8/install/soccer_vision_3d_msgs/lib:/home/ivan/Webots_YOLOv8/install/soccer_vision_2d_msgs/lib:/home/ivan/Webots_YOLOv8/install/soccer_model_msgs/lib:/home/ivan/Webots_YOLOv8/install/soccer_vision_attribute_msgs/lib:/home/ivan/Webots_YOLOv8/install/soccer_geometry_msgs/lib:/home/ivan/ros2_ws/install/edrom_msgs/lib:/opt/ros/humble/opt/rviz_ogre_vendor/lib:/opt/ros/humble/lib/x86_64-linux-gnu:/opt/ros/humble/lib PYTHONPATH=/home/ivan/Webots_YOLOv8/build/ipm_image_node/prefix_override:/usr/lib/python3/dist-packages/colcon_core/task/python/colcon_distutils_commands:/home/ivan/Webots_YOLOv8/install/ipm_image_node/lib/python3.10/site-packages:/home/ivan/Webots_YOLOv8/install/ipm_library/lib/python3.10/site-packages:/home/ivan/Webots_YOLOv8/install/soccer_ipm/lib/python3.10/site-packages:/home/ivan/Webots_YOLOv8/install/soccer_vision_3d_msgs/local/lib/python3.10/dist-packages:/home/ivan/Webots_YOLOv8/install/Webots_YOLOv8/lib/python3.10/site-packages:/home/ivan/Webots_YOLOv8/install/soccer_vision_2d_msgs/local/lib/python3.10/dist-packages:/home/ivan/Webots_YOLOv8/install/soccer_model_msgs/local/lib/python3.10/dist-packages:/home/ivan/Webots_YOLOv8/install/soccer_vision_attribute_msgs/local/lib/python3.10/dist-packages:/home/ivan/Webots_YOLOv8/install/soccer_geometry_msgs/local/lib/python3.10/dist-packages:/home/ivan/Webots_YOLOv8/install/my_package/lib/python3.10/site-packages:/home/ivan/Webots_YOLOv8/install/ipm_service/lib/python3.10/site-packages:/home/ivan/Webots_YOLOv8/install/ipm_image_node/lib/python3.10/site-packages:/home/ivan/Webots_YOLOv8/install/ipm_interfaces/local/lib/python3.10/dist-packages:/home/ivan/ros2_ws/install/object_finder_onnx/lib/python3.10/site-packages:/home/ivan/ros2_ws/install/object_finder/lib/python3.10/site-packages:/home/ivan/ros2_ws/install/my_package/lib/python3.10/site-packages:/home/ivan/ros2_ws/install/Webots_YOLOv8/lib/python3.10/site-packages:/home/ivan/ros2_ws/install/edrom_msgs/local/lib/python3.10/dist-packages:/opt/ros/humble/lib/python3.10/site-packages:/opt/ros/humble/local/lib/python3.10/dist-packages /usr/bin/python3 -W ignore:setup.py install is deprecated -W ignore:easy_install command is deprecated setup.py egg_info --egg-base ../../../build/ipm_image_node build --build-base /home/ivan/Webots_YOLOv8/build/ipm_image_node/build install --record /home/ivan/Webots_YOLOv8/build/ipm_image_node/install.log --single-version-externally-managed install_data[0m
[4.682s] [34mcolcon.colcon_core.event_handler.log_command[0m [1;30mDEBUG[0m [32mInvoking command in '/home/ivan/Webots_YOLOv8/src/ipm/ipm_service': AMENT_PREFIX_PATH=/home/ivan/Webots_YOLOv8/install/ipm_library:/home/ivan/Webots_YOLOv8/install/soccer_ipm:/home/ivan/Webots_YOLOv8/install/soccer_interfaces:/home/ivan/Webots_YOLOv8/install/soccer_vision_3d_msgs:/home/ivan/Webots_YOLOv8/install/Webots_YOLOv8:/home/ivan/Webots_YOLOv8/install/soccer_vision_2d_msgs:/home/ivan/Webots_YOLOv8/install/soccer_model_msgs:/home/ivan/Webots_YOLOv8/install/soccer_vision_attribute_msgs:/home/ivan/Webots_YOLOv8/install/soccer_geometry_msgs:/home/ivan/Webots_YOLOv8/install/my_package:/home/ivan/Webots_YOLOv8/install/ipm_service:/home/ivan/Webots_YOLOv8/install/ipm_image_node:/home/ivan/Webots_YOLOv8/install/ipm_interfaces:/home/ivan/ros2_ws/install/object_finder_onnx:/home/ivan/ros2_ws/install/object_finder:/home/ivan/ros2_ws/install/my_package:/home/ivan/ros2_ws/install/Webots_YOLOv8:/home/ivan/ros2_ws/install/edrom_msgs:/opt/ros/humble CMAKE_PREFIX_PATH=/home/ivan/Webots_YOLOv8/install/ipm_interfaces:/home/ivan/Webots_YOLOv8/install/soccer_interfaces:/home/ivan/Webots_YOLOv8/install/soccer_vision_3d_msgs:/home/ivan/Webots_YOLOv8/install/soccer_vision_2d_msgs:/home/ivan/Webots_YOLOv8/install/soccer_model_msgs:/home/ivan/Webots_YOLOv8/install/soccer_vision_attribute_msgs:/home/ivan/Webots_YOLOv8/install/soccer_geometry_msgs:/home/ivan/ros2_ws/install/edrom_msgs LD_LIBRARY_PATH=/home/ivan/Webots_YOLOv8/install/ipm_interfaces/lib:/home/ivan/Webots_YOLOv8/install/soccer_vision_3d_msgs/lib:/home/ivan/Webots_YOLOv8/install/soccer_vision_2d_msgs/lib:/home/ivan/Webots_YOLOv8/install/soccer_model_msgs/lib:/home/ivan/Webots_YOLOv8/install/soccer_vision_attribute_msgs/lib:/home/ivan/Webots_YOLOv8/install/soccer_geometry_msgs/lib:/home/ivan/ros2_ws/install/edrom_msgs/lib:/opt/ros/humble/opt/rviz_ogre_vendor/lib:/opt/ros/humble/lib/x86_64-linux-gnu:/opt/ros/humble/lib PYTHONPATH=/home/ivan/Webots_YOLOv8/build/ipm_service/prefix_override:/usr/lib/python3/dist-packages/colcon_core/task/python/colcon_distutils_commands:/home/ivan/Webots_YOLOv8/install/ipm_service/lib/python3.10/site-packages:/home/ivan/Webots_YOLOv8/install/ipm_library/lib/python3.10/site-packages:/home/ivan/Webots_YOLOv8/install/soccer_ipm/lib/python3.10/site-packages:/home/ivan/Webots_YOLOv8/install/soccer_vision_3d_msgs/local/lib/python3.10/dist-packages:/home/ivan/Webots_YOLOv8/install/Webots_YOLOv8/lib/python3.10/site-packages:/home/ivan/Webots_YOLOv8/install/soccer_vision_2d_msgs/local/lib/python3.10/dist-packages:/home/ivan/Webots_YOLOv8/install/soccer_model_msgs/local/lib/python3.10/dist-packages:/home/ivan/Webots_YOLOv8/install/soccer_vision_attribute_msgs/local/lib/python3.10/dist-packages:/home/ivan/Webots_YOLOv8/install/soccer_geometry_msgs/local/lib/python3.10/dist-packages:/home/ivan/Webots_YOLOv8/install/my_package/lib/python3.10/site-packages:/home/ivan/Webots_YOLOv8/install/ipm_service/lib/python3.10/site-packages:/home/ivan/Webots_YOLOv8/install/ipm_image_node/lib/python3.10/site-packages:/home/ivan/Webots_YOLOv8/install/ipm_interfaces/local/lib/python3.10/dist-packages:/home/ivan/ros2_ws/install/object_finder_onnx/lib/python3.10/site-packages:/home/ivan/ros2_ws/install/object_finder/lib/python3.10/site-packages:/home/ivan/ros2_ws/install/my_package/lib/python3.10/site-packages:/home/ivan/ros2_ws/install/Webots_YOLOv8/lib/python3.10/site-packages:/home/ivan/ros2_ws/install/edrom_msgs/local/lib/python3.10/dist-packages:/opt/ros/humble/lib/python3.10/site-packages:/opt/ros/humble/local/lib/python3.10/dist-packages /usr/bin/python3 -W ignore:setup.py install is deprecated -W ignore:easy_install command is deprecated setup.py egg_info --egg-base ../../../build/ipm_service build --build-base /home/ivan/Webots_YOLOv8/build/ipm_service/build install --record /home/ivan/Webots_YOLOv8/build/ipm_service/install.log --single-version-externally-managed install_data[0m
[4.695s] [34mcolcon.colcon_core.event_handler.log_command[0m [1;30mDEBUG[0m [32mInvoking command in '/home/ivan/Webots_YOLOv8/src/soccer_ipm/soccer_ipm': AMENT_PREFIX_PATH=/home/ivan/Webots_YOLOv8/install/ipm_library:/home/ivan/Webots_YOLOv8/install/soccer_ipm:/home/ivan/Webots_YOLOv8/install/soccer_interfaces:/home/ivan/Webots_YOLOv8/install/soccer_vision_3d_msgs:/home/ivan/Webots_YOLOv8/install/Webots_YOLOv8:/home/ivan/Webots_YOLOv8/install/soccer_vision_2d_msgs:/home/ivan/Webots_YOLOv8/install/soccer_model_msgs:/home/ivan/Webots_YOLOv8/install/soccer_vision_attribute_msgs:/home/ivan/Webots_YOLOv8/install/soccer_geometry_msgs:/home/ivan/Webots_YOLOv8/install/my_package:/home/ivan/Webots_YOLOv8/install/ipm_service:/home/ivan/Webots_YOLOv8/install/ipm_image_node:/home/ivan/Webots_YOLOv8/install/ipm_interfaces:/home/ivan/ros2_ws/install/object_finder_onnx:/home/ivan/ros2_ws/install/object_finder:/home/ivan/ros2_ws/install/my_package:/home/ivan/ros2_ws/install/Webots_YOLOv8:/home/ivan/ros2_ws/install/edrom_msgs:/opt/ros/humble CMAKE_PREFIX_PATH=/home/ivan/Webots_YOLOv8/install/soccer_vision_3d_msgs:/home/ivan/Webots_YOLOv8/install/soccer_vision_2d_msgs:/home/ivan/Webots_YOLOv8/install/soccer_vision_attribute_msgs:/home/ivan/Webots_YOLOv8/install/ipm_interfaces:/home/ivan/Webots_YOLOv8/install/soccer_interfaces:/home/ivan/Webots_YOLOv8/install/soccer_model_msgs:/home/ivan/Webots_YOLOv8/install/soccer_geometry_msgs:/home/ivan/ros2_ws/install/edrom_msgs LD_LIBRARY_PATH=/home/ivan/Webots_YOLOv8/install/soccer_vision_3d_msgs/lib:/home/ivan/Webots_YOLOv8/install/soccer_vision_2d_msgs/lib:/home/ivan/Webots_YOLOv8/install/soccer_vision_attribute_msgs/lib:/home/ivan/Webots_YOLOv8/install/ipm_interfaces/lib:/home/ivan/Webots_YOLOv8/install/soccer_model_msgs/lib:/home/ivan/Webots_YOLOv8/install/soccer_geometry_msgs/lib:/home/ivan/ros2_ws/install/edrom_msgs/lib:/opt/ros/humble/opt/rviz_ogre_vendor/lib:/opt/ros/humble/lib/x86_64-linux-gnu:/opt/ros/humble/lib PYTHONPATH=/home/ivan/Webots_YOLOv8/build/soccer_ipm/prefix_override:/usr/lib/python3/dist-packages/colcon_core/task/python/colcon_distutils_commands:/home/ivan/Webots_YOLOv8/install/soccer_ipm/lib/python3.10/site-packages:/home/ivan/Webots_YOLOv8/install/ipm_library/lib/python3.10/site-packages:/home/ivan/Webots_YOLOv8/install/soccer_ipm/lib/python3.10/site-packages:/home/ivan/Webots_YOLOv8/install/soccer_vision_3d_msgs/local/lib/python3.10/dist-packages:/home/ivan/Webots_YOLOv8/install/Webots_YOLOv8/lib/python3.10/site-packages:/home/ivan/Webots_YOLOv8/install/soccer_vision_2d_msgs/local/lib/python3.10/dist-packages:/home/ivan/Webots_YOLOv8/install/soccer_model_msgs/local/lib/python3.10/dist-packages:/home/ivan/Webots_YOLOv8/install/soccer_vision_attribute_msgs/local/lib/python3.10/dist-packages:/home/ivan/Webots_YOLOv8/install/soccer_geometry_msgs/local/lib/python3.10/dist-packages:/home/ivan/Webots_YOLOv8/install/my_package/lib/python3.10/site-packages:/home/ivan/Webots_YOLOv8/install/ipm_service/lib/python3.10/site-packages:/home/ivan/Webots_YOLOv8/install/ipm_image_node/lib/python3.10/site-packages:/home/ivan/Webots_YOLOv8/install/ipm_interfaces/local/lib/python3.10/dist-packages:/home/ivan/ros2_ws/install/object_finder_onnx/lib/python3.10/site-packages:/home/ivan/ros2_ws/install/object_finder/lib/python3.10/site-packages:/home/ivan/ros2_ws/install/my_package/lib/python3.10/site-packages:/home/ivan/ros2_ws/install/Webots_YOLOv8/lib/python3.10/site-packages:/home/ivan/ros2_ws/install/edrom_msgs/local/lib/python3.10/dist-packages:/opt/ros/humble/lib/python3.10/site-packages:/opt/ros/humble/local/lib/python3.10/dist-packages /usr/bin/python3 -W ignore:setup.py install is deprecated -W ignore:easy_install command is deprecated setup.py egg_info --egg-base ../../../build/soccer_ipm build --build-base /home/ivan/Webots_YOLOv8/build/soccer_ipm/build install --record /home/ivan/Webots_YOLOv8/build/soccer_ipm/install.log --single-version-externally-managed install_data[0m
[4.993s] [34mcolcon.colcon_core.environment[0m [1;30mLevel 1[0m checking '/home/ivan/Webots_YOLOv8/install/ipm_image_node' for CMake module files
[4.994s] [34mcolcon.colcon_core.event_handler.log_command[0m [1;30mDEBUG[0m [32mInvoked command in '/home/ivan/Webots_YOLOv8/src/ipm/ipm_image_node' returned '0': AMENT_PREFIX_PATH=/home/ivan/Webots_YOLOv8/install/ipm_library:/home/ivan/Webots_YOLOv8/install/soccer_ipm:/home/ivan/Webots_YOLOv8/install/soccer_interfaces:/home/ivan/Webots_YOLOv8/install/soccer_vision_3d_msgs:/home/ivan/Webots_YOLOv8/install/Webots_YOLOv8:/home/ivan/Webots_YOLOv8/install/soccer_vision_2d_msgs:/home/ivan/Webots_YOLOv8/install/soccer_model_msgs:/home/ivan/Webots_YOLOv8/install/soccer_vision_attribute_msgs:/home/ivan/Webots_YOLOv8/install/soccer_geometry_msgs:/home/ivan/Webots_YOLOv8/install/my_package:/home/ivan/Webots_YOLOv8/install/ipm_service:/home/ivan/Webots_YOLOv8/install/ipm_image_node:/home/ivan/Webots_YOLOv8/install/ipm_interfaces:/home/ivan/ros2_ws/install/object_finder_onnx:/home/ivan/ros2_ws/install/object_finder:/home/ivan/ros2_ws/install/my_package:/home/ivan/ros2_ws/install/Webots_YOLOv8:/home/ivan/ros2_ws/install/edrom_msgs:/opt/ros/humble CMAKE_PREFIX_PATH=/home/ivan/Webots_YOLOv8/install/ipm_interfaces:/home/ivan/Webots_YOLOv8/install/soccer_interfaces:/home/ivan/Webots_YOLOv8/install/soccer_vision_3d_msgs:/home/ivan/Webots_YOLOv8/install/soccer_vision_2d_msgs:/home/ivan/Webots_YOLOv8/install/soccer_model_msgs:/home/ivan/Webots_YOLOv8/install/soccer_vision_attribute_msgs:/home/ivan/Webots_YOLOv8/install/soccer_geometry_msgs:/home/ivan/ros2_ws/install/edrom_msgs LD_LIBRARY_PATH=/home/ivan/Webots_YOLOv8/install/ipm_interfaces/lib:/home/ivan/Webots_YOLOv8/install/soccer_vision_3d_msgs/lib:/home/ivan/Webots_YOLOv8/install/soccer_vision_2d_msgs/lib:/home/ivan/Webots_YOLOv8/install/soccer_model_msgs/lib:/home/ivan/Webots_YOLOv8/install/soccer_vision_attribute_msgs/lib:/home/ivan/Webots_YOLOv8/install/soccer_geometry_msgs/lib:/home/ivan/ros2_ws/install/edrom_msgs/lib:/opt/ros/humble/opt/rviz_ogre_vendor/lib:/opt/ros/humble/lib/x86_64-linux-gnu:/opt/ros/humble/lib PYTHONPATH=/home/ivan/Webots_YOLOv8/build/ipm_image_node/prefix_override:/usr/lib/python3/dist-packages/colcon_core/task/python/colcon_distutils_commands:/home/ivan/Webots_YOLOv8/install/ipm_image_node/lib/python3.10/site-packages:/home/ivan/Webots_YOLOv8/install/ipm_library/lib/python3.10/site-packages:/home/ivan/Webots_YOLOv8/install/soccer_ipm/lib/python3.10/site-packages:/home/ivan/Webots_YOLOv8/install/soccer_vision_3d_msgs/local/lib/python3.10/dist-packages:/home/ivan/Webots_YOLOv8/install/Webots_YOLOv8/lib/python3.10/site-packages:/home/ivan/Webots_YOLOv8/install/soccer_vision_2d_msgs/local/lib/python3.10/dist-packages:/home/ivan/Webots_YOLOv8/install/soccer_model_msgs/local/lib/python3.10/dist-packages:/home/ivan/Webots_YOLOv8/install/soccer_vision_attribute_msgs/local/lib/python3.10/dist-packages:/home/ivan/Webots_YOLOv8/install/soccer_geometry_msgs/local/lib/python3.10/dist-packages:/home/ivan/Webots_YOLOv8/install/my_package/lib/python3.10/site-packages:/home/ivan/Webots_YOLOv8/install/ipm_service/lib/python3.10/site-packages:/home/ivan/Webots_YOLOv8/install/ipm_image_node/lib/python3.10/site-packages:/home/ivan/Webots_YOLOv8/install/ipm_interfaces/local/lib/python3.10/dist-packages:/home/ivan/ros2_ws/install/object_finder_onnx/lib/python3.10/site-packages:/home/ivan/ros2_ws/install/object_finder/lib/python3.10/site-packages:/home/ivan/ros2_ws/install/my_package/lib/python3.10/site-packages:/home/ivan/ros2_ws/install/Webots_YOLOv8/lib/python3.10/site-packages:/home/ivan/ros2_ws/install/edrom_msgs/local/lib/python3.10/dist-packages:/opt/ros/humble/lib/python3.10/site-packages:/opt/ros/humble/local/lib/python3.10/dist-packages /usr/bin/python3 -W ignore:setup.py install is deprecated -W ignore:easy_install command is deprecated setup.py egg_info --egg-base ../../../build/ipm_image_node build --build-base /home/ivan/Webots_YOLOv8/build/ipm_image_node/build install --record /home/ivan/Webots_YOLOv8/build/ipm_image_node/install.log --single-version-externally-managed install_data[0m
[4.994s] [34mcolcon.colcon_core.environment[0m [1;30mLevel 1[0m checking '/home/ivan/Webots_YOLOv8/install/ipm_image_node' for CMake config files
[4.995s] [34mcolcon.colcon_core.environment[0m [1;30mLevel 1[0m checking '/home/ivan/Webots_YOLOv8/install/ipm_image_node/lib'
[4.995s] [34mcolcon.colcon_core.environment[0m [1;30mLevel 1[0m checking '/home/ivan/Webots_YOLOv8/install/ipm_image_node/bin'
[4.995s] [34mcolcon.colcon_core.environment[0m [1;30mLevel 1[0m checking '/home/ivan/Webots_YOLOv8/install/ipm_image_node/lib/pkgconfig/ipm_image_node.pc'
[4.996s] [34mcolcon.colcon_core.environment[0m [1;30mLevel 1[0m checking '/home/ivan/Webots_YOLOv8/install/ipm_image_node/lib/python3.10/site-packages'
[4.996s] [34mcolcon.colcon_core.shell[0m [1;30mLevel 1[0m create_environment_hook('ipm_image_node', 'pythonpath')
[4.996s] [34mcolcon.colcon_core.shell[0m [1;30mINFO[0m Creating environment hook '/home/ivan/Webots_YOLOv8/install/ipm_image_node/share/ipm_image_node/hook/pythonpath.ps1'
[4.997s] [34mcolcon.colcon_core.shell[0m [1;30mINFO[0m Creating environment descriptor '/home/ivan/Webots_YOLOv8/install/ipm_image_node/share/ipm_image_node/hook/pythonpath.dsv'
[4.997s] [34mcolcon.colcon_core.shell[0m [1;30mINFO[0m Creating environment hook '/home/ivan/Webots_YOLOv8/install/ipm_image_node/share/ipm_image_node/hook/pythonpath.sh'
[4.998s] [34mcolcon.colcon_core.environment[0m [1;30mLevel 1[0m checking '/home/ivan/Webots_YOLOv8/install/ipm_image_node/bin'
[4.998s] [34mcolcon.colcon_core.environment[0m [1;30mLevel 1[0m create_environment_scripts_only(ipm_image_node)
[4.999s] [34mcolcon.colcon_core.shell[0m [1;30mINFO[0m Creating package script '/home/ivan/Webots_YOLOv8/install/ipm_image_node/share/ipm_image_node/package.ps1'
[5.000s] [34mcolcon.colcon_core.shell[0m [1;30mINFO[0m Creating package descriptor '/home/ivan/Webots_YOLOv8/install/ipm_image_node/share/ipm_image_node/package.dsv'
[5.000s] [34mcolcon.colcon_core.shell[0m [1;30mINFO[0m Creating package script '/home/ivan/Webots_YOLOv8/install/ipm_image_node/share/ipm_image_node/package.sh'
[5.001s] [34mcolcon.colcon_core.shell[0m [1;30mINFO[0m Creating package script '/home/ivan/Webots_YOLOv8/install/ipm_image_node/share/ipm_image_node/package.bash'
[5.002s] [34mcolcon.colcon_core.shell[0m [1;30mINFO[0m Creating package script '/home/ivan/Webots_YOLOv8/install/ipm_image_node/share/ipm_image_node/package.zsh'
[5.002s] [34mcolcon.colcon_core.environment[0m [1;30mLevel 1[0m create_file_with_runtime_dependencies(/home/ivan/Webots_YOLOv8/install/ipm_image_node/share/colcon-core/packages/ipm_image_node)
[5.018s] [34mcolcon.colcon_core.environment[0m [1;30mLevel 1[0m checking '/home/ivan/Webots_YOLOv8/install/ipm_service' for CMake module files
[5.019s] [34mcolcon.colcon_core.event_handler.log_command[0m [1;30mDEBUG[0m [32mInvoked command in '/home/ivan/Webots_YOLOv8/src/ipm/ipm_service' returned '0': AMENT_PREFIX_PATH=/home/ivan/Webots_YOLOv8/install/ipm_library:/home/ivan/Webots_YOLOv8/install/soccer_ipm:/home/ivan/Webots_YOLOv8/install/soccer_interfaces:/home/ivan/Webots_YOLOv8/install/soccer_vision_3d_msgs:/home/ivan/Webots_YOLOv8/install/Webots_YOLOv8:/home/ivan/Webots_YOLOv8/install/soccer_vision_2d_msgs:/home/ivan/Webots_YOLOv8/install/soccer_model_msgs:/home/ivan/Webots_YOLOv8/install/soccer_vision_attribute_msgs:/home/ivan/Webots_YOLOv8/install/soccer_geometry_msgs:/home/ivan/Webots_YOLOv8/install/my_package:/home/ivan/Webots_YOLOv8/install/ipm_service:/home/ivan/Webots_YOLOv8/install/ipm_image_node:/home/ivan/Webots_YOLOv8/install/ipm_interfaces:/home/ivan/ros2_ws/install/object_finder_onnx:/home/ivan/ros2_ws/install/object_finder:/home/ivan/ros2_ws/install/my_package:/home/ivan/ros2_ws/install/Webots_YOLOv8:/home/ivan/ros2_ws/install/edrom_msgs:/opt/ros/humble CMAKE_PREFIX_PATH=/home/ivan/Webots_YOLOv8/install/ipm_interfaces:/home/ivan/Webots_YOLOv8/install/soccer_interfaces:/home/ivan/Webots_YOLOv8/install/soccer_vision_3d_msgs:/home/ivan/Webots_YOLOv8/install/soccer_vision_2d_msgs:/home/ivan/Webots_YOLOv8/install/soccer_model_msgs:/home/ivan/Webots_YOLOv8/install/soccer_vision_attribute_msgs:/home/ivan/Webots_YOLOv8/install/soccer_geometry_msgs:/home/ivan/ros2_ws/install/edrom_msgs LD_LIBRARY_PATH=/home/ivan/Webots_YOLOv8/install/ipm_interfaces/lib:/home/ivan/Webots_YOLOv8/install/soccer_vision_3d_msgs/lib:/home/ivan/Webots_YOLOv8/install/soccer_vision_2d_msgs/lib:/home/ivan/Webots_YOLOv8/install/soccer_model_msgs/lib:/home/ivan/Webots_YOLOv8/install/soccer_vision_attribute_msgs/lib:/home/ivan/Webots_YOLOv8/install/soccer_geometry_msgs/lib:/home/ivan/ros2_ws/install/edrom_msgs/lib:/opt/ros/humble/opt/rviz_ogre_vendor/lib:/opt/ros/humble/lib/x86_64-linux-gnu:/opt/ros/humble/lib PYTHONPATH=/home/ivan/Webots_YOLOv8/build/ipm_service/prefix_override:/usr/lib/python3/dist-packages/colcon_core/task/python/colcon_distutils_commands:/home/ivan/Webots_YOLOv8/install/ipm_service/lib/python3.10/site-packages:/home/ivan/Webots_YOLOv8/install/ipm_library/lib/python3.10/site-packages:/home/ivan/Webots_YOLOv8/install/soccer_ipm/lib/python3.10/site-packages:/home/ivan/Webots_YOLOv8/install/soccer_vision_3d_msgs/local/lib/python3.10/dist-packages:/home/ivan/Webots_YOLOv8/install/Webots_YOLOv8/lib/python3.10/site-packages:/home/ivan/Webots_YOLOv8/install/soccer_vision_2d_msgs/local/lib/python3.10/dist-packages:/home/ivan/Webots_YOLOv8/install/soccer_model_msgs/local/lib/python3.10/dist-packages:/home/ivan/Webots_YOLOv8/install/soccer_vision_attribute_msgs/local/lib/python3.10/dist-packages:/home/ivan/Webots_YOLOv8/install/soccer_geometry_msgs/local/lib/python3.10/dist-packages:/home/ivan/Webots_YOLOv8/install/my_package/lib/python3.10/site-packages:/home/ivan/Webots_YOLOv8/install/ipm_service/lib/python3.10/site-packages:/home/ivan/Webots_YOLOv8/install/ipm_image_node/lib/python3.10/site-packages:/home/ivan/Webots_YOLOv8/install/ipm_interfaces/local/lib/python3.10/dist-packages:/home/ivan/ros2_ws/install/object_finder_onnx/lib/python3.10/site-packages:/home/ivan/ros2_ws/install/object_finder/lib/python3.10/site-packages:/home/ivan/ros2_ws/install/my_package/lib/python3.10/site-packages:/home/ivan/ros2_ws/install/Webots_YOLOv8/lib/python3.10/site-packages:/home/ivan/ros2_ws/install/edrom_msgs/local/lib/python3.10/dist-packages:/opt/ros/humble/lib/python3.10/site-packages:/opt/ros/humble/local/lib/python3.10/dist-packages /usr/bin/python3 -W ignore:setup.py install is deprecated -W ignore:easy_install command is deprecated setup.py egg_info --egg-base ../../../build/ipm_service build --build-base /home/ivan/Webots_YOLOv8/build/ipm_service/build install --record /home/ivan/Webots_YOLOv8/build/ipm_service/install.log --single-version-externally-managed install_data[0m
[5.019s] [34mcolcon.colcon_core.environment[0m [1;30mLevel 1[0m checking '/home/ivan/Webots_YOLOv8/install/ipm_service' for CMake config files
[5.020s] [34mcolcon.colcon_core.environment[0m [1;30mLevel 1[0m checking '/home/ivan/Webots_YOLOv8/install/ipm_service/lib'
[5.020s] [34mcolcon.colcon_core.environment[0m [1;30mLevel 1[0m checking '/home/ivan/Webots_YOLOv8/install/ipm_service/bin'
[5.020s] [34mcolcon.colcon_core.environment[0m [1;30mLevel 1[0m checking '/home/ivan/Webots_YOLOv8/install/ipm_service/lib/pkgconfig/ipm_service.pc'
[5.020s] [34mcolcon.colcon_core.environment[0m [1;30mLevel 1[0m checking '/home/ivan/Webots_YOLOv8/install/ipm_service/lib/python3.10/site-packages'
[5.020s] [34mcolcon.colcon_core.shell[0m [1;30mLevel 1[0m create_environment_hook('ipm_service', 'pythonpath')
[5.021s] [34mcolcon.colcon_core.shell[0m [1;30mINFO[0m Creating environment hook '/home/ivan/Webots_YOLOv8/install/ipm_service/share/ipm_service/hook/pythonpath.ps1'
[5.021s] [34mcolcon.colcon_core.shell[0m [1;30mINFO[0m Creating environment descriptor '/home/ivan/Webots_YOLOv8/install/ipm_service/share/ipm_service/hook/pythonpath.dsv'
[5.022s] [34mcolcon.colcon_core.shell[0m [1;30mINFO[0m Creating environment hook '/home/ivan/Webots_YOLOv8/install/ipm_service/share/ipm_service/hook/pythonpath.sh'
[5.022s] [34mcolcon.colcon_core.environment[0m [1;30mLevel 1[0m checking '/home/ivan/Webots_YOLOv8/install/ipm_service/bin'
[5.022s] [34mcolcon.colcon_core.environment[0m [1;30mLevel 1[0m create_environment_scripts_only(ipm_service)
[5.023s] [34mcolcon.colcon_core.shell[0m [1;30mINFO[0m Creating package script '/home/ivan/Webots_YOLOv8/install/ipm_service/share/ipm_service/package.ps1'
[5.023s] [34mcolcon.colcon_core.shell[0m [1;30mINFO[0m Creating package descriptor '/home/ivan/Webots_YOLOv8/install/ipm_service/share/ipm_service/package.dsv'
[5.023s] [34mcolcon.colcon_core.shell[0m [1;30mINFO[0m Creating package script '/home/ivan/Webots_YOLOv8/install/ipm_service/share/ipm_service/package.sh'
[5.024s] [34mcolcon.colcon_core.shell[0m [1;30mINFO[0m Creating package script '/home/ivan/Webots_YOLOv8/install/ipm_service/share/ipm_service/package.bash'
[5.024s] [34mcolcon.colcon_core.shell[0m [1;30mINFO[0m Creating package script '/home/ivan/Webots_YOLOv8/install/ipm_service/share/ipm_service/package.zsh'
[5.024s] [34mcolcon.colcon_core.environment[0m [1;30mLevel 1[0m create_file_with_runtime_dependencies(/home/ivan/Webots_YOLOv8/install/ipm_service/share/colcon-core/packages/ipm_service)
[5.025s] [34mcolcon.colcon_core.environment[0m [1;30mLevel 1[0m checking '/home/ivan/Webots_YOLOv8/install/soccer_ipm' for CMake module files
[5.026s] [34mcolcon.colcon_core.event_handler.log_command[0m [1;30mDEBUG[0m [32mInvoked command in '/home/ivan/Webots_YOLOv8/src/soccer_ipm/soccer_ipm' returned '0': AMENT_PREFIX_PATH=/home/ivan/Webots_YOLOv8/install/ipm_library:/home/ivan/Webots_YOLOv8/install/soccer_ipm:/home/ivan/Webots_YOLOv8/install/soccer_interfaces:/home/ivan/Webots_YOLOv8/install/soccer_vision_3d_msgs:/home/ivan/Webots_YOLOv8/install/Webots_YOLOv8:/home/ivan/Webots_YOLOv8/install/soccer_vision_2d_msgs:/home/ivan/Webots_YOLOv8/install/soccer_model_msgs:/home/ivan/Webots_YOLOv8/install/soccer_vision_attribute_msgs:/home/ivan/Webots_YOLOv8/install/soccer_geometry_msgs:/home/ivan/Webots_YOLOv8/install/my_package:/home/ivan/Webots_YOLOv8/install/ipm_service:/home/ivan/Webots_YOLOv8/install/ipm_image_node:/home/ivan/Webots_YOLOv8/install/ipm_interfaces:/home/ivan/ros2_ws/install/object_finder_onnx:/home/ivan/ros2_ws/install/object_finder:/home/ivan/ros2_ws/install/my_package:/home/ivan/ros2_ws/install/Webots_YOLOv8:/home/ivan/ros2_ws/install/edrom_msgs:/opt/ros/humble CMAKE_PREFIX_PATH=/home/ivan/Webots_YOLOv8/install/soccer_vision_3d_msgs:/home/ivan/Webots_YOLOv8/install/soccer_vision_2d_msgs:/home/ivan/Webots_YOLOv8/install/soccer_vision_attribute_msgs:/home/ivan/Webots_YOLOv8/install/ipm_interfaces:/home/ivan/Webots_YOLOv8/install/soccer_interfaces:/home/ivan/Webots_YOLOv8/install/soccer_model_msgs:/home/ivan/Webots_YOLOv8/install/soccer_geometry_msgs:/home/ivan/ros2_ws/install/edrom_msgs LD_LIBRARY_PATH=/home/ivan/Webots_YOLOv8/install/soccer_vision_3d_msgs/lib:/home/ivan/Webots_YOLOv8/install/soccer_vision_2d_msgs/lib:/home/ivan/Webots_YOLOv8/install/soccer_vision_attribute_msgs/lib:/home/ivan/Webots_YOLOv8/install/ipm_interfaces/lib:/home/ivan/Webots_YOLOv8/install/soccer_model_msgs/lib:/home/ivan/Webots_YOLOv8/install/soccer_geometry_msgs/lib:/home/ivan/ros2_ws/install/edrom_msgs/lib:/opt/ros/humble/opt/rviz_ogre_vendor/lib:/opt/ros/humble/lib/x86_64-linux-gnu:/opt/ros/humble/lib PYTHONPATH=/home/ivan/Webots_YOLOv8/build/soccer_ipm/prefix_override:/usr/lib/python3/dist-packages/colcon_core/task/python/colcon_distutils_commands:/home/ivan/Webots_YOLOv8/install/soccer_ipm/lib/python3.10/site-packages:/home/ivan/Webots_YOLOv8/install/ipm_library/lib/python3.10/site-packages:/home/ivan/Webots_YOLOv8/install/soccer_ipm/lib/python3.10/site-packages:/home/ivan/Webots_YOLOv8/install/soccer_vision_3d_msgs/local/lib/python3.10/dist-packages:/home/ivan/Webots_YOLOv8/install/Webots_YOLOv8/lib/python3.10/site-packages:/home/ivan/Webots_YOLOv8/install/soccer_vision_2d_msgs/local/lib/python3.10/dist-packages:/home/ivan/Webots_YOLOv8/install/soccer_model_msgs/local/lib/python3.10/dist-packages:/home/ivan/Webots_YOLOv8/install/soccer_vision_attribute_msgs/local/lib/python3.10/dist-packages:/home/ivan/Webots_YOLOv8/install/soccer_geometry_msgs/local/lib/python3.10/dist-packages:/home/ivan/Webots_YOLOv8/install/my_package/lib/python3.10/site-packages:/home/ivan/Webots_YOLOv8/install/ipm_service/lib/python3.10/site-packages:/home/ivan/Webots_YOLOv8/install/ipm_image_node/lib/python3.10/site-packages:/home/ivan/Webots_YOLOv8/install/ipm_interfaces/local/lib/python3.10/dist-packages:/home/ivan/ros2_ws/install/object_finder_onnx/lib/python3.10/site-packages:/home/ivan/ros2_ws/install/object_finder/lib/python3.10/site-packages:/home/ivan/ros2_ws/install/my_package/lib/python3.10/site-packages:/home/ivan/ros2_ws/install/Webots_YOLOv8/lib/python3.10/site-packages:/home/ivan/ros2_ws/install/edrom_msgs/local/lib/python3.10/dist-packages:/opt/ros/humble/lib/python3.10/site-packages:/opt/ros/humble/local/lib/python3.10/dist-packages /usr/bin/python3 -W ignore:setup.py install is deprecated -W ignore:easy_install command is deprecated setup.py egg_info --egg-base ../../../build/soccer_ipm build --build-base /home/ivan/Webots_YOLOv8/build/soccer_ipm/build install --record /home/ivan/Webots_YOLOv8/build/soccer_ipm/install.log --single-version-externally-managed install_data[0m
[5.026s] [34mcolcon.colcon_core.environment[0m [1;30mLevel 1[0m checking '/home/ivan/Webots_YOLOv8/install/soccer_ipm' for CMake config files
[5.027s] [34mcolcon.colcon_core.environment[0m [1;30mLevel 1[0m checking '/home/ivan/Webots_YOLOv8/install/soccer_ipm/lib'
[5.027s] [34mcolcon.colcon_core.environment[0m [1;30mLevel 1[0m checking '/home/ivan/Webots_YOLOv8/install/soccer_ipm/bin'
[5.027s] [34mcolcon.colcon_core.environment[0m [1;30mLevel 1[0m checking '/home/ivan/Webots_YOLOv8/install/soccer_ipm/lib/pkgconfig/soccer_ipm.pc'
[5.027s] [34mcolcon.colcon_core.environment[0m [1;30mLevel 1[0m checking '/home/ivan/Webots_YOLOv8/install/soccer_ipm/lib/python3.10/site-packages'
[5.028s] [34mcolcon.colcon_core.shell[0m [1;30mLevel 1[0m create_environment_hook('soccer_ipm', 'pythonpath')
[5.028s] [34mcolcon.colcon_core.shell[0m [1;30mINFO[0m Creating environment hook '/home/ivan/Webots_YOLOv8/install/soccer_ipm/share/soccer_ipm/hook/pythonpath.ps1'
[5.028s] [34mcolcon.colcon_core.shell[0m [1;30mINFO[0m Creating environment descriptor '/home/ivan/Webots_YOLOv8/install/soccer_ipm/share/soccer_ipm/hook/pythonpath.dsv'
[5.028s] [34mcolcon.colcon_core.shell[0m [1;30mINFO[0m Creating environment hook '/home/ivan/Webots_YOLOv8/install/soccer_ipm/share/soccer_ipm/hook/pythonpath.sh'
[5.029s] [34mcolcon.colcon_core.environment[0m [1;30mLevel 1[0m checking '/home/ivan/Webots_YOLOv8/install/soccer_ipm/bin'
[5.029s] [34mcolcon.colcon_core.environment[0m [1;30mLevel 1[0m create_environment_scripts_only(soccer_ipm)
[5.029s] [34mcolcon.colcon_core.shell[0m [1;30mINFO[0m Creating package script '/home/ivan/Webots_YOLOv8/install/soccer_ipm/share/soccer_ipm/package.ps1'
[5.030s] [34mcolcon.colcon_core.shell[0m [1;30mINFO[0m Creating package descriptor '/home/ivan/Webots_YOLOv8/install/soccer_ipm/share/soccer_ipm/package.dsv'
[5.030s] [34mcolcon.colcon_core.shell[0m [1;30mINFO[0m Creating package script '/home/ivan/Webots_YOLOv8/install/soccer_ipm/share/soccer_ipm/package.sh'
[5.031s] [34mcolcon.colcon_core.shell[0m [1;30mINFO[0m Creating package script '/home/ivan/Webots_YOLOv8/install/soccer_ipm/share/soccer_ipm/package.bash'
[5.031s] [34mcolcon.colcon_core.shell[0m [1;30mINFO[0m Creating package script '/home/ivan/Webots_YOLOv8/install/soccer_ipm/share/soccer_ipm/package.zsh'
[5.031s] [34mcolcon.colcon_core.environment[0m [1;30mLevel 1[0m create_file_with_runtime_dependencies(/home/ivan/Webots_YOLOv8/install/soccer_ipm/share/colcon-core/packages/soccer_ipm)
[5.031s] [34mcolcon.colcon_parallel_executor.executor.parallel[0m [1;30mDEBUG[0m [32mclosing loop[0m
[5.032s] [34mcolcon.colcon_parallel_executor.executor.parallel[0m [1;30mDEBUG[0m [32mloop closed[0m
[5.032s] [34mcolcon.colcon_parallel_executor.executor.parallel[0m [1;30mDEBUG[0m [32mrun_until_complete finished with '0'[0m
[5.032s] [34mcolcon.colcon_core.event_reactor[0m [1;30mDEBUG[0m [32mjoining thread[0m
[5.043s] [34mcolcon.colcon_core.plugin_system[0m [1;30mINFO[0m Skipping extension 'colcon_notification.desktop_notification.terminal_notifier': Not used on non-Darwin systems
[5.043s] [34mcolcon.colcon_core.plugin_system[0m [1;30mINFO[0m Skipping extension 'colcon_notification.desktop_notification.win32': Not used on non-Windows systems
[5.043s] [34mcolcon.colcon_notification.desktop_notification[0m [1;30mINFO[0m Sending desktop notification using 'notify2'
[5.059s] [34mcolcon.colcon_core.event_reactor[0m [1;30mDEBUG[0m [32mjoined thread[0m
[5.060s] [34mcolcon.colcon_core.shell[0m [1;30mINFO[0m Creating prefix script '/home/ivan/Webots_YOLOv8/install/local_setup.ps1'
[5.061s] [34mcolcon.colcon_core.shell[0m [1;30mINFO[0m Creating prefix util module '/home/ivan/Webots_YOLOv8/install/_local_setup_util_ps1.py'
[5.063s] [34mcolcon.colcon_core.shell[0m [1;30mINFO[0m Creating prefix chain script '/home/ivan/Webots_YOLOv8/install/setup.ps1'
[5.066s] [34mcolcon.colcon_core.shell[0m [1;30mINFO[0m Creating prefix script '/home/ivan/Webots_YOLOv8/install/local_setup.sh'
[5.067s] [34mcolcon.colcon_core.shell[0m [1;30mINFO[0m Creating prefix util module '/home/ivan/Webots_YOLOv8/install/_local_setup_util_sh.py'
[5.068s] [34mcolcon.colcon_core.shell[0m [1;30mINFO[0m Creating prefix chain script '/home/ivan/Webots_YOLOv8/install/setup.sh'
[5.070s] [34mcolcon.colcon_core.shell[0m [1;30mINFO[0m Creating prefix script '/home/ivan/Webots_YOLOv8/install/local_setup.bash'
[5.071s] [34mcolcon.colcon_core.shell[0m [1;30mINFO[0m Creating prefix chain script '/home/ivan/Webots_YOLOv8/install/setup.bash'
[5.072s] [34mcolcon.colcon_core.shell[0m [1;30mINFO[0m Creating prefix script '/home/ivan/Webots_YOLOv8/install/local_setup.zsh'
[5.073s] [34mcolcon.colcon_core.shell[0m [1;30mINFO[0m Creating prefix chain script '/home/ivan/Webots_YOLOv8/install/setup.zsh'
