[0.297s] [34mcolcon[0m [1;30mDEBUG[0m [32mCommand line arguments: ['/usr/bin/colcon', 'build'][0m
[0.297s] [34mcolcon[0m [1;30mDEBUG[0m [32mParsed command line arguments: Namespace(log_base=None, log_level=None, verb_name='build', build_base='build', install_base='install', merge_install=False, symlink_install=False, test_result_base=None, continue_on_error=False, executor='parallel', parallel_workers=12, event_handlers=None, ignore_user_meta=False, metas=['./colcon.meta'], base_paths=['.'], packages_ignore=None, packages_ignore_regex=None, paths=None, packages_up_to=None, packages_up_to_regex=None, packages_above=None, packages_above_and_dependencies=None, packages_above_depth=None, packages_select_by_dep=None, packages_skip_by_dep=None, packages_skip_up_to=None, packages_select_build_failed=False, packages_skip_build_finished=False, packages_select_test_failures=False, packages_skip_test_passed=False, packages_select=None, packages_skip=None, packages_select_regex=None, packages_skip_regex=None, packages_start=None, packages_end=None, allow_overriding=[], cmake_args=None, cmake_target=None, cmake_target_skip_unavailable=False, cmake_clean_cache=False, cmake_clean_first=False, cmake_force_configure=False, ament_cmake_args=None, catkin_cmake_args=None, catkin_skip_building_tests=False, mixin_files=None, mixin=None, verb_parser=<colcon_mixin.mixin.mixin_argument.MixinArgumentDecorator object at 0x7248e6b1f7c0>, verb_extension=<colcon_core.verb.build.BuildVerb object at 0x7248e6cd4eb0>, main=<bound method BuildVerb.main of <colcon_core.verb.build.BuildVerb object at 0x7248e6cd4eb0>>, mixin_verb=('build',))[0m
[0.699s] [34mcolcon.colcon_core.package_discovery[0m [1;30mLevel 1[0m discover_packages(colcon_meta) check parameters
[0.699s] [34mcolcon.colcon_core.package_discovery[0m [1;30mLevel 1[0m discover_packages(recursive) check parameters
[0.700s] [34mcolcon.colcon_core.package_discovery[0m [1;30mLevel 1[0m discover_packages(ignore) check parameters
[0.700s] [34mcolcon.colcon_core.package_discovery[0m [1;30mLevel 1[0m discover_packages(path) check parameters
[0.700s] [34mcolcon.colcon_core.package_discovery[0m [1;30mLevel 1[0m discover_packages(colcon_meta) discover
[0.700s] [34mcolcon.colcon_core.package_discovery[0m [1;30mLevel 1[0m discover_packages(recursive) discover
[0.700s] [34mcolcon.colcon_core.package_discovery[0m [1;30mINFO[0m Crawling recursively for packages in '/home/ivan/Webots_YOLOv8'
[0.700s] [34mcolcon.colcon_core.package_identification[0m [1;30mLevel 1[0m _identify(.) by extensions ['ignore', 'ignore_ament_install']
[0.700s] [34mcolcon.colcon_core.package_identification[0m [1;30mLevel 1[0m _identify(.) by extension 'ignore'
[0.700s] [34mcolcon.colcon_core.package_identification[0m [1;30mLevel 1[0m _identify(.) by extension 'ignore_ament_install'
[0.700s] [34mcolcon.colcon_core.package_identification[0m [1;30mLevel 1[0m _identify(.) by extensions ['colcon_pkg']
[0.700s] [34mcolcon.colcon_core.package_identification[0m [1;30mLevel 1[0m _identify(.) by extension 'colcon_pkg'
[0.700s] [34mcolcon.colcon_core.package_identification[0m [1;30mLevel 1[0m _identify(.) by extensions ['colcon_meta']
[0.700s] [34mcolcon.colcon_core.package_identification[0m [1;30mLevel 1[0m _identify(.) by extension 'colcon_meta'
[0.700s] [34mcolcon.colcon_core.package_identification[0m [1;30mLevel 1[0m _identify(.) by extensions ['ros']
[0.700s] [34mcolcon.colcon_core.package_identification[0m [1;30mLevel 1[0m _identify(.) by extension 'ros'
[0.719s] [34mcolcon.colcon_core.package_identification[0m [1;30mLevel 1[0m _identify(.) by extensions ['cmake', 'python']
[0.719s] [34mcolcon.colcon_core.package_identification[0m [1;30mLevel 1[0m _identify(.) by extension 'cmake'
[0.719s] [34mcolcon.colcon_core.package_identification[0m [1;30mLevel 1[0m _identify(.) by extension 'python'
[0.719s] [34mcolcon.colcon_core.package_identification[0m [1;30mLevel 1[0m _identify(.) by extensions ['python_setup_py']
[0.719s] [34mcolcon.colcon_core.package_identification[0m [1;30mLevel 1[0m _identify(.) by extension 'python_setup_py'
[0.719s] [34mcolcon.colcon_core.package_identification[0m [1;30mLevel 1[0m _identify(build) by extensions ['ignore', 'ignore_ament_install']
[0.720s] [34mcolcon.colcon_core.package_identification[0m [1;30mLevel 1[0m _identify(build) by extension 'ignore'
[0.720s] [34mcolcon.colcon_core.package_identification[0m [1;30mLevel 1[0m _identify(build) ignored
[0.720s] [34mcolcon.colcon_core.package_identification[0m [1;30mLevel 1[0m _identify(image) by extensions ['ignore', 'ignore_ament_install']
[0.720s] [34mcolcon.colcon_core.package_identification[0m [1;30mLevel 1[0m _identify(image) by extension 'ignore'
[0.720s] [34mcolcon.colcon_core.package_identification[0m [1;30mLevel 1[0m _identify(image) by extension 'ignore_ament_install'
[0.720s] [34mcolcon.colcon_core.package_identification[0m [1;30mLevel 1[0m _identify(image) by extensions ['colcon_pkg']
[0.720s] [34mcolcon.colcon_core.package_identification[0m [1;30mLevel 1[0m _identify(image) by extension 'colcon_pkg'
[0.720s] [34mcolcon.colcon_core.package_identification[0m [1;30mLevel 1[0m _identify(image) by extensions ['colcon_meta']
[0.720s] [34mcolcon.colcon_core.package_identification[0m [1;30mLevel 1[0m _identify(image) by extension 'colcon_meta'
[0.720s] [34mcolcon.colcon_core.package_identification[0m [1;30mLevel 1[0m _identify(image) by extensions ['ros']
[0.720s] [34mcolcon.colcon_core.package_identification[0m [1;30mLevel 1[0m _identify(image) by extension 'ros'
[0.720s] [34mcolcon.colcon_core.package_identification[0m [1;30mLevel 1[0m _identify(image) by extensions ['cmake', 'python']
[0.720s] [34mcolcon.colcon_core.package_identification[0m [1;30mLevel 1[0m _identify(image) by extension 'cmake'
[0.720s] [34mcolcon.colcon_core.package_identification[0m [1;30mLevel 1[0m _identify(image) by extension 'python'
[0.721s] [34mcolcon.colcon_core.package_identification[0m [1;30mLevel 1[0m _identify(image) by extensions ['python_setup_py']
[0.721s] [34mcolcon.colcon_core.package_identification[0m [1;30mLevel 1[0m _identify(image) by extension 'python_setup_py'
[0.721s] [34mcolcon.colcon_core.package_identification[0m [1;30mLevel 1[0m _identify(install) by extensions ['ignore', 'ignore_ament_install']
[0.721s] [34mcolcon.colcon_core.package_identification[0m [1;30mLevel 1[0m _identify(install) by extension 'ignore'
[0.721s] [34mcolcon.colcon_core.package_identification[0m [1;30mLevel 1[0m _identify(install) ignored
[0.721s] [34mcolcon.colcon_core.package_identification[0m [1;30mLevel 1[0m _identify(log) by extensions ['ignore', 'ignore_ament_install']
[0.721s] [34mcolcon.colcon_core.package_identification[0m [1;30mLevel 1[0m _identify(log) by extension 'ignore'
[0.721s] [34mcolcon.colcon_core.package_identification[0m [1;30mLevel 1[0m _identify(log) ignored
[0.721s] [34mcolcon.colcon_core.package_identification[0m [1;30mLevel 1[0m _identify(src) by extensions ['ignore', 'ignore_ament_install']
[0.721s] [34mcolcon.colcon_core.package_identification[0m [1;30mLevel 1[0m _identify(src) by extension 'ignore'
[0.721s] [34mcolcon.colcon_core.package_identification[0m [1;30mLevel 1[0m _identify(src) by extension 'ignore_ament_install'
[0.721s] [34mcolcon.colcon_core.package_identification[0m [1;30mLevel 1[0m _identify(src) by extensions ['colcon_pkg']
[0.722s] [34mcolcon.colcon_core.package_identification[0m [1;30mLevel 1[0m _identify(src) by extension 'colcon_pkg'
[0.722s] [34mcolcon.colcon_core.package_identification[0m [1;30mLevel 1[0m _identify(src) by extensions ['colcon_meta']
[0.722s] [34mcolcon.colcon_core.package_identification[0m [1;30mLevel 1[0m _identify(src) by extension 'colcon_meta'
[0.722s] [34mcolcon.colcon_core.package_identification[0m [1;30mLevel 1[0m _identify(src) by extensions ['ros']
[0.722s] [34mcolcon.colcon_core.package_identification[0m [1;30mLevel 1[0m _identify(src) by extension 'ros'
[0.722s] [34mcolcon.colcon_core.package_identification[0m [1;30mLevel 1[0m _identify(src) by extensions ['cmake', 'python']
[0.722s] [34mcolcon.colcon_core.package_identification[0m [1;30mLevel 1[0m _identify(src) by extension 'cmake'
[0.722s] [34mcolcon.colcon_core.package_identification[0m [1;30mLevel 1[0m _identify(src) by extension 'python'
[0.722s] [34mcolcon.colcon_core.package_identification[0m [1;30mLevel 1[0m _identify(src) by extensions ['python_setup_py']
[0.722s] [34mcolcon.colcon_core.package_identification[0m [1;30mLevel 1[0m _identify(src) by extension 'python_setup_py'
[0.722s] [34mcolcon.colcon_core.package_identification[0m [1;30mLevel 1[0m _identify(src/Webots_YOLOv8) by extensions ['ignore', 'ignore_ament_install']
[0.722s] [34mcolcon.colcon_core.package_identification[0m [1;30mLevel 1[0m _identify(src/Webots_YOLOv8) by extension 'ignore'
[0.722s] [34mcolcon.colcon_core.package_identification[0m [1;30mLevel 1[0m _identify(src/Webots_YOLOv8) by extension 'ignore_ament_install'
[0.722s] [34mcolcon.colcon_core.package_identification[0m [1;30mLevel 1[0m _identify(src/Webots_YOLOv8) by extensions ['colcon_pkg']
[0.722s] [34mcolcon.colcon_core.package_identification[0m [1;30mLevel 1[0m _identify(src/Webots_YOLOv8) by extension 'colcon_pkg'
[0.723s] [34mcolcon.colcon_core.package_identification[0m [1;30mLevel 1[0m _identify(src/Webots_YOLOv8) by extensions ['colcon_meta']
[0.723s] [34mcolcon.colcon_core.package_identification[0m [1;30mLevel 1[0m _identify(src/Webots_YOLOv8) by extension 'colcon_meta'
[0.723s] [34mcolcon.colcon_core.package_identification[0m [1;30mLevel 1[0m _identify(src/Webots_YOLOv8) by extensions ['ros']
[0.723s] [34mcolcon.colcon_core.package_identification[0m [1;30mLevel 1[0m _identify(src/Webots_YOLOv8) by extension 'ros'
[0.728s] [34mcolcon.colcon_core.package_identification[0m [1;30mDEBUG[0m [32mPackage 'src/Webots_YOLOv8' with type 'ros.ament_python' and name 'Webots_YOLOv8'[0m
[0.729s] [34mcolcon.colcon_core.package_identification[0m [1;30mLevel 1[0m _identify(src/ipm) by extensions ['ignore', 'ignore_ament_install']
[0.729s] [34mcolcon.colcon_core.package_identification[0m [1;30mLevel 1[0m _identify(src/ipm) by extension 'ignore'
[0.729s] [34mcolcon.colcon_core.package_identification[0m [1;30mLevel 1[0m _identify(src/ipm) by extension 'ignore_ament_install'
[0.729s] [34mcolcon.colcon_core.package_identification[0m [1;30mLevel 1[0m _identify(src/ipm) by extensions ['colcon_pkg']
[0.729s] [34mcolcon.colcon_core.package_identification[0m [1;30mLevel 1[0m _identify(src/ipm) by extension 'colcon_pkg'
[0.729s] [34mcolcon.colcon_core.package_identification[0m [1;30mLevel 1[0m _identify(src/ipm) by extensions ['colcon_meta']
[0.729s] [34mcolcon.colcon_core.package_identification[0m [1;30mLevel 1[0m _identify(src/ipm) by extension 'colcon_meta'
[0.729s] [34mcolcon.colcon_core.package_identification[0m [1;30mLevel 1[0m _identify(src/ipm) by extensions ['ros']
[0.729s] [34mcolcon.colcon_core.package_identification[0m [1;30mLevel 1[0m _identify(src/ipm) by extension 'ros'
[0.730s] [34mcolcon.colcon_core.package_identification[0m [1;30mLevel 1[0m _identify(src/ipm) by extensions ['cmake', 'python']
[0.730s] [34mcolcon.colcon_core.package_identification[0m [1;30mLevel 1[0m _identify(src/ipm) by extension 'cmake'
[0.730s] [34mcolcon.colcon_core.package_identification[0m [1;30mLevel 1[0m _identify(src/ipm) by extension 'python'
[0.730s] [34mcolcon.colcon_core.package_identification[0m [1;30mLevel 1[0m _identify(src/ipm) by extensions ['python_setup_py']
[0.730s] [34mcolcon.colcon_core.package_identification[0m [1;30mLevel 1[0m _identify(src/ipm) by extension 'python_setup_py'
[0.730s] [34mcolcon.colcon_core.package_identification[0m [1;30mLevel 1[0m _identify(src/ipm/ipm_image_node) by extensions ['ignore', 'ignore_ament_install']
[0.730s] [34mcolcon.colcon_core.package_identification[0m [1;30mLevel 1[0m _identify(src/ipm/ipm_image_node) by extension 'ignore'
[0.730s] [34mcolcon.colcon_core.package_identification[0m [1;30mLevel 1[0m _identify(src/ipm/ipm_image_node) by extension 'ignore_ament_install'
[0.730s] [34mcolcon.colcon_core.package_identification[0m [1;30mLevel 1[0m _identify(src/ipm/ipm_image_node) by extensions ['colcon_pkg']
[0.730s] [34mcolcon.colcon_core.package_identification[0m [1;30mLevel 1[0m _identify(src/ipm/ipm_image_node) by extension 'colcon_pkg'
[0.731s] [34mcolcon.colcon_core.package_identification[0m [1;30mLevel 1[0m _identify(src/ipm/ipm_image_node) by extensions ['colcon_meta']
[0.731s] [34mcolcon.colcon_core.package_identification[0m [1;30mLevel 1[0m _identify(src/ipm/ipm_image_node) by extension 'colcon_meta'
[0.731s] [34mcolcon.colcon_core.package_identification[0m [1;30mLevel 1[0m _identify(src/ipm/ipm_image_node) by extensions ['ros']
[0.731s] [34mcolcon.colcon_core.package_identification[0m [1;30mLevel 1[0m _identify(src/ipm/ipm_image_node) by extension 'ros'
[0.732s] [34mcolcon.colcon_core.package_identification[0m [1;30mDEBUG[0m [32mPackage 'src/ipm/ipm_image_node' with type 'ros.ament_python' and name 'ipm_image_node'[0m
[0.733s] [34mcolcon.colcon_core.package_identification[0m [1;30mLevel 1[0m _identify(src/ipm/ipm_interfaces) by extensions ['ignore', 'ignore_ament_install']
[0.733s] [34mcolcon.colcon_core.package_identification[0m [1;30mLevel 1[0m _identify(src/ipm/ipm_interfaces) by extension 'ignore'
[0.733s] [34mcolcon.colcon_core.package_identification[0m [1;30mLevel 1[0m _identify(src/ipm/ipm_interfaces) by extension 'ignore_ament_install'
[0.733s] [34mcolcon.colcon_core.package_identification[0m [1;30mLevel 1[0m _identify(src/ipm/ipm_interfaces) by extensions ['colcon_pkg']
[0.733s] [34mcolcon.colcon_core.package_identification[0m [1;30mLevel 1[0m _identify(src/ipm/ipm_interfaces) by extension 'colcon_pkg'
[0.733s] [34mcolcon.colcon_core.package_identification[0m [1;30mLevel 1[0m _identify(src/ipm/ipm_interfaces) by extensions ['colcon_meta']
[0.733s] [34mcolcon.colcon_core.package_identification[0m [1;30mLevel 1[0m _identify(src/ipm/ipm_interfaces) by extension 'colcon_meta'
[0.733s] [34mcolcon.colcon_core.package_identification[0m [1;30mLevel 1[0m _identify(src/ipm/ipm_interfaces) by extensions ['ros']
[0.733s] [34mcolcon.colcon_core.package_identification[0m [1;30mLevel 1[0m _identify(src/ipm/ipm_interfaces) by extension 'ros'
[0.735s] [34mcolcon.colcon_core.package_identification[0m [1;30mDEBUG[0m [32mPackage 'src/ipm/ipm_interfaces' with type 'ros.ament_cmake' and name 'ipm_interfaces'[0m
[0.735s] [34mcolcon.colcon_core.package_identification[0m [1;30mLevel 1[0m _identify(src/ipm/ipm_library) by extensions ['ignore', 'ignore_ament_install']
[0.735s] [34mcolcon.colcon_core.package_identification[0m [1;30mLevel 1[0m _identify(src/ipm/ipm_library) by extension 'ignore'
[0.735s] [34mcolcon.colcon_core.package_identification[0m [1;30mLevel 1[0m _identify(src/ipm/ipm_library) by extension 'ignore_ament_install'
[0.735s] [34mcolcon.colcon_core.package_identification[0m [1;30mLevel 1[0m _identify(src/ipm/ipm_library) by extensions ['colcon_pkg']
[0.735s] [34mcolcon.colcon_core.package_identification[0m [1;30mLevel 1[0m _identify(src/ipm/ipm_library) by extension 'colcon_pkg'
[0.735s] [34mcolcon.colcon_core.package_identification[0m [1;30mLevel 1[0m _identify(src/ipm/ipm_library) by extensions ['colcon_meta']
[0.736s] [34mcolcon.colcon_core.package_identification[0m [1;30mLevel 1[0m _identify(src/ipm/ipm_library) by extension 'colcon_meta'
[0.736s] [34mcolcon.colcon_core.package_identification[0m [1;30mLevel 1[0m _identify(src/ipm/ipm_library) by extensions ['ros']
[0.736s] [34mcolcon.colcon_core.package_identification[0m [1;30mLevel 1[0m _identify(src/ipm/ipm_library) by extension 'ros'
[0.737s] [34mcolcon.colcon_core.package_identification[0m [1;30mDEBUG[0m [32mPackage 'src/ipm/ipm_library' with type 'ros.ament_python' and name 'ipm_library'[0m
[0.738s] [34mcolcon.colcon_core.package_identification[0m [1;30mLevel 1[0m _identify(src/ipm/ipm_service) by extensions ['ignore', 'ignore_ament_install']
[0.738s] [34mcolcon.colcon_core.package_identification[0m [1;30mLevel 1[0m _identify(src/ipm/ipm_service) by extension 'ignore'
[0.738s] [34mcolcon.colcon_core.package_identification[0m [1;30mLevel 1[0m _identify(src/ipm/ipm_service) by extension 'ignore_ament_install'
[0.738s] [34mcolcon.colcon_core.package_identification[0m [1;30mLevel 1[0m _identify(src/ipm/ipm_service) by extensions ['colcon_pkg']
[0.738s] [34mcolcon.colcon_core.package_identification[0m [1;30mLevel 1[0m _identify(src/ipm/ipm_service) by extension 'colcon_pkg'
[0.739s] [34mcolcon.colcon_core.package_identification[0m [1;30mLevel 1[0m _identify(src/ipm/ipm_service) by extensions ['colcon_meta']
[0.739s] [34mcolcon.colcon_core.package_identification[0m [1;30mLevel 1[0m _identify(src/ipm/ipm_service) by extension 'colcon_meta'
[0.739s] [34mcolcon.colcon_core.package_identification[0m [1;30mLevel 1[0m _identify(src/ipm/ipm_service) by extensions ['ros']
[0.739s] [34mcolcon.colcon_core.package_identification[0m [1;30mLevel 1[0m _identify(src/ipm/ipm_service) by extension 'ros'
[0.740s] [34mcolcon.colcon_core.package_identification[0m [1;30mDEBUG[0m [32mPackage 'src/ipm/ipm_service' with type 'ros.ament_python' and name 'ipm_service'[0m
[0.741s] [34mcolcon.colcon_core.package_identification[0m [1;30mLevel 1[0m _identify(src/my_package) by extensions ['ignore', 'ignore_ament_install']
[0.741s] [34mcolcon.colcon_core.package_identification[0m [1;30mLevel 1[0m _identify(src/my_package) by extension 'ignore'
[0.741s] [34mcolcon.colcon_core.package_identification[0m [1;30mLevel 1[0m _identify(src/my_package) by extension 'ignore_ament_install'
[0.741s] [34mcolcon.colcon_core.package_identification[0m [1;30mLevel 1[0m _identify(src/my_package) by extensions ['colcon_pkg']
[0.741s] [34mcolcon.colcon_core.package_identification[0m [1;30mLevel 1[0m _identify(src/my_package) by extension 'colcon_pkg'
[0.741s] [34mcolcon.colcon_core.package_identification[0m [1;30mLevel 1[0m _identify(src/my_package) by extensions ['colcon_meta']
[0.741s] [34mcolcon.colcon_core.package_identification[0m [1;30mLevel 1[0m _identify(src/my_package) by extension 'colcon_meta'
[0.741s] [34mcolcon.colcon_core.package_identification[0m [1;30mLevel 1[0m _identify(src/my_package) by extensions ['ros']
[0.741s] [34mcolcon.colcon_core.package_identification[0m [1;30mLevel 1[0m _identify(src/my_package) by extension 'ros'
[0.742s] [34mcolcon.colcon_core.package_identification[0m [1;30mDEBUG[0m [32mPackage 'src/my_package' with type 'ros.ament_python' and name 'my_package'[0m
[0.743s] [34mcolcon.colcon_core.package_identification[0m [1;30mLevel 1[0m _identify(src/soccer_interfaces) by extensions ['ignore', 'ignore_ament_install']
[0.743s] [34mcolcon.colcon_core.package_identification[0m [1;30mLevel 1[0m _identify(src/soccer_interfaces) by extension 'ignore'
[0.743s] [34mcolcon.colcon_core.package_identification[0m [1;30mLevel 1[0m _identify(src/soccer_interfaces) by extension 'ignore_ament_install'
[0.743s] [34mcolcon.colcon_core.package_identification[0m [1;30mLevel 1[0m _identify(src/soccer_interfaces) by extensions ['colcon_pkg']
[0.743s] [34mcolcon.colcon_core.package_identification[0m [1;30mLevel 1[0m _identify(src/soccer_interfaces) by extension 'colcon_pkg'
[0.743s] [34mcolcon.colcon_core.package_identification[0m [1;30mLevel 1[0m _identify(src/soccer_interfaces) by extensions ['colcon_meta']
[0.743s] [34mcolcon.colcon_core.package_identification[0m [1;30mLevel 1[0m _identify(src/soccer_interfaces) by extension 'colcon_meta'
[0.743s] [34mcolcon.colcon_core.package_identification[0m [1;30mLevel 1[0m _identify(src/soccer_interfaces) by extensions ['ros']
[0.743s] [34mcolcon.colcon_core.package_identification[0m [1;30mLevel 1[0m _identify(src/soccer_interfaces) by extension 'ros'
[0.743s] [34mcolcon.colcon_core.package_identification[0m [1;30mLevel 1[0m _identify(src/soccer_interfaces) by extensions ['cmake', 'python']
[0.743s] [34mcolcon.colcon_core.package_identification[0m [1;30mLevel 1[0m _identify(src/soccer_interfaces) by extension 'cmake'
[0.744s] [34mcolcon.colcon_core.package_identification[0m [1;30mLevel 1[0m _identify(src/soccer_interfaces) by extension 'python'
[0.744s] [34mcolcon.colcon_core.package_identification[0m [1;30mLevel 1[0m _identify(src/soccer_interfaces) by extensions ['python_setup_py']
[0.744s] [34mcolcon.colcon_core.package_identification[0m [1;30mLevel 1[0m _identify(src/soccer_interfaces) by extension 'python_setup_py'
[0.744s] [34mcolcon.colcon_core.package_identification[0m [1;30mLevel 1[0m _identify(src/soccer_interfaces/soccer_geometry_msgs) by extensions ['ignore', 'ignore_ament_install']
[0.744s] [34mcolcon.colcon_core.package_identification[0m [1;30mLevel 1[0m _identify(src/soccer_interfaces/soccer_geometry_msgs) by extension 'ignore'
[0.744s] [34mcolcon.colcon_core.package_identification[0m [1;30mLevel 1[0m _identify(src/soccer_interfaces/soccer_geometry_msgs) by extension 'ignore_ament_install'
[0.744s] [34mcolcon.colcon_core.package_identification[0m [1;30mLevel 1[0m _identify(src/soccer_interfaces/soccer_geometry_msgs) by extensions ['colcon_pkg']
[0.744s] [34mcolcon.colcon_core.package_identification[0m [1;30mLevel 1[0m _identify(src/soccer_interfaces/soccer_geometry_msgs) by extension 'colcon_pkg'
[0.745s] [34mcolcon.colcon_core.package_identification[0m [1;30mLevel 1[0m _identify(src/soccer_interfaces/soccer_geometry_msgs) by extensions ['colcon_meta']
[0.745s] [34mcolcon.colcon_core.package_identification[0m [1;30mLevel 1[0m _identify(src/soccer_interfaces/soccer_geometry_msgs) by extension 'colcon_meta'
[0.745s] [34mcolcon.colcon_core.package_identification[0m [1;30mLevel 1[0m _identify(src/soccer_interfaces/soccer_geometry_msgs) by extensions ['ros']
[0.745s] [34mcolcon.colcon_core.package_identification[0m [1;30mLevel 1[0m _identify(src/soccer_interfaces/soccer_geometry_msgs) by extension 'ros'
[0.746s] [34mcolcon.colcon_core.package_identification[0m [1;30mDEBUG[0m [32mPackage 'src/soccer_interfaces/soccer_geometry_msgs' with type 'ros.ament_cmake' and name 'soccer_geometry_msgs'[0m
[0.746s] [34mcolcon.colcon_core.package_identification[0m [1;30mLevel 1[0m _identify(src/soccer_interfaces/soccer_interfaces) by extensions ['ignore', 'ignore_ament_install']
[0.747s] [34mcolcon.colcon_core.package_identification[0m [1;30mLevel 1[0m _identify(src/soccer_interfaces/soccer_interfaces) by extension 'ignore'
[0.747s] [34mcolcon.colcon_core.package_identification[0m [1;30mLevel 1[0m _identify(src/soccer_interfaces/soccer_interfaces) by extension 'ignore_ament_install'
[0.747s] [34mcolcon.colcon_core.package_identification[0m [1;30mLevel 1[0m _identify(src/soccer_interfaces/soccer_interfaces) by extensions ['colcon_pkg']
[0.747s] [34mcolcon.colcon_core.package_identification[0m [1;30mLevel 1[0m _identify(src/soccer_interfaces/soccer_interfaces) by extension 'colcon_pkg'
[0.747s] [34mcolcon.colcon_core.package_identification[0m [1;30mLevel 1[0m _identify(src/soccer_interfaces/soccer_interfaces) by extensions ['colcon_meta']
[0.747s] [34mcolcon.colcon_core.package_identification[0m [1;30mLevel 1[0m _identify(src/soccer_interfaces/soccer_interfaces) by extension 'colcon_meta'
[0.747s] [34mcolcon.colcon_core.package_identification[0m [1;30mLevel 1[0m _identify(src/soccer_interfaces/soccer_interfaces) by extensions ['ros']
[0.747s] [34mcolcon.colcon_core.package_identification[0m [1;30mLevel 1[0m _identify(src/soccer_interfaces/soccer_interfaces) by extension 'ros'
[0.748s] [34mcolcon.colcon_core.package_identification[0m [1;30mDEBUG[0m [32mPackage 'src/soccer_interfaces/soccer_interfaces' with type 'ros.ament_cmake' and name 'soccer_interfaces'[0m
[0.748s] [34mcolcon.colcon_core.package_identification[0m [1;30mLevel 1[0m _identify(src/soccer_interfaces/soccer_model_msgs) by extensions ['ignore', 'ignore_ament_install']
[0.748s] [34mcolcon.colcon_core.package_identification[0m [1;30mLevel 1[0m _identify(src/soccer_interfaces/soccer_model_msgs) by extension 'ignore'
[0.749s] [34mcolcon.colcon_core.package_identification[0m [1;30mLevel 1[0m _identify(src/soccer_interfaces/soccer_model_msgs) by extension 'ignore_ament_install'
[0.749s] [34mcolcon.colcon_core.package_identification[0m [1;30mLevel 1[0m _identify(src/soccer_interfaces/soccer_model_msgs) by extensions ['colcon_pkg']
[0.749s] [34mcolcon.colcon_core.package_identification[0m [1;30mLevel 1[0m _identify(src/soccer_interfaces/soccer_model_msgs) by extension 'colcon_pkg'
[0.749s] [34mcolcon.colcon_core.package_identification[0m [1;30mLevel 1[0m _identify(src/soccer_interfaces/soccer_model_msgs) by extensions ['colcon_meta']
[0.749s] [34mcolcon.colcon_core.package_identification[0m [1;30mLevel 1[0m _identify(src/soccer_interfaces/soccer_model_msgs) by extension 'colcon_meta'
[0.749s] [34mcolcon.colcon_core.package_identification[0m [1;30mLevel 1[0m _identify(src/soccer_interfaces/soccer_model_msgs) by extensions ['ros']
[0.749s] [34mcolcon.colcon_core.package_identification[0m [1;30mLevel 1[0m _identify(src/soccer_interfaces/soccer_model_msgs) by extension 'ros'
[0.750s] [34mcolcon.colcon_core.package_identification[0m [1;30mDEBUG[0m [32mPackage 'src/soccer_interfaces/soccer_model_msgs' with type 'ros.ament_cmake' and name 'soccer_model_msgs'[0m
[0.751s] [34mcolcon.colcon_core.package_identification[0m [1;30mLevel 1[0m _identify(src/soccer_interfaces/soccer_vision_2d_msgs) by extensions ['ignore', 'ignore_ament_install']
[0.751s] [34mcolcon.colcon_core.package_identification[0m [1;30mLevel 1[0m _identify(src/soccer_interfaces/soccer_vision_2d_msgs) by extension 'ignore'
[0.751s] [34mcolcon.colcon_core.package_identification[0m [1;30mLevel 1[0m _identify(src/soccer_interfaces/soccer_vision_2d_msgs) by extension 'ignore_ament_install'
[0.751s] [34mcolcon.colcon_core.package_identification[0m [1;30mLevel 1[0m _identify(src/soccer_interfaces/soccer_vision_2d_msgs) by extensions ['colcon_pkg']
[0.751s] [34mcolcon.colcon_core.package_identification[0m [1;30mLevel 1[0m _identify(src/soccer_interfaces/soccer_vision_2d_msgs) by extension 'colcon_pkg'
[0.751s] [34mcolcon.colcon_core.package_identification[0m [1;30mLevel 1[0m _identify(src/soccer_interfaces/soccer_vision_2d_msgs) by extensions ['colcon_meta']
[0.751s] [34mcolcon.colcon_core.package_identification[0m [1;30mLevel 1[0m _identify(src/soccer_interfaces/soccer_vision_2d_msgs) by extension 'colcon_meta'
[0.751s] [34mcolcon.colcon_core.package_identification[0m [1;30mLevel 1[0m _identify(src/soccer_interfaces/soccer_vision_2d_msgs) by extensions ['ros']
[0.751s] [34mcolcon.colcon_core.package_identification[0m [1;30mLevel 1[0m _identify(src/soccer_interfaces/soccer_vision_2d_msgs) by extension 'ros'
[0.752s] [34mcolcon.colcon_core.package_identification[0m [1;30mDEBUG[0m [32mPackage 'src/soccer_interfaces/soccer_vision_2d_msgs' with type 'ros.ament_cmake' and name 'soccer_vision_2d_msgs'[0m
[0.753s] [34mcolcon.colcon_core.package_identification[0m [1;30mLevel 1[0m _identify(src/soccer_interfaces/soccer_vision_3d_msgs) by extensions ['ignore', 'ignore_ament_install']
[0.753s] [34mcolcon.colcon_core.package_identification[0m [1;30mLevel 1[0m _identify(src/soccer_interfaces/soccer_vision_3d_msgs) by extension 'ignore'
[0.753s] [34mcolcon.colcon_core.package_identification[0m [1;30mLevel 1[0m _identify(src/soccer_interfaces/soccer_vision_3d_msgs) by extension 'ignore_ament_install'
[0.753s] [34mcolcon.colcon_core.package_identification[0m [1;30mLevel 1[0m _identify(src/soccer_interfaces/soccer_vision_3d_msgs) by extensions ['colcon_pkg']
[0.753s] [34mcolcon.colcon_core.package_identification[0m [1;30mLevel 1[0m _identify(src/soccer_interfaces/soccer_vision_3d_msgs) by extension 'colcon_pkg'
[0.753s] [34mcolcon.colcon_core.package_identification[0m [1;30mLevel 1[0m _identify(src/soccer_interfaces/soccer_vision_3d_msgs) by extensions ['colcon_meta']
[0.753s] [34mcolcon.colcon_core.package_identification[0m [1;30mLevel 1[0m _identify(src/soccer_interfaces/soccer_vision_3d_msgs) by extension 'colcon_meta'
[0.753s] [34mcolcon.colcon_core.package_identification[0m [1;30mLevel 1[0m _identify(src/soccer_interfaces/soccer_vision_3d_msgs) by extensions ['ros']
[0.753s] [34mcolcon.colcon_core.package_identification[0m [1;30mLevel 1[0m _identify(src/soccer_interfaces/soccer_vision_3d_msgs) by extension 'ros'
[0.754s] [34mcolcon.colcon_core.package_identification[0m [1;30mDEBUG[0m [32mPackage 'src/soccer_interfaces/soccer_vision_3d_msgs' with type 'ros.ament_cmake' and name 'soccer_vision_3d_msgs'[0m
[0.755s] [34mcolcon.colcon_core.package_identification[0m [1;30mLevel 1[0m _identify(src/soccer_interfaces/soccer_vision_attribute_msgs) by extensions ['ignore', 'ignore_ament_install']
[0.755s] [34mcolcon.colcon_core.package_identification[0m [1;30mLevel 1[0m _identify(src/soccer_interfaces/soccer_vision_attribute_msgs) by extension 'ignore'
[0.755s] [34mcolcon.colcon_core.package_identification[0m [1;30mLevel 1[0m _identify(src/soccer_interfaces/soccer_vision_attribute_msgs) by extension 'ignore_ament_install'
[0.755s] [34mcolcon.colcon_core.package_identification[0m [1;30mLevel 1[0m _identify(src/soccer_interfaces/soccer_vision_attribute_msgs) by extensions ['colcon_pkg']
[0.755s] [34mcolcon.colcon_core.package_identification[0m [1;30mLevel 1[0m _identify(src/soccer_interfaces/soccer_vision_attribute_msgs) by extension 'colcon_pkg'
[0.755s] [34mcolcon.colcon_core.package_identification[0m [1;30mLevel 1[0m _identify(src/soccer_interfaces/soccer_vision_attribute_msgs) by extensions ['colcon_meta']
[0.755s] [34mcolcon.colcon_core.package_identification[0m [1;30mLevel 1[0m _identify(src/soccer_interfaces/soccer_vision_attribute_msgs) by extension 'colcon_meta'
[0.755s] [34mcolcon.colcon_core.package_identification[0m [1;30mLevel 1[0m _identify(src/soccer_interfaces/soccer_vision_attribute_msgs) by extensions ['ros']
[0.755s] [34mcolcon.colcon_core.package_identification[0m [1;30mLevel 1[0m _identify(src/soccer_interfaces/soccer_vision_attribute_msgs) by extension 'ros'
[0.757s] [34mcolcon.colcon_core.package_identification[0m [1;30mDEBUG[0m [32mPackage 'src/soccer_interfaces/soccer_vision_attribute_msgs' with type 'ros.ament_cmake' and name 'soccer_vision_attribute_msgs'[0m
[0.757s] [34mcolcon.colcon_core.package_identification[0m [1;30mLevel 1[0m _identify(src/soccer_ipm) by extensions ['ignore', 'ignore_ament_install']
[0.757s] [34mcolcon.colcon_core.package_identification[0m [1;30mLevel 1[0m _identify(src/soccer_ipm) by extension 'ignore'
[0.757s] [34mcolcon.colcon_core.package_identification[0m [1;30mLevel 1[0m _identify(src/soccer_ipm) by extension 'ignore_ament_install'
[0.757s] [34mcolcon.colcon_core.package_identification[0m [1;30mLevel 1[0m _identify(src/soccer_ipm) by extensions ['colcon_pkg']
[0.757s] [34mcolcon.colcon_core.package_identification[0m [1;30mLevel 1[0m _identify(src/soccer_ipm) by extension 'colcon_pkg'
[0.757s] [34mcolcon.colcon_core.package_identification[0m [1;30mLevel 1[0m _identify(src/soccer_ipm) by extensions ['colcon_meta']
[0.757s] [34mcolcon.colcon_core.package_identification[0m [1;30mLevel 1[0m _identify(src/soccer_ipm) by extension 'colcon_meta'
[0.757s] [34mcolcon.colcon_core.package_identification[0m [1;30mLevel 1[0m _identify(src/soccer_ipm) by extensions ['ros']
[0.758s] [34mcolcon.colcon_core.package_identification[0m [1;30mLevel 1[0m _identify(src/soccer_ipm) by extension 'ros'
[0.758s] [34mcolcon.colcon_core.package_identification[0m [1;30mLevel 1[0m _identify(src/soccer_ipm) by extensions ['cmake', 'python']
[0.758s] [34mcolcon.colcon_core.package_identification[0m [1;30mLevel 1[0m _identify(src/soccer_ipm) by extension 'cmake'
[0.758s] [34mcolcon.colcon_core.package_identification[0m [1;30mLevel 1[0m _identify(src/soccer_ipm) by extension 'python'
[0.758s] [34mcolcon.colcon_core.package_identification[0m [1;30mLevel 1[0m _identify(src/soccer_ipm) by extensions ['python_setup_py']
[0.758s] [34mcolcon.colcon_core.package_identification[0m [1;30mLevel 1[0m _identify(src/soccer_ipm) by extension 'python_setup_py'
[0.758s] [34mcolcon.colcon_core.package_identification[0m [1;30mLevel 1[0m _identify(src/soccer_ipm/soccer_ipm) by extensions ['ignore', 'ignore_ament_install']
[0.758s] [34mcolcon.colcon_core.package_identification[0m [1;30mLevel 1[0m _identify(src/soccer_ipm/soccer_ipm) by extension 'ignore'
[0.758s] [34mcolcon.colcon_core.package_identification[0m [1;30mLevel 1[0m _identify(src/soccer_ipm/soccer_ipm) by extension 'ignore_ament_install'
[0.758s] [34mcolcon.colcon_core.package_identification[0m [1;30mLevel 1[0m _identify(src/soccer_ipm/soccer_ipm) by extensions ['colcon_pkg']
[0.759s] [34mcolcon.colcon_core.package_identification[0m [1;30mLevel 1[0m _identify(src/soccer_ipm/soccer_ipm) by extension 'colcon_pkg'
[0.759s] [34mcolcon.colcon_core.package_identification[0m [1;30mLevel 1[0m _identify(src/soccer_ipm/soccer_ipm) by extensions ['colcon_meta']
[0.759s] [34mcolcon.colcon_core.package_identification[0m [1;30mLevel 1[0m _identify(src/soccer_ipm/soccer_ipm) by extension 'colcon_meta'
[0.759s] [34mcolcon.colcon_core.package_identification[0m [1;30mLevel 1[0m _identify(src/soccer_ipm/soccer_ipm) by extensions ['ros']
[0.759s] [34mcolcon.colcon_core.package_identification[0m [1;30mLevel 1[0m _identify(src/soccer_ipm/soccer_ipm) by extension 'ros'
[0.760s] [34mcolcon.colcon_core.package_identification[0m [1;30mDEBUG[0m [32mPackage 'src/soccer_ipm/soccer_ipm' with type 'ros.ament_python' and name 'soccer_ipm'[0m
[0.760s] [34mcolcon.colcon_core.package_discovery[0m [1;30mLevel 1[0m discover_packages(recursive) using defaults
[0.760s] [34mcolcon.colcon_core.package_discovery[0m [1;30mLevel 1[0m discover_packages(ignore) discover
[0.760s] [34mcolcon.colcon_core.package_discovery[0m [1;30mLevel 1[0m discover_packages(ignore) using defaults
[0.760s] [34mcolcon.colcon_core.package_discovery[0m [1;30mLevel 1[0m discover_packages(path) discover
[0.760s] [34mcolcon.colcon_core.package_discovery[0m [1;30mLevel 1[0m discover_packages(path) using defaults
[0.794s] [34mcolcon.colcon_core.package_discovery[0m [1;30mLevel 1[0m discover_packages(prefix_path) check parameters
[0.794s] [34mcolcon.colcon_core.package_discovery[0m [1;30mLevel 1[0m discover_packages(prefix_path) discover
[0.800s] [34mcolcon.colcon_installed_package_information.package_discovery[0m [1;30mDEBUG[0m [32mFound 13 installed packages in /home/ivan/Webots_YOLOv8/install[0m
[0.801s] [34mcolcon.colcon_installed_package_information.package_discovery[0m [1;30mDEBUG[0m [32mFound 5 installed packages in /home/ivan/ros2_ws/install[0m
[0.804s] [34mcolcon.colcon_installed_package_information.package_discovery[0m [1;30mDEBUG[0m [32mFound 317 installed packages in /opt/ros/humble[0m
[0.806s] [34mcolcon.colcon_core.package_discovery[0m [1;30mLevel 1[0m discover_packages(prefix_path) using defaults
[0.925s] [34mcolcon.colcon_core.verb[0m [1;30mLevel 5[0m set package 'ipm_interfaces' build argument 'cmake_args' from command line to 'None'
[0.925s] [34mcolcon.colcon_core.verb[0m [1;30mLevel 5[0m set package 'ipm_interfaces' build argument 'cmake_target' from command line to 'None'
[0.925s] [34mcolcon.colcon_core.verb[0m [1;30mLevel 5[0m set package 'ipm_interfaces' build argument 'cmake_target_skip_unavailable' from command line to 'False'
[0.925s] [34mcolcon.colcon_core.verb[0m [1;30mLevel 5[0m set package 'ipm_interfaces' build argument 'cmake_clean_cache' from command line to 'False'
[0.925s] [34mcolcon.colcon_core.verb[0m [1;30mLevel 5[0m set package 'ipm_interfaces' build argument 'cmake_clean_first' from command line to 'False'
[0.925s] [34mcolcon.colcon_core.verb[0m [1;30mLevel 5[0m set package 'ipm_interfaces' build argument 'cmake_force_configure' from command line to 'False'
[0.925s] [34mcolcon.colcon_core.verb[0m [1;30mLevel 5[0m set package 'ipm_interfaces' build argument 'ament_cmake_args' from command line to 'None'
[0.925s] [34mcolcon.colcon_core.verb[0m [1;30mLevel 5[0m set package 'ipm_interfaces' build argument 'catkin_cmake_args' from command line to 'None'
[0.925s] [34mcolcon.colcon_core.verb[0m [1;30mLevel 5[0m set package 'ipm_interfaces' build argument 'catkin_skip_building_tests' from command line to 'False'
[0.925s] [34mcolcon.colcon_core.verb[0m [1;30mDEBUG[0m [32mBuilding package 'ipm_interfaces' with the following arguments: {'ament_cmake_args': None, 'build_base': '/home/ivan/Webots_YOLOv8/build/ipm_interfaces', 'catkin_cmake_args': None, 'catkin_skip_building_tests': False, 'cmake_args': None, 'cmake_clean_cache': False, 'cmake_clean_first': False, 'cmake_force_configure': False, 'cmake_target': None, 'cmake_target_skip_unavailable': False, 'install_base': '/home/ivan/Webots_YOLOv8/install/ipm_interfaces', 'merge_install': False, 'path': '/home/ivan/Webots_YOLOv8/src/ipm/ipm_interfaces', 'symlink_install': False, 'test_result_base': None}[0m
[0.926s] [34mcolcon.colcon_core.verb[0m [1;30mLevel 5[0m set package 'my_package' build argument 'cmake_args' from command line to 'None'
[0.926s] [34mcolcon.colcon_core.verb[0m [1;30mLevel 5[0m set package 'my_package' build argument 'cmake_target' from command line to 'None'
[0.926s] [34mcolcon.colcon_core.verb[0m [1;30mLevel 5[0m set package 'my_package' build argument 'cmake_target_skip_unavailable' from command line to 'False'
[0.926s] [34mcolcon.colcon_core.verb[0m [1;30mLevel 5[0m set package 'my_package' build argument 'cmake_clean_cache' from command line to 'False'
[0.926s] [34mcolcon.colcon_core.verb[0m [1;30mLevel 5[0m set package 'my_package' build argument 'cmake_clean_first' from command line to 'False'
[0.926s] [34mcolcon.colcon_core.verb[0m [1;30mLevel 5[0m set package 'my_package' build argument 'cmake_force_configure' from command line to 'False'
[0.926s] [34mcolcon.colcon_core.verb[0m [1;30mLevel 5[0m set package 'my_package' build argument 'ament_cmake_args' from command line to 'None'
[0.926s] [34mcolcon.colcon_core.verb[0m [1;30mLevel 5[0m set package 'my_package' build argument 'catkin_cmake_args' from command line to 'None'
[0.926s] [34mcolcon.colcon_core.verb[0m [1;30mLevel 5[0m set package 'my_package' build argument 'catkin_skip_building_tests' from command line to 'False'
[0.926s] [34mcolcon.colcon_core.verb[0m [1;30mDEBUG[0m [32mBuilding package 'my_package' with the following arguments: {'ament_cmake_args': None, 'build_base': '/home/ivan/Webots_YOLOv8/build/my_package', 'catkin_cmake_args': None, 'catkin_skip_building_tests': False, 'cmake_args': None, 'cmake_clean_cache': False, 'cmake_clean_first': False, 'cmake_force_configure': False, 'cmake_target': None, 'cmake_target_skip_unavailable': False, 'install_base': '/home/ivan/Webots_YOLOv8/install/my_package', 'merge_install': False, 'path': '/home/ivan/Webots_YOLOv8/src/my_package', 'symlink_install': False, 'test_result_base': None}[0m
[0.926s] [34mcolcon.colcon_core.verb[0m [1;30mLevel 5[0m set package 'soccer_geometry_msgs' build argument 'cmake_args' from command line to 'None'
[0.927s] [34mcolcon.colcon_core.verb[0m [1;30mLevel 5[0m set package 'soccer_geometry_msgs' build argument 'cmake_target' from command line to 'None'
[0.927s] [34mcolcon.colcon_core.verb[0m [1;30mLevel 5[0m set package 'soccer_geometry_msgs' build argument 'cmake_target_skip_unavailable' from command line to 'False'
[0.927s] [34mcolcon.colcon_core.verb[0m [1;30mLevel 5[0m set package 'soccer_geometry_msgs' build argument 'cmake_clean_cache' from command line to 'False'
[0.927s] [34mcolcon.colcon_core.verb[0m [1;30mLevel 5[0m set package 'soccer_geometry_msgs' build argument 'cmake_clean_first' from command line to 'False'
[0.927s] [34mcolcon.colcon_core.verb[0m [1;30mLevel 5[0m set package 'soccer_geometry_msgs' build argument 'cmake_force_configure' from command line to 'False'
[0.927s] [34mcolcon.colcon_core.verb[0m [1;30mLevel 5[0m set package 'soccer_geometry_msgs' build argument 'ament_cmake_args' from command line to 'None'
[0.927s] [34mcolcon.colcon_core.verb[0m [1;30mLevel 5[0m set package 'soccer_geometry_msgs' build argument 'catkin_cmake_args' from command line to 'None'
[0.927s] [34mcolcon.colcon_core.verb[0m [1;30mLevel 5[0m set package 'soccer_geometry_msgs' build argument 'catkin_skip_building_tests' from command line to 'False'
[0.927s] [34mcolcon.colcon_core.verb[0m [1;30mDEBUG[0m [32mBuilding package 'soccer_geometry_msgs' with the following arguments: {'ament_cmake_args': None, 'build_base': '/home/ivan/Webots_YOLOv8/build/soccer_geometry_msgs', 'catkin_cmake_args': None, 'catkin_skip_building_tests': False, 'cmake_args': None, 'cmake_clean_cache': False, 'cmake_clean_first': False, 'cmake_force_configure': False, 'cmake_target': None, 'cmake_target_skip_unavailable': False, 'install_base': '/home/ivan/Webots_YOLOv8/install/soccer_geometry_msgs', 'merge_install': False, 'path': '/home/ivan/Webots_YOLOv8/src/soccer_interfaces/soccer_geometry_msgs', 'symlink_install': False, 'test_result_base': None}[0m
[0.927s] [34mcolcon.colcon_core.verb[0m [1;30mLevel 5[0m set package 'soccer_vision_attribute_msgs' build argument 'cmake_args' from command line to 'None'
[0.927s] [34mcolcon.colcon_core.verb[0m [1;30mLevel 5[0m set package 'soccer_vision_attribute_msgs' build argument 'cmake_target' from command line to 'None'
[0.927s] [34mcolcon.colcon_core.verb[0m [1;30mLevel 5[0m set package 'soccer_vision_attribute_msgs' build argument 'cmake_target_skip_unavailable' from command line to 'False'
[0.927s] [34mcolcon.colcon_core.verb[0m [1;30mLevel 5[0m set package 'soccer_vision_attribute_msgs' build argument 'cmake_clean_cache' from command line to 'False'
[0.927s] [34mcolcon.colcon_core.verb[0m [1;30mLevel 5[0m set package 'soccer_vision_attribute_msgs' build argument 'cmake_clean_first' from command line to 'False'
[0.927s] [34mcolcon.colcon_core.verb[0m [1;30mLevel 5[0m set package 'soccer_vision_attribute_msgs' build argument 'cmake_force_configure' from command line to 'False'
[0.927s] [34mcolcon.colcon_core.verb[0m [1;30mLevel 5[0m set package 'soccer_vision_attribute_msgs' build argument 'ament_cmake_args' from command line to 'None'
[0.927s] [34mcolcon.colcon_core.verb[0m [1;30mLevel 5[0m set package 'soccer_vision_attribute_msgs' build argument 'catkin_cmake_args' from command line to 'None'
[0.927s] [34mcolcon.colcon_core.verb[0m [1;30mLevel 5[0m set package 'soccer_vision_attribute_msgs' build argument 'catkin_skip_building_tests' from command line to 'False'
[0.928s] [34mcolcon.colcon_core.verb[0m [1;30mDEBUG[0m [32mBuilding package 'soccer_vision_attribute_msgs' with the following arguments: {'ament_cmake_args': None, 'build_base': '/home/ivan/Webots_YOLOv8/build/soccer_vision_attribute_msgs', 'catkin_cmake_args': None, 'catkin_skip_building_tests': False, 'cmake_args': None, 'cmake_clean_cache': False, 'cmake_clean_first': False, 'cmake_force_configure': False, 'cmake_target': None, 'cmake_target_skip_unavailable': False, 'install_base': '/home/ivan/Webots_YOLOv8/install/soccer_vision_attribute_msgs', 'merge_install': False, 'path': '/home/ivan/Webots_YOLOv8/src/soccer_interfaces/soccer_vision_attribute_msgs', 'symlink_install': False, 'test_result_base': None}[0m
[0.928s] [34mcolcon.colcon_core.verb[0m [1;30mLevel 5[0m set package 'ipm_library' build argument 'cmake_args' from command line to 'None'
[0.928s] [34mcolcon.colcon_core.verb[0m [1;30mLevel 5[0m set package 'ipm_library' build argument 'cmake_target' from command line to 'None'
[0.928s] [34mcolcon.colcon_core.verb[0m [1;30mLevel 5[0m set package 'ipm_library' build argument 'cmake_target_skip_unavailable' from command line to 'False'
[0.928s] [34mcolcon.colcon_core.verb[0m [1;30mLevel 5[0m set package 'ipm_library' build argument 'cmake_clean_cache' from command line to 'False'
[0.928s] [34mcolcon.colcon_core.verb[0m [1;30mLevel 5[0m set package 'ipm_library' build argument 'cmake_clean_first' from command line to 'False'
[0.928s] [34mcolcon.colcon_core.verb[0m [1;30mLevel 5[0m set package 'ipm_library' build argument 'cmake_force_configure' from command line to 'False'
[0.928s] [34mcolcon.colcon_core.verb[0m [1;30mLevel 5[0m set package 'ipm_library' build argument 'ament_cmake_args' from command line to 'None'
[0.928s] [34mcolcon.colcon_core.verb[0m [1;30mLevel 5[0m set package 'ipm_library' build argument 'catkin_cmake_args' from command line to 'None'
[0.928s] [34mcolcon.colcon_core.verb[0m [1;30mLevel 5[0m set package 'ipm_library' build argument 'catkin_skip_building_tests' from command line to 'False'
[0.928s] [34mcolcon.colcon_core.verb[0m [1;30mDEBUG[0m [32mBuilding package 'ipm_library' with the following arguments: {'ament_cmake_args': None, 'build_base': '/home/ivan/Webots_YOLOv8/build/ipm_library', 'catkin_cmake_args': None, 'catkin_skip_building_tests': False, 'cmake_args': None, 'cmake_clean_cache': False, 'cmake_clean_first': False, 'cmake_force_configure': False, 'cmake_target': None, 'cmake_target_skip_unavailable': False, 'install_base': '/home/ivan/Webots_YOLOv8/install/ipm_library', 'merge_install': False, 'path': '/home/ivan/Webots_YOLOv8/src/ipm/ipm_library', 'symlink_install': False, 'test_result_base': None}[0m
[0.929s] [34mcolcon.colcon_core.verb[0m [1;30mLevel 5[0m set package 'soccer_model_msgs' build argument 'cmake_args' from command line to 'None'
[0.929s] [34mcolcon.colcon_core.verb[0m [1;30mLevel 5[0m set package 'soccer_model_msgs' build argument 'cmake_target' from command line to 'None'
[0.929s] [34mcolcon.colcon_core.verb[0m [1;30mLevel 5[0m set package 'soccer_model_msgs' build argument 'cmake_target_skip_unavailable' from command line to 'False'
[0.929s] [34mcolcon.colcon_core.verb[0m [1;30mLevel 5[0m set package 'soccer_model_msgs' build argument 'cmake_clean_cache' from command line to 'False'
[0.929s] [34mcolcon.colcon_core.verb[0m [1;30mLevel 5[0m set package 'soccer_model_msgs' build argument 'cmake_clean_first' from command line to 'False'
[0.929s] [34mcolcon.colcon_core.verb[0m [1;30mLevel 5[0m set package 'soccer_model_msgs' build argument 'cmake_force_configure' from command line to 'False'
[0.929s] [34mcolcon.colcon_core.verb[0m [1;30mLevel 5[0m set package 'soccer_model_msgs' build argument 'ament_cmake_args' from command line to 'None'
[0.929s] [34mcolcon.colcon_core.verb[0m [1;30mLevel 5[0m set package 'soccer_model_msgs' build argument 'catkin_cmake_args' from command line to 'None'
[0.929s] [34mcolcon.colcon_core.verb[0m [1;30mLevel 5[0m set package 'soccer_model_msgs' build argument 'catkin_skip_building_tests' from command line to 'False'
[0.929s] [34mcolcon.colcon_core.verb[0m [1;30mDEBUG[0m [32mBuilding package 'soccer_model_msgs' with the following arguments: {'ament_cmake_args': None, 'build_base': '/home/ivan/Webots_YOLOv8/build/soccer_model_msgs', 'catkin_cmake_args': None, 'catkin_skip_building_tests': False, 'cmake_args': None, 'cmake_clean_cache': False, 'cmake_clean_first': False, 'cmake_force_configure': False, 'cmake_target': None, 'cmake_target_skip_unavailable': False, 'install_base': '/home/ivan/Webots_YOLOv8/install/soccer_model_msgs', 'merge_install': False, 'path': '/home/ivan/Webots_YOLOv8/src/soccer_interfaces/soccer_model_msgs', 'symlink_install': False, 'test_result_base': None}[0m
[0.929s] [34mcolcon.colcon_core.verb[0m [1;30mLevel 5[0m set package 'soccer_vision_2d_msgs' build argument 'cmake_args' from command line to 'None'
[0.929s] [34mcolcon.colcon_core.verb[0m [1;30mLevel 5[0m set package 'soccer_vision_2d_msgs' build argument 'cmake_target' from command line to 'None'
[0.929s] [34mcolcon.colcon_core.verb[0m [1;30mLevel 5[0m set package 'soccer_vision_2d_msgs' build argument 'cmake_target_skip_unavailable' from command line to 'False'
[0.929s] [34mcolcon.colcon_core.verb[0m [1;30mLevel 5[0m set package 'soccer_vision_2d_msgs' build argument 'cmake_clean_cache' from command line to 'False'
[0.930s] [34mcolcon.colcon_core.verb[0m [1;30mLevel 5[0m set package 'soccer_vision_2d_msgs' build argument 'cmake_clean_first' from command line to 'False'
[0.930s] [34mcolcon.colcon_core.verb[0m [1;30mLevel 5[0m set package 'soccer_vision_2d_msgs' build argument 'cmake_force_configure' from command line to 'False'
[0.930s] [34mcolcon.colcon_core.verb[0m [1;30mLevel 5[0m set package 'soccer_vision_2d_msgs' build argument 'ament_cmake_args' from command line to 'None'
[0.930s] [34mcolcon.colcon_core.verb[0m [1;30mLevel 5[0m set package 'soccer_vision_2d_msgs' build argument 'catkin_cmake_args' from command line to 'None'
[0.930s] [34mcolcon.colcon_core.verb[0m [1;30mLevel 5[0m set package 'soccer_vision_2d_msgs' build argument 'catkin_skip_building_tests' from command line to 'False'
[0.930s] [34mcolcon.colcon_core.verb[0m [1;30mDEBUG[0m [32mBuilding package 'soccer_vision_2d_msgs' with the following arguments: {'ament_cmake_args': None, 'build_base': '/home/ivan/Webots_YOLOv8/build/soccer_vision_2d_msgs', 'catkin_cmake_args': None, 'catkin_skip_building_tests': False, 'cmake_args': None, 'cmake_clean_cache': False, 'cmake_clean_first': False, 'cmake_force_configure': False, 'cmake_target': None, 'cmake_target_skip_unavailable': False, 'install_base': '/home/ivan/Webots_YOLOv8/install/soccer_vision_2d_msgs', 'merge_install': False, 'path': '/home/ivan/Webots_YOLOv8/src/soccer_interfaces/soccer_vision_2d_msgs', 'symlink_install': False, 'test_result_base': None}[0m
[0.930s] [34mcolcon.colcon_core.verb[0m [1;30mLevel 5[0m set package 'soccer_vision_3d_msgs' build argument 'cmake_args' from command line to 'None'
[0.930s] [34mcolcon.colcon_core.verb[0m [1;30mLevel 5[0m set package 'soccer_vision_3d_msgs' build argument 'cmake_target' from command line to 'None'
[0.930s] [34mcolcon.colcon_core.verb[0m [1;30mLevel 5[0m set package 'soccer_vision_3d_msgs' build argument 'cmake_target_skip_unavailable' from command line to 'False'
[0.930s] [34mcolcon.colcon_core.verb[0m [1;30mLevel 5[0m set package 'soccer_vision_3d_msgs' build argument 'cmake_clean_cache' from command line to 'False'
[0.930s] [34mcolcon.colcon_core.verb[0m [1;30mLevel 5[0m set package 'soccer_vision_3d_msgs' build argument 'cmake_clean_first' from command line to 'False'
[0.930s] [34mcolcon.colcon_core.verb[0m [1;30mLevel 5[0m set package 'soccer_vision_3d_msgs' build argument 'cmake_force_configure' from command line to 'False'
[0.930s] [34mcolcon.colcon_core.verb[0m [1;30mLevel 5[0m set package 'soccer_vision_3d_msgs' build argument 'ament_cmake_args' from command line to 'None'
[0.930s] [34mcolcon.colcon_core.verb[0m [1;30mLevel 5[0m set package 'soccer_vision_3d_msgs' build argument 'catkin_cmake_args' from command line to 'None'
[0.930s] [34mcolcon.colcon_core.verb[0m [1;30mLevel 5[0m set package 'soccer_vision_3d_msgs' build argument 'catkin_skip_building_tests' from command line to 'False'
[0.930s] [34mcolcon.colcon_core.verb[0m [1;30mDEBUG[0m [32mBuilding package 'soccer_vision_3d_msgs' with the following arguments: {'ament_cmake_args': None, 'build_base': '/home/ivan/Webots_YOLOv8/build/soccer_vision_3d_msgs', 'catkin_cmake_args': None, 'catkin_skip_building_tests': False, 'cmake_args': None, 'cmake_clean_cache': False, 'cmake_clean_first': False, 'cmake_force_configure': False, 'cmake_target': None, 'cmake_target_skip_unavailable': False, 'install_base': '/home/ivan/Webots_YOLOv8/install/soccer_vision_3d_msgs', 'merge_install': False, 'path': '/home/ivan/Webots_YOLOv8/src/soccer_interfaces/soccer_vision_3d_msgs', 'symlink_install': False, 'test_result_base': None}[0m
[0.931s] [34mcolcon.colcon_core.verb[0m [1;30mLevel 5[0m set package 'Webots_YOLOv8' build argument 'cmake_args' from command line to 'None'
[0.931s] [34mcolcon.colcon_core.verb[0m [1;30mLevel 5[0m set package 'Webots_YOLOv8' build argument 'cmake_target' from command line to 'None'
[0.931s] [34mcolcon.colcon_core.verb[0m [1;30mLevel 5[0m set package 'Webots_YOLOv8' build argument 'cmake_target_skip_unavailable' from command line to 'False'
[0.931s] [34mcolcon.colcon_core.verb[0m [1;30mLevel 5[0m set package 'Webots_YOLOv8' build argument 'cmake_clean_cache' from command line to 'False'
[0.931s] [34mcolcon.colcon_core.verb[0m [1;30mLevel 5[0m set package 'Webots_YOLOv8' build argument 'cmake_clean_first' from command line to 'False'
[0.931s] [34mcolcon.colcon_core.verb[0m [1;30mLevel 5[0m set package 'Webots_YOLOv8' build argument 'cmake_force_configure' from command line to 'False'
[0.931s] [34mcolcon.colcon_core.verb[0m [1;30mLevel 5[0m set package 'Webots_YOLOv8' build argument 'ament_cmake_args' from command line to 'None'
[0.931s] [34mcolcon.colcon_core.verb[0m [1;30mLevel 5[0m set package 'Webots_YOLOv8' build argument 'catkin_cmake_args' from command line to 'None'
[0.931s] [34mcolcon.colcon_core.verb[0m [1;30mLevel 5[0m set package 'Webots_YOLOv8' build argument 'catkin_skip_building_tests' from command line to 'False'
[0.931s] [34mcolcon.colcon_core.verb[0m [1;30mDEBUG[0m [32mBuilding package 'Webots_YOLOv8' with the following arguments: {'ament_cmake_args': None, 'build_base': '/home/ivan/Webots_YOLOv8/build/Webots_YOLOv8', 'catkin_cmake_args': None, 'catkin_skip_building_tests': False, 'cmake_args': None, 'cmake_clean_cache': False, 'cmake_clean_first': False, 'cmake_force_configure': False, 'cmake_target': None, 'cmake_target_skip_unavailable': False, 'install_base': '/home/ivan/Webots_YOLOv8/install/Webots_YOLOv8', 'merge_install': False, 'path': '/home/ivan/Webots_YOLOv8/src/Webots_YOLOv8', 'symlink_install': False, 'test_result_base': None}[0m
[0.931s] [34mcolcon.colcon_core.verb[0m [1;30mLevel 5[0m set package 'ipm_image_node' build argument 'cmake_args' from command line to 'None'
[0.932s] [34mcolcon.colcon_core.verb[0m [1;30mLevel 5[0m set package 'ipm_image_node' build argument 'cmake_target' from command line to 'None'
[0.932s] [34mcolcon.colcon_core.verb[0m [1;30mLevel 5[0m set package 'ipm_image_node' build argument 'cmake_target_skip_unavailable' from command line to 'False'
[0.932s] [34mcolcon.colcon_core.verb[0m [1;30mLevel 5[0m set package 'ipm_image_node' build argument 'cmake_clean_cache' from command line to 'False'
[0.932s] [34mcolcon.colcon_core.verb[0m [1;30mLevel 5[0m set package 'ipm_image_node' build argument 'cmake_clean_first' from command line to 'False'
[0.932s] [34mcolcon.colcon_core.verb[0m [1;30mLevel 5[0m set package 'ipm_image_node' build argument 'cmake_force_configure' from command line to 'False'
[0.932s] [34mcolcon.colcon_core.verb[0m [1;30mLevel 5[0m set package 'ipm_image_node' build argument 'ament_cmake_args' from command line to 'None'
[0.932s] [34mcolcon.colcon_core.verb[0m [1;30mLevel 5[0m set package 'ipm_image_node' build argument 'catkin_cmake_args' from command line to 'None'
[0.932s] [34mcolcon.colcon_core.verb[0m [1;30mLevel 5[0m set package 'ipm_image_node' build argument 'catkin_skip_building_tests' from command line to 'False'
[0.932s] [34mcolcon.colcon_core.verb[0m [1;30mDEBUG[0m [32mBuilding package 'ipm_image_node' with the following arguments: {'ament_cmake_args': None, 'build_base': '/home/ivan/Webots_YOLOv8/build/ipm_image_node', 'catkin_cmake_args': None, 'catkin_skip_building_tests': False, 'cmake_args': None, 'cmake_clean_cache': False, 'cmake_clean_first': False, 'cmake_force_configure': False, 'cmake_target': None, 'cmake_target_skip_unavailable': False, 'install_base': '/home/ivan/Webots_YOLOv8/install/ipm_image_node', 'merge_install': False, 'path': '/home/ivan/Webots_YOLOv8/src/ipm/ipm_image_node', 'symlink_install': False, 'test_result_base': None}[0m
[0.932s] [34mcolcon.colcon_core.verb[0m [1;30mLevel 5[0m set package 'ipm_service' build argument 'cmake_args' from command line to 'None'
[0.932s] [34mcolcon.colcon_core.verb[0m [1;30mLevel 5[0m set package 'ipm_service' build argument 'cmake_target' from command line to 'None'
[0.932s] [34mcolcon.colcon_core.verb[0m [1;30mLevel 5[0m set package 'ipm_service' build argument 'cmake_target_skip_unavailable' from command line to 'False'
[0.932s] [34mcolcon.colcon_core.verb[0m [1;30mLevel 5[0m set package 'ipm_service' build argument 'cmake_clean_cache' from command line to 'False'
[0.932s] [34mcolcon.colcon_core.verb[0m [1;30mLevel 5[0m set package 'ipm_service' build argument 'cmake_clean_first' from command line to 'False'
[0.932s] [34mcolcon.colcon_core.verb[0m [1;30mLevel 5[0m set package 'ipm_service' build argument 'cmake_force_configure' from command line to 'False'
[0.932s] [34mcolcon.colcon_core.verb[0m [1;30mLevel 5[0m set package 'ipm_service' build argument 'ament_cmake_args' from command line to 'None'
[0.932s] [34mcolcon.colcon_core.verb[0m [1;30mLevel 5[0m set package 'ipm_service' build argument 'catkin_cmake_args' from command line to 'None'
[0.932s] [34mcolcon.colcon_core.verb[0m [1;30mLevel 5[0m set package 'ipm_service' build argument 'catkin_skip_building_tests' from command line to 'False'
[0.933s] [34mcolcon.colcon_core.verb[0m [1;30mDEBUG[0m [32mBuilding package 'ipm_service' with the following arguments: {'ament_cmake_args': None, 'build_base': '/home/ivan/Webots_YOLOv8/build/ipm_service', 'catkin_cmake_args': None, 'catkin_skip_building_tests': False, 'cmake_args': None, 'cmake_clean_cache': False, 'cmake_clean_first': False, 'cmake_force_configure': False, 'cmake_target': None, 'cmake_target_skip_unavailable': False, 'install_base': '/home/ivan/Webots_YOLOv8/install/ipm_service', 'merge_install': False, 'path': '/home/ivan/Webots_YOLOv8/src/ipm/ipm_service', 'symlink_install': False, 'test_result_base': None}[0m
[0.933s] [34mcolcon.colcon_core.verb[0m [1;30mLevel 5[0m set package 'soccer_interfaces' build argument 'cmake_args' from command line to 'None'
[0.933s] [34mcolcon.colcon_core.verb[0m [1;30mLevel 5[0m set package 'soccer_interfaces' build argument 'cmake_target' from command line to 'None'
[0.933s] [34mcolcon.colcon_core.verb[0m [1;30mLevel 5[0m set package 'soccer_interfaces' build argument 'cmake_target_skip_unavailable' from command line to 'False'
[0.933s] [34mcolcon.colcon_core.verb[0m [1;30mLevel 5[0m set package 'soccer_interfaces' build argument 'cmake_clean_cache' from command line to 'False'
[0.933s] [34mcolcon.colcon_core.verb[0m [1;30mLevel 5[0m set package 'soccer_interfaces' build argument 'cmake_clean_first' from command line to 'False'
[0.933s] [34mcolcon.colcon_core.verb[0m [1;30mLevel 5[0m set package 'soccer_interfaces' build argument 'cmake_force_configure' from command line to 'False'
[0.933s] [34mcolcon.colcon_core.verb[0m [1;30mLevel 5[0m set package 'soccer_interfaces' build argument 'ament_cmake_args' from command line to 'None'
[0.933s] [34mcolcon.colcon_core.verb[0m [1;30mLevel 5[0m set package 'soccer_interfaces' build argument 'catkin_cmake_args' from command line to 'None'
[0.933s] [34mcolcon.colcon_core.verb[0m [1;30mLevel 5[0m set package 'soccer_interfaces' build argument 'catkin_skip_building_tests' from command line to 'False'
[0.933s] [34mcolcon.colcon_core.verb[0m [1;30mDEBUG[0m [32mBuilding package 'soccer_interfaces' with the following arguments: {'ament_cmake_args': None, 'build_base': '/home/ivan/Webots_YOLOv8/build/soccer_interfaces', 'catkin_cmake_args': None, 'catkin_skip_building_tests': False, 'cmake_args': None, 'cmake_clean_cache': False, 'cmake_clean_first': False, 'cmake_force_configure': False, 'cmake_target': None, 'cmake_target_skip_unavailable': False, 'install_base': '/home/ivan/Webots_YOLOv8/install/soccer_interfaces', 'merge_install': False, 'path': '/home/ivan/Webots_YOLOv8/src/soccer_interfaces/soccer_interfaces', 'symlink_install': False, 'test_result_base': None}[0m
[0.934s] [34mcolcon.colcon_core.verb[0m [1;30mLevel 5[0m set package 'soccer_ipm' build argument 'cmake_args' from command line to 'None'
[0.934s] [34mcolcon.colcon_core.verb[0m [1;30mLevel 5[0m set package 'soccer_ipm' build argument 'cmake_target' from command line to 'None'
[0.934s] [34mcolcon.colcon_core.verb[0m [1;30mLevel 5[0m set package 'soccer_ipm' build argument 'cmake_target_skip_unavailable' from command line to 'False'
[0.934s] [34mcolcon.colcon_core.verb[0m [1;30mLevel 5[0m set package 'soccer_ipm' build argument 'cmake_clean_cache' from command line to 'False'
[0.934s] [34mcolcon.colcon_core.verb[0m [1;30mLevel 5[0m set package 'soccer_ipm' build argument 'cmake_clean_first' from command line to 'False'
[0.934s] [34mcolcon.colcon_core.verb[0m [1;30mLevel 5[0m set package 'soccer_ipm' build argument 'cmake_force_configure' from command line to 'False'
[0.934s] [34mcolcon.colcon_core.verb[0m [1;30mLevel 5[0m set package 'soccer_ipm' build argument 'ament_cmake_args' from command line to 'None'
[0.934s] [34mcolcon.colcon_core.verb[0m [1;30mLevel 5[0m set package 'soccer_ipm' build argument 'catkin_cmake_args' from command line to 'None'
[0.934s] [34mcolcon.colcon_core.verb[0m [1;30mLevel 5[0m set package 'soccer_ipm' build argument 'catkin_skip_building_tests' from command line to 'False'
[0.934s] [34mcolcon.colcon_core.verb[0m [1;30mDEBUG[0m [32mBuilding package 'soccer_ipm' with the following arguments: {'ament_cmake_args': None, 'build_base': '/home/ivan/Webots_YOLOv8/build/soccer_ipm', 'catkin_cmake_args': None, 'catkin_skip_building_tests': False, 'cmake_args': None, 'cmake_clean_cache': False, 'cmake_clean_first': False, 'cmake_force_configure': False, 'cmake_target': None, 'cmake_target_skip_unavailable': False, 'install_base': '/home/ivan/Webots_YOLOv8/install/soccer_ipm', 'merge_install': False, 'path': '/home/ivan/Webots_YOLOv8/src/soccer_ipm/soccer_ipm', 'symlink_install': False, 'test_result_base': None}[0m
[0.934s] [34mcolcon.colcon_core.executor[0m [1;30mINFO[0m Executing jobs using 'parallel' executor
[0.936s] [34mcolcon.colcon_parallel_executor.executor.parallel[0m [1;30mDEBUG[0m [32mrun_until_complete[0m
[0.936s] [34mcolcon.colcon_ros.task.ament_cmake.build[0m [1;30mINFO[0m Building ROS package in '/home/ivan/Webots_YOLOv8/src/soccer_interfaces/soccer_vision_attribute_msgs' with build type 'ament_cmake'
[0.936s] [34mcolcon.colcon_cmake.task.cmake.build[0m [1;30mINFO[0m Building CMake package in '/home/ivan/Webots_YOLOv8/src/soccer_interfaces/soccer_vision_attribute_msgs'
[0.942s] [34mcolcon.colcon_core.plugin_system[0m [1;30mINFO[0m Skipping extension 'colcon_core.shell.bat': Not used on non-Windows systems
[0.943s] [34mcolcon.colcon_core.shell[0m [1;30mINFO[0m Skip shell extension 'powershell' for command environment: Not usable outside of PowerShell
[0.943s] [34mcolcon.colcon_core.shell[0m [1;30mDEBUG[0m [32mSkip shell extension 'dsv' for command environment[0m
[0.950s] [34mcolcon.colcon_ros.task.ament_cmake.build[0m [1;30mINFO[0m Building ROS package in '/home/ivan/Webots_YOLOv8/src/ipm/ipm_interfaces' with build type 'ament_cmake'
[0.950s] [34mcolcon.colcon_cmake.task.cmake.build[0m [1;30mINFO[0m Building CMake package in '/home/ivan/Webots_YOLOv8/src/ipm/ipm_interfaces'
[0.951s] [34mcolcon.colcon_core.shell[0m [1;30mINFO[0m Skip shell extension 'powershell' for command environment: Not usable outside of PowerShell
[0.951s] [34mcolcon.colcon_core.shell[0m [1;30mDEBUG[0m [32mSkip shell extension 'dsv' for command environment[0m
[0.958s] [34mcolcon.colcon_ros.task.ament_cmake.build[0m [1;30mINFO[0m Building ROS package in '/home/ivan/Webots_YOLOv8/src/soccer_interfaces/soccer_geometry_msgs' with build type 'ament_cmake'
[0.959s] [34mcolcon.colcon_cmake.task.cmake.build[0m [1;30mINFO[0m Building CMake package in '/home/ivan/Webots_YOLOv8/src/soccer_interfaces/soccer_geometry_msgs'
[0.959s] [34mcolcon.colcon_core.shell[0m [1;30mINFO[0m Skip shell extension 'powershell' for command environment: Not usable outside of PowerShell
[0.959s] [34mcolcon.colcon_core.shell[0m [1;30mDEBUG[0m [32mSkip shell extension 'dsv' for command environment[0m
[0.967s] [34mcolcon.colcon_ros.task.ament_python.build[0m [1;30mINFO[0m Building ROS package in '/home/ivan/Webots_YOLOv8/src/my_package' with build type 'ament_python'
[0.967s] [34mcolcon.colcon_core.shell[0m [1;30mLevel 1[0m create_environment_hook('my_package', 'ament_prefix_path')
[0.968s] [34mcolcon.colcon_core.shell[0m [1;30mINFO[0m Creating environment hook '/home/ivan/Webots_YOLOv8/install/my_package/share/my_package/hook/ament_prefix_path.ps1'
[0.972s] [34mcolcon.colcon_core.shell[0m [1;30mINFO[0m Creating environment descriptor '/home/ivan/Webots_YOLOv8/install/my_package/share/my_package/hook/ament_prefix_path.dsv'
[0.973s] [34mcolcon.colcon_core.shell[0m [1;30mINFO[0m Creating environment hook '/home/ivan/Webots_YOLOv8/install/my_package/share/my_package/hook/ament_prefix_path.sh'
[0.976s] [34mcolcon.colcon_core.shell[0m [1;30mINFO[0m Skip shell extension 'powershell' for command environment: Not usable outside of PowerShell
[0.976s] [34mcolcon.colcon_core.shell[0m [1;30mDEBUG[0m [32mSkip shell extension 'dsv' for command environment[0m
[0.990s] [34mcolcon.colcon_core.event_handler.log_command[0m [1;30mDEBUG[0m [32mInvoking command in '/home/ivan/Webots_YOLOv8/build/soccer_vision_attribute_msgs': CMAKE_PREFIX_PATH=${CMAKE_PREFIX_PATH}:/home/ivan/Webots_YOLOv8/install/soccer_ipm:/home/ivan/Webots_YOLOv8/install/Webots_YOLOv8:/home/ivan/Webots_YOLOv8/install/my_package:/home/ivan/Webots_YOLOv8/install/ipm_service:/home/ivan/Webots_YOLOv8/install/ipm_image_node:/home/ivan/Webots_YOLOv8/install/ipm_library:/home/ivan/ros2_ws/install/object_finder_onnx:/home/ivan/ros2_ws/install/object_finder:/home/ivan/ros2_ws/install/my_package:/home/ivan/ros2_ws/install/Webots_YOLOv8:/opt/ros/humble /usr/bin/cmake --build /home/ivan/Webots_YOLOv8/build/soccer_vision_attribute_msgs -- -j12 -l12[0m
[1.000s] [34mcolcon.colcon_core.event_handler.log_command[0m [1;30mDEBUG[0m [32mInvoking command in '/home/ivan/Webots_YOLOv8/build/ipm_interfaces': CMAKE_PREFIX_PATH=${CMAKE_PREFIX_PATH}:/home/ivan/Webots_YOLOv8/install/soccer_ipm:/home/ivan/Webots_YOLOv8/install/Webots_YOLOv8:/home/ivan/Webots_YOLOv8/install/my_package:/home/ivan/Webots_YOLOv8/install/ipm_service:/home/ivan/Webots_YOLOv8/install/ipm_image_node:/home/ivan/Webots_YOLOv8/install/ipm_library:/home/ivan/ros2_ws/install/object_finder_onnx:/home/ivan/ros2_ws/install/object_finder:/home/ivan/ros2_ws/install/my_package:/home/ivan/ros2_ws/install/Webots_YOLOv8:/opt/ros/humble /usr/bin/cmake --build /home/ivan/Webots_YOLOv8/build/ipm_interfaces -- -j12 -l12[0m
[1.009s] [34mcolcon.colcon_core.event_handler.log_command[0m [1;30mDEBUG[0m [32mInvoking command in '/home/ivan/Webots_YOLOv8/build/soccer_geometry_msgs': CMAKE_PREFIX_PATH=${CMAKE_PREFIX_PATH}:/home/ivan/Webots_YOLOv8/install/soccer_ipm:/home/ivan/Webots_YOLOv8/install/Webots_YOLOv8:/home/ivan/Webots_YOLOv8/install/my_package:/home/ivan/Webots_YOLOv8/install/ipm_service:/home/ivan/Webots_YOLOv8/install/ipm_image_node:/home/ivan/Webots_YOLOv8/install/ipm_library:/home/ivan/ros2_ws/install/object_finder_onnx:/home/ivan/ros2_ws/install/object_finder:/home/ivan/ros2_ws/install/my_package:/home/ivan/ros2_ws/install/Webots_YOLOv8:/opt/ros/humble /usr/bin/cmake --build /home/ivan/Webots_YOLOv8/build/soccer_geometry_msgs -- -j12 -l12[0m
[1.597s] [34mcolcon.colcon_core.task.python.build[0m [1;30mINFO[0m Building Python package in '/home/ivan/Webots_YOLOv8/src/my_package'
[1.598s] [34mcolcon.colcon_core.shell[0m [1;30mINFO[0m Skip shell extension 'powershell' for command environment: Not usable outside of PowerShell
[1.598s] [34mcolcon.colcon_core.shell[0m [1;30mDEBUG[0m [32mSkip shell extension 'dsv' for command environment[0m
[1.805s] [34mcolcon.colcon_core.event_handler.log_command[0m [1;30mDEBUG[0m [32mInvoked command in '/home/ivan/Webots_YOLOv8/build/soccer_vision_attribute_msgs' returned '0': CMAKE_PREFIX_PATH=${CMAKE_PREFIX_PATH}:/home/ivan/Webots_YOLOv8/install/soccer_ipm:/home/ivan/Webots_YOLOv8/install/Webots_YOLOv8:/home/ivan/Webots_YOLOv8/install/my_package:/home/ivan/Webots_YOLOv8/install/ipm_service:/home/ivan/Webots_YOLOv8/install/ipm_image_node:/home/ivan/Webots_YOLOv8/install/ipm_library:/home/ivan/ros2_ws/install/object_finder_onnx:/home/ivan/ros2_ws/install/object_finder:/home/ivan/ros2_ws/install/my_package:/home/ivan/ros2_ws/install/Webots_YOLOv8:/opt/ros/humble /usr/bin/cmake --build /home/ivan/Webots_YOLOv8/build/soccer_vision_attribute_msgs -- -j12 -l12[0m
[1.825s] [34mcolcon.colcon_core.event_handler.log_command[0m [1;30mDEBUG[0m [32mInvoking command in '/home/ivan/Webots_YOLOv8/build/soccer_vision_attribute_msgs': CMAKE_PREFIX_PATH=${CMAKE_PREFIX_PATH}:/home/ivan/Webots_YOLOv8/install/soccer_ipm:/home/ivan/Webots_YOLOv8/install/Webots_YOLOv8:/home/ivan/Webots_YOLOv8/install/my_package:/home/ivan/Webots_YOLOv8/install/ipm_service:/home/ivan/Webots_YOLOv8/install/ipm_image_node:/home/ivan/Webots_YOLOv8/install/ipm_library:/home/ivan/ros2_ws/install/object_finder_onnx:/home/ivan/ros2_ws/install/object_finder:/home/ivan/ros2_ws/install/my_package:/home/ivan/ros2_ws/install/Webots_YOLOv8:/opt/ros/humble /usr/bin/cmake --install /home/ivan/Webots_YOLOv8/build/soccer_vision_attribute_msgs[0m
[1.826s] [34mcolcon.colcon_core.event_handler.log_command[0m [1;30mDEBUG[0m [32mInvoked command in '/home/ivan/Webots_YOLOv8/build/ipm_interfaces' returned '0': CMAKE_PREFIX_PATH=${CMAKE_PREFIX_PATH}:/home/ivan/Webots_YOLOv8/install/soccer_ipm:/home/ivan/Webots_YOLOv8/install/Webots_YOLOv8:/home/ivan/Webots_YOLOv8/install/my_package:/home/ivan/Webots_YOLOv8/install/ipm_service:/home/ivan/Webots_YOLOv8/install/ipm_image_node:/home/ivan/Webots_YOLOv8/install/ipm_library:/home/ivan/ros2_ws/install/object_finder_onnx:/home/ivan/ros2_ws/install/object_finder:/home/ivan/ros2_ws/install/my_package:/home/ivan/ros2_ws/install/Webots_YOLOv8:/opt/ros/humble /usr/bin/cmake --build /home/ivan/Webots_YOLOv8/build/ipm_interfaces -- -j12 -l12[0m
[1.830s] [34mcolcon.colcon_core.event_handler.log_command[0m [1;30mDEBUG[0m [32mInvoking command in '/home/ivan/Webots_YOLOv8/build/ipm_interfaces': CMAKE_PREFIX_PATH=${CMAKE_PREFIX_PATH}:/home/ivan/Webots_YOLOv8/install/soccer_ipm:/home/ivan/Webots_YOLOv8/install/Webots_YOLOv8:/home/ivan/Webots_YOLOv8/install/my_package:/home/ivan/Webots_YOLOv8/install/ipm_service:/home/ivan/Webots_YOLOv8/install/ipm_image_node:/home/ivan/Webots_YOLOv8/install/ipm_library:/home/ivan/ros2_ws/install/object_finder_onnx:/home/ivan/ros2_ws/install/object_finder:/home/ivan/ros2_ws/install/my_package:/home/ivan/ros2_ws/install/Webots_YOLOv8:/opt/ros/humble /usr/bin/cmake --install /home/ivan/Webots_YOLOv8/build/ipm_interfaces[0m
[1.833s] [34mcolcon.colcon_core.event_handler.log_command[0m [1;30mDEBUG[0m [32mInvoked command in '/home/ivan/Webots_YOLOv8/build/soccer_geometry_msgs' returned '0': CMAKE_PREFIX_PATH=${CMAKE_PREFIX_PATH}:/home/ivan/Webots_YOLOv8/install/soccer_ipm:/home/ivan/Webots_YOLOv8/install/Webots_YOLOv8:/home/ivan/Webots_YOLOv8/install/my_package:/home/ivan/Webots_YOLOv8/install/ipm_service:/home/ivan/Webots_YOLOv8/install/ipm_image_node:/home/ivan/Webots_YOLOv8/install/ipm_library:/home/ivan/ros2_ws/install/object_finder_onnx:/home/ivan/ros2_ws/install/object_finder:/home/ivan/ros2_ws/install/my_package:/home/ivan/ros2_ws/install/Webots_YOLOv8:/opt/ros/humble /usr/bin/cmake --build /home/ivan/Webots_YOLOv8/build/soccer_geometry_msgs -- -j12 -l12[0m
[1.837s] [34mcolcon.colcon_core.event_handler.log_command[0m [1;30mDEBUG[0m [32mInvoking command in '/home/ivan/Webots_YOLOv8/build/soccer_geometry_msgs': CMAKE_PREFIX_PATH=${CMAKE_PREFIX_PATH}:/home/ivan/Webots_YOLOv8/install/soccer_ipm:/home/ivan/Webots_YOLOv8/install/Webots_YOLOv8:/home/ivan/Webots_YOLOv8/install/my_package:/home/ivan/Webots_YOLOv8/install/ipm_service:/home/ivan/Webots_YOLOv8/install/ipm_image_node:/home/ivan/Webots_YOLOv8/install/ipm_library:/home/ivan/ros2_ws/install/object_finder_onnx:/home/ivan/ros2_ws/install/object_finder:/home/ivan/ros2_ws/install/my_package:/home/ivan/ros2_ws/install/Webots_YOLOv8:/opt/ros/humble /usr/bin/cmake --install /home/ivan/Webots_YOLOv8/build/soccer_geometry_msgs[0m
[1.947s] [34mcolcon.colcon_core.environment[0m [1;30mLevel 1[0m create_environment_scripts_only(ipm_interfaces)
[1.953s] [34mcolcon.colcon_core.event_handler.log_command[0m [1;30mDEBUG[0m [32mInvoked command in '/home/ivan/Webots_YOLOv8/build/ipm_interfaces' returned '0': CMAKE_PREFIX_PATH=${CMAKE_PREFIX_PATH}:/home/ivan/Webots_YOLOv8/install/soccer_ipm:/home/ivan/Webots_YOLOv8/install/Webots_YOLOv8:/home/ivan/Webots_YOLOv8/install/my_package:/home/ivan/Webots_YOLOv8/install/ipm_service:/home/ivan/Webots_YOLOv8/install/ipm_image_node:/home/ivan/Webots_YOLOv8/install/ipm_library:/home/ivan/ros2_ws/install/object_finder_onnx:/home/ivan/ros2_ws/install/object_finder:/home/ivan/ros2_ws/install/my_package:/home/ivan/ros2_ws/install/Webots_YOLOv8:/opt/ros/humble /usr/bin/cmake --install /home/ivan/Webots_YOLOv8/build/ipm_interfaces[0m
[1.960s] [34mcolcon.colcon_core.environment[0m [1;30mLevel 1[0m checking '/home/ivan/Webots_YOLOv8/install/ipm_interfaces' for CMake module files
[1.961s] [34mcolcon.colcon_core.environment[0m [1;30mLevel 1[0m checking '/home/ivan/Webots_YOLOv8/install/ipm_interfaces' for CMake config files
[1.961s] [34mcolcon.colcon_core.shell[0m [1;30mLevel 1[0m create_environment_hook('ipm_interfaces', 'cmake_prefix_path')
[1.962s] [34mcolcon.colcon_core.shell[0m [1;30mINFO[0m Creating environment hook '/home/ivan/Webots_YOLOv8/install/ipm_interfaces/share/ipm_interfaces/hook/cmake_prefix_path.ps1'
[1.962s] [34mcolcon.colcon_core.shell[0m [1;30mINFO[0m Creating environment descriptor '/home/ivan/Webots_YOLOv8/install/ipm_interfaces/share/ipm_interfaces/hook/cmake_prefix_path.dsv'
[1.963s] [34mcolcon.colcon_core.shell[0m [1;30mINFO[0m Creating environment hook '/home/ivan/Webots_YOLOv8/install/ipm_interfaces/share/ipm_interfaces/hook/cmake_prefix_path.sh'
[1.964s] [34mcolcon.colcon_core.environment[0m [1;30mLevel 1[0m checking '/home/ivan/Webots_YOLOv8/install/ipm_interfaces/lib'
[1.964s] [34mcolcon.colcon_core.shell[0m [1;30mLevel 1[0m create_environment_hook('ipm_interfaces', 'ld_library_path_lib')
[1.964s] [34mcolcon.colcon_core.shell[0m [1;30mINFO[0m Creating environment hook '/home/ivan/Webots_YOLOv8/install/ipm_interfaces/share/ipm_interfaces/hook/ld_library_path_lib.ps1'
[1.965s] [34mcolcon.colcon_core.shell[0m [1;30mINFO[0m Creating environment descriptor '/home/ivan/Webots_YOLOv8/install/ipm_interfaces/share/ipm_interfaces/hook/ld_library_path_lib.dsv'
[1.966s] [34mcolcon.colcon_core.shell[0m [1;30mINFO[0m Creating environment hook '/home/ivan/Webots_YOLOv8/install/ipm_interfaces/share/ipm_interfaces/hook/ld_library_path_lib.sh'
[1.966s] [34mcolcon.colcon_core.environment[0m [1;30mLevel 1[0m checking '/home/ivan/Webots_YOLOv8/install/ipm_interfaces/bin'
[1.967s] [34mcolcon.colcon_core.environment[0m [1;30mLevel 1[0m checking '/home/ivan/Webots_YOLOv8/install/ipm_interfaces/lib/pkgconfig/ipm_interfaces.pc'
[1.967s] [34mcolcon.colcon_core.environment[0m [1;30mLevel 1[0m checking '/home/ivan/Webots_YOLOv8/install/ipm_interfaces/lib/python3.10/site-packages'
[1.967s] [34mcolcon.colcon_core.environment[0m [1;30mLevel 1[0m checking '/home/ivan/Webots_YOLOv8/install/ipm_interfaces/bin'
[1.968s] [34mcolcon.colcon_core.shell[0m [1;30mINFO[0m Creating package script '/home/ivan/Webots_YOLOv8/install/ipm_interfaces/share/ipm_interfaces/package.ps1'
[1.971s] [34mcolcon.colcon_core.shell[0m [1;30mINFO[0m Creating package descriptor '/home/ivan/Webots_YOLOv8/install/ipm_interfaces/share/ipm_interfaces/package.dsv'
[1.972s] [34mcolcon.colcon_core.shell[0m [1;30mINFO[0m Creating package script '/home/ivan/Webots_YOLOv8/install/ipm_interfaces/share/ipm_interfaces/package.sh'
[1.974s] [34mcolcon.colcon_core.shell[0m [1;30mINFO[0m Creating package script '/home/ivan/Webots_YOLOv8/install/ipm_interfaces/share/ipm_interfaces/package.bash'
[1.976s] [34mcolcon.colcon_core.shell[0m [1;30mINFO[0m Creating package script '/home/ivan/Webots_YOLOv8/install/ipm_interfaces/share/ipm_interfaces/package.zsh'
[1.977s] [34mcolcon.colcon_core.environment[0m [1;30mLevel 1[0m create_file_with_runtime_dependencies(/home/ivan/Webots_YOLOv8/install/ipm_interfaces/share/colcon-core/packages/ipm_interfaces)
[1.978s] [34mcolcon.colcon_core.environment[0m [1;30mLevel 1[0m create_environment_scripts_only(ipm_interfaces)
[1.978s] [34mcolcon.colcon_core.environment[0m [1;30mLevel 1[0m checking '/home/ivan/Webots_YOLOv8/install/ipm_interfaces' for CMake module files
[1.979s] [34mcolcon.colcon_core.environment[0m [1;30mLevel 1[0m checking '/home/ivan/Webots_YOLOv8/install/ipm_interfaces' for CMake config files
[1.980s] [34mcolcon.colcon_core.shell[0m [1;30mLevel 1[0m create_environment_hook('ipm_interfaces', 'cmake_prefix_path')
[1.980s] [34mcolcon.colcon_core.shell[0m [1;30mINFO[0m Creating environment hook '/home/ivan/Webots_YOLOv8/install/ipm_interfaces/share/ipm_interfaces/hook/cmake_prefix_path.ps1'
[1.980s] [34mcolcon.colcon_core.shell[0m [1;30mINFO[0m Creating environment descriptor '/home/ivan/Webots_YOLOv8/install/ipm_interfaces/share/ipm_interfaces/hook/cmake_prefix_path.dsv'
[1.981s] [34mcolcon.colcon_core.shell[0m [1;30mINFO[0m Creating environment hook '/home/ivan/Webots_YOLOv8/install/ipm_interfaces/share/ipm_interfaces/hook/cmake_prefix_path.sh'
[1.982s] [34mcolcon.colcon_core.environment[0m [1;30mLevel 1[0m checking '/home/ivan/Webots_YOLOv8/install/ipm_interfaces/lib'
[1.982s] [34mcolcon.colcon_core.shell[0m [1;30mLevel 1[0m create_environment_hook('ipm_interfaces', 'ld_library_path_lib')
[1.982s] [34mcolcon.colcon_core.shell[0m [1;30mINFO[0m Creating environment hook '/home/ivan/Webots_YOLOv8/install/ipm_interfaces/share/ipm_interfaces/hook/ld_library_path_lib.ps1'
[1.982s] [34mcolcon.colcon_core.shell[0m [1;30mINFO[0m Creating environment descriptor '/home/ivan/Webots_YOLOv8/install/ipm_interfaces/share/ipm_interfaces/hook/ld_library_path_lib.dsv'
[1.983s] [34mcolcon.colcon_core.shell[0m [1;30mINFO[0m Creating environment hook '/home/ivan/Webots_YOLOv8/install/ipm_interfaces/share/ipm_interfaces/hook/ld_library_path_lib.sh'
[1.983s] [34mcolcon.colcon_core.environment[0m [1;30mLevel 1[0m checking '/home/ivan/Webots_YOLOv8/install/ipm_interfaces/bin'
[1.983s] [34mcolcon.colcon_core.environment[0m [1;30mLevel 1[0m checking '/home/ivan/Webots_YOLOv8/install/ipm_interfaces/lib/pkgconfig/ipm_interfaces.pc'
[1.984s] [34mcolcon.colcon_core.environment[0m [1;30mLevel 1[0m checking '/home/ivan/Webots_YOLOv8/install/ipm_interfaces/lib/python3.10/site-packages'
[1.984s] [34mcolcon.colcon_core.environment[0m [1;30mLevel 1[0m checking '/home/ivan/Webots_YOLOv8/install/ipm_interfaces/bin'
[1.984s] [34mcolcon.colcon_core.shell[0m [1;30mINFO[0m Creating package script '/home/ivan/Webots_YOLOv8/install/ipm_interfaces/share/ipm_interfaces/package.ps1'
[1.985s] [34mcolcon.colcon_core.shell[0m [1;30mINFO[0m Creating package descriptor '/home/ivan/Webots_YOLOv8/install/ipm_interfaces/share/ipm_interfaces/package.dsv'
[1.986s] [34mcolcon.colcon_core.shell[0m [1;30mINFO[0m Creating package script '/home/ivan/Webots_YOLOv8/install/ipm_interfaces/share/ipm_interfaces/package.sh'
[1.986s] [34mcolcon.colcon_core.shell[0m [1;30mINFO[0m Creating package script '/home/ivan/Webots_YOLOv8/install/ipm_interfaces/share/ipm_interfaces/package.bash'
[1.987s] [34mcolcon.colcon_core.shell[0m [1;30mINFO[0m Creating package script '/home/ivan/Webots_YOLOv8/install/ipm_interfaces/share/ipm_interfaces/package.zsh'
[1.987s] [34mcolcon.colcon_core.environment[0m [1;30mLevel 1[0m create_file_with_runtime_dependencies(/home/ivan/Webots_YOLOv8/install/ipm_interfaces/share/colcon-core/packages/ipm_interfaces)
[1.989s] [34mcolcon.colcon_ros.task.ament_python.build[0m [1;30mINFO[0m Building ROS package in '/home/ivan/Webots_YOLOv8/src/ipm/ipm_library' with build type 'ament_python'
[1.989s] [34mcolcon.colcon_core.shell[0m [1;30mLevel 1[0m create_environment_hook('ipm_library', 'ament_prefix_path')
[1.989s] [34mcolcon.colcon_core.shell[0m [1;30mINFO[0m Creating environment hook '/home/ivan/Webots_YOLOv8/install/ipm_library/share/ipm_library/hook/ament_prefix_path.ps1'
[1.990s] [34mcolcon.colcon_core.shell[0m [1;30mINFO[0m Creating environment descriptor '/home/ivan/Webots_YOLOv8/install/ipm_library/share/ipm_library/hook/ament_prefix_path.dsv'
[1.991s] [34mcolcon.colcon_core.shell[0m [1;30mINFO[0m Creating environment hook '/home/ivan/Webots_YOLOv8/install/ipm_library/share/ipm_library/hook/ament_prefix_path.sh'
[1.992s] [34mcolcon.colcon_core.shell[0m [1;30mINFO[0m Skip shell extension 'powershell' for command environment: Not usable outside of PowerShell
[1.992s] [34mcolcon.colcon_core.shell[0m [1;30mDEBUG[0m [32mSkip shell extension 'dsv' for command environment[0m
[2.001s] [34mcolcon.colcon_core.environment[0m [1;30mLevel 1[0m create_environment_scripts_only(soccer_geometry_msgs)
[2.002s] [34mcolcon.colcon_core.environment[0m [1;30mLevel 1[0m checking '/home/ivan/Webots_YOLOv8/install/soccer_geometry_msgs' for CMake module files
[2.003s] [34mcolcon.colcon_core.event_handler.log_command[0m [1;30mDEBUG[0m [32mInvoked command in '/home/ivan/Webots_YOLOv8/build/soccer_geometry_msgs' returned '0': CMAKE_PREFIX_PATH=${CMAKE_PREFIX_PATH}:/home/ivan/Webots_YOLOv8/install/soccer_ipm:/home/ivan/Webots_YOLOv8/install/Webots_YOLOv8:/home/ivan/Webots_YOLOv8/install/my_package:/home/ivan/Webots_YOLOv8/install/ipm_service:/home/ivan/Webots_YOLOv8/install/ipm_image_node:/home/ivan/Webots_YOLOv8/install/ipm_library:/home/ivan/ros2_ws/install/object_finder_onnx:/home/ivan/ros2_ws/install/object_finder:/home/ivan/ros2_ws/install/my_package:/home/ivan/ros2_ws/install/Webots_YOLOv8:/opt/ros/humble /usr/bin/cmake --install /home/ivan/Webots_YOLOv8/build/soccer_geometry_msgs[0m
[2.004s] [34mcolcon.colcon_core.environment[0m [1;30mLevel 1[0m checking '/home/ivan/Webots_YOLOv8/install/soccer_geometry_msgs' for CMake config files
[2.006s] [34mcolcon.colcon_core.shell[0m [1;30mLevel 1[0m create_environment_hook('soccer_geometry_msgs', 'cmake_prefix_path')
[2.006s] [34mcolcon.colcon_core.shell[0m [1;30mINFO[0m Creating environment hook '/home/ivan/Webots_YOLOv8/install/soccer_geometry_msgs/share/soccer_geometry_msgs/hook/cmake_prefix_path.ps1'
[2.007s] [34mcolcon.colcon_core.shell[0m [1;30mINFO[0m Creating environment descriptor '/home/ivan/Webots_YOLOv8/install/soccer_geometry_msgs/share/soccer_geometry_msgs/hook/cmake_prefix_path.dsv'
[2.008s] [34mcolcon.colcon_core.shell[0m [1;30mINFO[0m Creating environment hook '/home/ivan/Webots_YOLOv8/install/soccer_geometry_msgs/share/soccer_geometry_msgs/hook/cmake_prefix_path.sh'
[2.008s] [34mcolcon.colcon_core.environment[0m [1;30mLevel 1[0m checking '/home/ivan/Webots_YOLOv8/install/soccer_geometry_msgs/lib'
[2.008s] [34mcolcon.colcon_core.shell[0m [1;30mLevel 1[0m create_environment_hook('soccer_geometry_msgs', 'ld_library_path_lib')
[2.009s] [34mcolcon.colcon_core.shell[0m [1;30mINFO[0m Creating environment hook '/home/ivan/Webots_YOLOv8/install/soccer_geometry_msgs/share/soccer_geometry_msgs/hook/ld_library_path_lib.ps1'
[2.010s] [34mcolcon.colcon_core.shell[0m [1;30mINFO[0m Creating environment descriptor '/home/ivan/Webots_YOLOv8/install/soccer_geometry_msgs/share/soccer_geometry_msgs/hook/ld_library_path_lib.dsv'
[2.010s] [34mcolcon.colcon_core.shell[0m [1;30mINFO[0m Creating environment hook '/home/ivan/Webots_YOLOv8/install/soccer_geometry_msgs/share/soccer_geometry_msgs/hook/ld_library_path_lib.sh'
[2.011s] [34mcolcon.colcon_core.environment[0m [1;30mLevel 1[0m checking '/home/ivan/Webots_YOLOv8/install/soccer_geometry_msgs/bin'
[2.011s] [34mcolcon.colcon_core.environment[0m [1;30mLevel 1[0m checking '/home/ivan/Webots_YOLOv8/install/soccer_geometry_msgs/lib/pkgconfig/soccer_geometry_msgs.pc'
[2.011s] [34mcolcon.colcon_core.environment[0m [1;30mLevel 1[0m checking '/home/ivan/Webots_YOLOv8/install/soccer_geometry_msgs/lib/python3.10/site-packages'
[2.012s] [34mcolcon.colcon_core.environment[0m [1;30mLevel 1[0m checking '/home/ivan/Webots_YOLOv8/install/soccer_geometry_msgs/bin'
[2.012s] [34mcolcon.colcon_core.shell[0m [1;30mINFO[0m Creating package script '/home/ivan/Webots_YOLOv8/install/soccer_geometry_msgs/share/soccer_geometry_msgs/package.ps1'
[2.013s] [34mcolcon.colcon_core.shell[0m [1;30mINFO[0m Creating package descriptor '/home/ivan/Webots_YOLOv8/install/soccer_geometry_msgs/share/soccer_geometry_msgs/package.dsv'
[2.013s] [34mcolcon.colcon_core.shell[0m [1;30mINFO[0m Creating package script '/home/ivan/Webots_YOLOv8/install/soccer_geometry_msgs/share/soccer_geometry_msgs/package.sh'
[2.014s] [34mcolcon.colcon_core.shell[0m [1;30mINFO[0m Creating package script '/home/ivan/Webots_YOLOv8/install/soccer_geometry_msgs/share/soccer_geometry_msgs/package.bash'
[2.014s] [34mcolcon.colcon_core.shell[0m [1;30mINFO[0m Creating package script '/home/ivan/Webots_YOLOv8/install/soccer_geometry_msgs/share/soccer_geometry_msgs/package.zsh'
[2.015s] [34mcolcon.colcon_core.environment[0m [1;30mLevel 1[0m create_file_with_runtime_dependencies(/home/ivan/Webots_YOLOv8/install/soccer_geometry_msgs/share/colcon-core/packages/soccer_geometry_msgs)
[2.017s] [34mcolcon.colcon_core.environment[0m [1;30mLevel 1[0m create_environment_scripts_only(soccer_geometry_msgs)
[2.017s] [34mcolcon.colcon_core.environment[0m [1;30mLevel 1[0m checking '/home/ivan/Webots_YOLOv8/install/soccer_geometry_msgs' for CMake module files
[2.018s] [34mcolcon.colcon_core.environment[0m [1;30mLevel 1[0m checking '/home/ivan/Webots_YOLOv8/install/soccer_geometry_msgs' for CMake config files
[2.019s] [34mcolcon.colcon_core.shell[0m [1;30mLevel 1[0m create_environment_hook('soccer_geometry_msgs', 'cmake_prefix_path')
[2.019s] [34mcolcon.colcon_core.shell[0m [1;30mINFO[0m Creating environment hook '/home/ivan/Webots_YOLOv8/install/soccer_geometry_msgs/share/soccer_geometry_msgs/hook/cmake_prefix_path.ps1'
[2.020s] [34mcolcon.colcon_core.shell[0m [1;30mINFO[0m Creating environment descriptor '/home/ivan/Webots_YOLOv8/install/soccer_geometry_msgs/share/soccer_geometry_msgs/hook/cmake_prefix_path.dsv'
[2.020s] [34mcolcon.colcon_core.shell[0m [1;30mINFO[0m Creating environment hook '/home/ivan/Webots_YOLOv8/install/soccer_geometry_msgs/share/soccer_geometry_msgs/hook/cmake_prefix_path.sh'
[2.021s] [34mcolcon.colcon_core.environment[0m [1;30mLevel 1[0m checking '/home/ivan/Webots_YOLOv8/install/soccer_geometry_msgs/lib'
[2.021s] [34mcolcon.colcon_core.shell[0m [1;30mLevel 1[0m create_environment_hook('soccer_geometry_msgs', 'ld_library_path_lib')
[2.022s] [34mcolcon.colcon_core.shell[0m [1;30mINFO[0m Creating environment hook '/home/ivan/Webots_YOLOv8/install/soccer_geometry_msgs/share/soccer_geometry_msgs/hook/ld_library_path_lib.ps1'
[2.023s] [34mcolcon.colcon_core.shell[0m [1;30mINFO[0m Creating environment descriptor '/home/ivan/Webots_YOLOv8/install/soccer_geometry_msgs/share/soccer_geometry_msgs/hook/ld_library_path_lib.dsv'
[2.023s] [34mcolcon.colcon_core.shell[0m [1;30mINFO[0m Creating environment hook '/home/ivan/Webots_YOLOv8/install/soccer_geometry_msgs/share/soccer_geometry_msgs/hook/ld_library_path_lib.sh'
[2.023s] [34mcolcon.colcon_core.environment[0m [1;30mLevel 1[0m checking '/home/ivan/Webots_YOLOv8/install/soccer_geometry_msgs/bin'
[2.024s] [34mcolcon.colcon_core.environment[0m [1;30mLevel 1[0m checking '/home/ivan/Webots_YOLOv8/install/soccer_geometry_msgs/lib/pkgconfig/soccer_geometry_msgs.pc'
[2.024s] [34mcolcon.colcon_core.environment[0m [1;30mLevel 1[0m checking '/home/ivan/Webots_YOLOv8/install/soccer_geometry_msgs/lib/python3.10/site-packages'
[2.024s] [34mcolcon.colcon_core.environment[0m [1;30mLevel 1[0m checking '/home/ivan/Webots_YOLOv8/install/soccer_geometry_msgs/bin'
[2.025s] [34mcolcon.colcon_core.shell[0m [1;30mINFO[0m Creating package script '/home/ivan/Webots_YOLOv8/install/soccer_geometry_msgs/share/soccer_geometry_msgs/package.ps1'
[2.025s] [34mcolcon.colcon_core.shell[0m [1;30mINFO[0m Creating package descriptor '/home/ivan/Webots_YOLOv8/install/soccer_geometry_msgs/share/soccer_geometry_msgs/package.dsv'
[2.026s] [34mcolcon.colcon_core.shell[0m [1;30mINFO[0m Creating package script '/home/ivan/Webots_YOLOv8/install/soccer_geometry_msgs/share/soccer_geometry_msgs/package.sh'
[2.026s] [34mcolcon.colcon_core.shell[0m [1;30mINFO[0m Creating package script '/home/ivan/Webots_YOLOv8/install/soccer_geometry_msgs/share/soccer_geometry_msgs/package.bash'
[2.027s] [34mcolcon.colcon_core.shell[0m [1;30mINFO[0m Creating package script '/home/ivan/Webots_YOLOv8/install/soccer_geometry_msgs/share/soccer_geometry_msgs/package.zsh'
[2.027s] [34mcolcon.colcon_core.environment[0m [1;30mLevel 1[0m create_file_with_runtime_dependencies(/home/ivan/Webots_YOLOv8/install/soccer_geometry_msgs/share/colcon-core/packages/soccer_geometry_msgs)
[2.029s] [34mcolcon.colcon_core.environment[0m [1;30mLevel 1[0m create_environment_scripts_only(soccer_vision_attribute_msgs)
[2.029s] [34mcolcon.colcon_core.environment[0m [1;30mLevel 1[0m checking '/home/ivan/Webots_YOLOv8/install/soccer_vision_attribute_msgs' for CMake module files
[2.030s] [34mcolcon.colcon_core.event_handler.log_command[0m [1;30mDEBUG[0m [32mInvoked command in '/home/ivan/Webots_YOLOv8/build/soccer_vision_attribute_msgs' returned '0': CMAKE_PREFIX_PATH=${CMAKE_PREFIX_PATH}:/home/ivan/Webots_YOLOv8/install/soccer_ipm:/home/ivan/Webots_YOLOv8/install/Webots_YOLOv8:/home/ivan/Webots_YOLOv8/install/my_package:/home/ivan/Webots_YOLOv8/install/ipm_service:/home/ivan/Webots_YOLOv8/install/ipm_image_node:/home/ivan/Webots_YOLOv8/install/ipm_library:/home/ivan/ros2_ws/install/object_finder_onnx:/home/ivan/ros2_ws/install/object_finder:/home/ivan/ros2_ws/install/my_package:/home/ivan/ros2_ws/install/Webots_YOLOv8:/opt/ros/humble /usr/bin/cmake --install /home/ivan/Webots_YOLOv8/build/soccer_vision_attribute_msgs[0m
[2.031s] [34mcolcon.colcon_core.environment[0m [1;30mLevel 1[0m checking '/home/ivan/Webots_YOLOv8/install/soccer_vision_attribute_msgs' for CMake config files
[2.032s] [34mcolcon.colcon_core.shell[0m [1;30mLevel 1[0m create_environment_hook('soccer_vision_attribute_msgs', 'cmake_prefix_path')
[2.032s] [34mcolcon.colcon_core.shell[0m [1;30mINFO[0m Creating environment hook '/home/ivan/Webots_YOLOv8/install/soccer_vision_attribute_msgs/share/soccer_vision_attribute_msgs/hook/cmake_prefix_path.ps1'
[2.033s] [34mcolcon.colcon_core.shell[0m [1;30mINFO[0m Creating environment descriptor '/home/ivan/Webots_YOLOv8/install/soccer_vision_attribute_msgs/share/soccer_vision_attribute_msgs/hook/cmake_prefix_path.dsv'
[2.034s] [34mcolcon.colcon_core.shell[0m [1;30mINFO[0m Creating environment hook '/home/ivan/Webots_YOLOv8/install/soccer_vision_attribute_msgs/share/soccer_vision_attribute_msgs/hook/cmake_prefix_path.sh'
[2.036s] [34mcolcon.colcon_core.environment[0m [1;30mLevel 1[0m checking '/home/ivan/Webots_YOLOv8/install/soccer_vision_attribute_msgs/lib'
[2.036s] [34mcolcon.colcon_core.shell[0m [1;30mLevel 1[0m create_environment_hook('soccer_vision_attribute_msgs', 'ld_library_path_lib')
[2.037s] [34mcolcon.colcon_core.shell[0m [1;30mINFO[0m Creating environment hook '/home/ivan/Webots_YOLOv8/install/soccer_vision_attribute_msgs/share/soccer_vision_attribute_msgs/hook/ld_library_path_lib.ps1'
[2.038s] [34mcolcon.colcon_core.shell[0m [1;30mINFO[0m Creating environment descriptor '/home/ivan/Webots_YOLOv8/install/soccer_vision_attribute_msgs/share/soccer_vision_attribute_msgs/hook/ld_library_path_lib.dsv'
[2.039s] [34mcolcon.colcon_core.shell[0m [1;30mINFO[0m Creating environment hook '/home/ivan/Webots_YOLOv8/install/soccer_vision_attribute_msgs/share/soccer_vision_attribute_msgs/hook/ld_library_path_lib.sh'
[2.040s] [34mcolcon.colcon_core.environment[0m [1;30mLevel 1[0m checking '/home/ivan/Webots_YOLOv8/install/soccer_vision_attribute_msgs/bin'
[2.040s] [34mcolcon.colcon_core.environment[0m [1;30mLevel 1[0m checking '/home/ivan/Webots_YOLOv8/install/soccer_vision_attribute_msgs/lib/pkgconfig/soccer_vision_attribute_msgs.pc'
[2.040s] [34mcolcon.colcon_core.environment[0m [1;30mLevel 1[0m checking '/home/ivan/Webots_YOLOv8/install/soccer_vision_attribute_msgs/lib/python3.10/site-packages'
[2.040s] [34mcolcon.colcon_core.environment[0m [1;30mLevel 1[0m checking '/home/ivan/Webots_YOLOv8/install/soccer_vision_attribute_msgs/bin'
[2.041s] [34mcolcon.colcon_core.shell[0m [1;30mINFO[0m Creating package script '/home/ivan/Webots_YOLOv8/install/soccer_vision_attribute_msgs/share/soccer_vision_attribute_msgs/package.ps1'
[2.042s] [34mcolcon.colcon_core.shell[0m [1;30mINFO[0m Creating package descriptor '/home/ivan/Webots_YOLOv8/install/soccer_vision_attribute_msgs/share/soccer_vision_attribute_msgs/package.dsv'
[2.042s] [34mcolcon.colcon_core.shell[0m [1;30mINFO[0m Creating package script '/home/ivan/Webots_YOLOv8/install/soccer_vision_attribute_msgs/share/soccer_vision_attribute_msgs/package.sh'
[2.043s] [34mcolcon.colcon_core.shell[0m [1;30mINFO[0m Creating package script '/home/ivan/Webots_YOLOv8/install/soccer_vision_attribute_msgs/share/soccer_vision_attribute_msgs/package.bash'
[2.043s] [34mcolcon.colcon_core.shell[0m [1;30mINFO[0m Creating package script '/home/ivan/Webots_YOLOv8/install/soccer_vision_attribute_msgs/share/soccer_vision_attribute_msgs/package.zsh'
[2.044s] [34mcolcon.colcon_core.environment[0m [1;30mLevel 1[0m create_file_with_runtime_dependencies(/home/ivan/Webots_YOLOv8/install/soccer_vision_attribute_msgs/share/colcon-core/packages/soccer_vision_attribute_msgs)
[2.045s] [34mcolcon.colcon_core.environment[0m [1;30mLevel 1[0m create_environment_scripts_only(soccer_vision_attribute_msgs)
[2.045s] [34mcolcon.colcon_core.environment[0m [1;30mLevel 1[0m checking '/home/ivan/Webots_YOLOv8/install/soccer_vision_attribute_msgs' for CMake module files
[2.046s] [34mcolcon.colcon_core.environment[0m [1;30mLevel 1[0m checking '/home/ivan/Webots_YOLOv8/install/soccer_vision_attribute_msgs' for CMake config files
[2.047s] [34mcolcon.colcon_core.shell[0m [1;30mLevel 1[0m create_environment_hook('soccer_vision_attribute_msgs', 'cmake_prefix_path')
[2.047s] [34mcolcon.colcon_core.shell[0m [1;30mINFO[0m Creating environment hook '/home/ivan/Webots_YOLOv8/install/soccer_vision_attribute_msgs/share/soccer_vision_attribute_msgs/hook/cmake_prefix_path.ps1'
[2.047s] [34mcolcon.colcon_core.shell[0m [1;30mINFO[0m Creating environment descriptor '/home/ivan/Webots_YOLOv8/install/soccer_vision_attribute_msgs/share/soccer_vision_attribute_msgs/hook/cmake_prefix_path.dsv'
[2.048s] [34mcolcon.colcon_core.shell[0m [1;30mINFO[0m Creating environment hook '/home/ivan/Webots_YOLOv8/install/soccer_vision_attribute_msgs/share/soccer_vision_attribute_msgs/hook/cmake_prefix_path.sh'
[2.048s] [34mcolcon.colcon_core.environment[0m [1;30mLevel 1[0m checking '/home/ivan/Webots_YOLOv8/install/soccer_vision_attribute_msgs/lib'
[2.048s] [34mcolcon.colcon_core.shell[0m [1;30mLevel 1[0m create_environment_hook('soccer_vision_attribute_msgs', 'ld_library_path_lib')
[2.049s] [34mcolcon.colcon_core.shell[0m [1;30mINFO[0m Creating environment hook '/home/ivan/Webots_YOLOv8/install/soccer_vision_attribute_msgs/share/soccer_vision_attribute_msgs/hook/ld_library_path_lib.ps1'
[2.049s] [34mcolcon.colcon_core.shell[0m [1;30mINFO[0m Creating environment descriptor '/home/ivan/Webots_YOLOv8/install/soccer_vision_attribute_msgs/share/soccer_vision_attribute_msgs/hook/ld_library_path_lib.dsv'
[2.050s] [34mcolcon.colcon_core.shell[0m [1;30mINFO[0m Creating environment hook '/home/ivan/Webots_YOLOv8/install/soccer_vision_attribute_msgs/share/soccer_vision_attribute_msgs/hook/ld_library_path_lib.sh'
[2.050s] [34mcolcon.colcon_core.environment[0m [1;30mLevel 1[0m checking '/home/ivan/Webots_YOLOv8/install/soccer_vision_attribute_msgs/bin'
[2.050s] [34mcolcon.colcon_core.environment[0m [1;30mLevel 1[0m checking '/home/ivan/Webots_YOLOv8/install/soccer_vision_attribute_msgs/lib/pkgconfig/soccer_vision_attribute_msgs.pc'
[2.050s] [34mcolcon.colcon_core.environment[0m [1;30mLevel 1[0m checking '/home/ivan/Webots_YOLOv8/install/soccer_vision_attribute_msgs/lib/python3.10/site-packages'
[2.051s] [34mcolcon.colcon_core.environment[0m [1;30mLevel 1[0m checking '/home/ivan/Webots_YOLOv8/install/soccer_vision_attribute_msgs/bin'
[2.051s] [34mcolcon.colcon_core.shell[0m [1;30mINFO[0m Creating package script '/home/ivan/Webots_YOLOv8/install/soccer_vision_attribute_msgs/share/soccer_vision_attribute_msgs/package.ps1'
[2.052s] [34mcolcon.colcon_core.shell[0m [1;30mINFO[0m Creating package descriptor '/home/ivan/Webots_YOLOv8/install/soccer_vision_attribute_msgs/share/soccer_vision_attribute_msgs/package.dsv'
[2.052s] [34mcolcon.colcon_core.shell[0m [1;30mINFO[0m Creating package script '/home/ivan/Webots_YOLOv8/install/soccer_vision_attribute_msgs/share/soccer_vision_attribute_msgs/package.sh'
[2.053s] [34mcolcon.colcon_core.shell[0m [1;30mINFO[0m Creating package script '/home/ivan/Webots_YOLOv8/install/soccer_vision_attribute_msgs/share/soccer_vision_attribute_msgs/package.bash'
[2.053s] [34mcolcon.colcon_core.shell[0m [1;30mINFO[0m Creating package script '/home/ivan/Webots_YOLOv8/install/soccer_vision_attribute_msgs/share/soccer_vision_attribute_msgs/package.zsh'
[2.054s] [34mcolcon.colcon_core.environment[0m [1;30mLevel 1[0m create_file_with_runtime_dependencies(/home/ivan/Webots_YOLOv8/install/soccer_vision_attribute_msgs/share/colcon-core/packages/soccer_vision_attribute_msgs)
[2.054s] [34mcolcon.colcon_ros.task.ament_cmake.build[0m [1;30mINFO[0m Building ROS package in '/home/ivan/Webots_YOLOv8/src/soccer_interfaces/soccer_vision_2d_msgs' with build type 'ament_cmake'
[2.055s] [34mcolcon.colcon_cmake.task.cmake.build[0m [1;30mINFO[0m Building CMake package in '/home/ivan/Webots_YOLOv8/src/soccer_interfaces/soccer_vision_2d_msgs'
[2.055s] [34mcolcon.colcon_core.shell[0m [1;30mINFO[0m Skip shell extension 'powershell' for command environment: Not usable outside of PowerShell
[2.055s] [34mcolcon.colcon_core.shell[0m [1;30mDEBUG[0m [32mSkip shell extension 'dsv' for command environment[0m
[2.062s] [34mcolcon.colcon_ros.task.ament_cmake.build[0m [1;30mINFO[0m Building ROS package in '/home/ivan/Webots_YOLOv8/src/soccer_interfaces/soccer_vision_3d_msgs' with build type 'ament_cmake'
[2.063s] [34mcolcon.colcon_cmake.task.cmake.build[0m [1;30mINFO[0m Building CMake package in '/home/ivan/Webots_YOLOv8/src/soccer_interfaces/soccer_vision_3d_msgs'
[2.063s] [34mcolcon.colcon_core.shell[0m [1;30mINFO[0m Skip shell extension 'powershell' for command environment: Not usable outside of PowerShell
[2.063s] [34mcolcon.colcon_core.shell[0m [1;30mDEBUG[0m [32mSkip shell extension 'dsv' for command environment[0m
[2.070s] [34mcolcon.colcon_ros.task.ament_cmake.build[0m [1;30mINFO[0m Building ROS package in '/home/ivan/Webots_YOLOv8/src/soccer_interfaces/soccer_model_msgs' with build type 'ament_cmake'
[2.070s] [34mcolcon.colcon_cmake.task.cmake.build[0m [1;30mINFO[0m Building CMake package in '/home/ivan/Webots_YOLOv8/src/soccer_interfaces/soccer_model_msgs'
[2.070s] [34mcolcon.colcon_core.shell[0m [1;30mINFO[0m Skip shell extension 'powershell' for command environment: Not usable outside of PowerShell
[2.070s] [34mcolcon.colcon_core.shell[0m [1;30mDEBUG[0m [32mSkip shell extension 'dsv' for command environment[0m
[2.461s] [34mcolcon.colcon_core.task.python.build[0m [1;30mINFO[0m Building Python package in '/home/ivan/Webots_YOLOv8/src/ipm/ipm_library'
[2.462s] [34mcolcon.colcon_core.shell[0m [1;30mINFO[0m Skip shell extension 'powershell' for command environment: Not usable outside of PowerShell
[2.462s] [34mcolcon.colcon_core.shell[0m [1;30mDEBUG[0m [32mSkip shell extension 'dsv' for command environment[0m
[2.473s] [34mcolcon.colcon_core.event_handler.log_command[0m [1;30mDEBUG[0m [32mInvoking command in '/home/ivan/Webots_YOLOv8/src/my_package': PYTHONPATH=/home/ivan/Webots_YOLOv8/build/my_package/prefix_override:/usr/lib/python3/dist-packages/colcon_core/task/python/colcon_distutils_commands:/home/ivan/Webots_YOLOv8/install/my_package/lib/python3.10/site-packages:${PYTHONPATH} /usr/bin/python3 -W ignore:setup.py install is deprecated -W ignore:easy_install command is deprecated setup.py egg_info --egg-base ../../build/my_package build --build-base /home/ivan/Webots_YOLOv8/build/my_package/build install --record /home/ivan/Webots_YOLOv8/build/my_package/install.log --single-version-externally-managed install_data[0m
[2.478s] [34mcolcon.colcon_core.event_handler.log_command[0m [1;30mDEBUG[0m [32mInvoking command in '/home/ivan/Webots_YOLOv8/build/soccer_vision_2d_msgs': CMAKE_PREFIX_PATH=/home/ivan/Webots_YOLOv8/install/soccer_vision_attribute_msgs:/home/ivan/Webots_YOLOv8/install/soccer_interfaces:/home/ivan/Webots_YOLOv8/install/soccer_vision_3d_msgs:/home/ivan/Webots_YOLOv8/install/soccer_vision_2d_msgs:/home/ivan/Webots_YOLOv8/install/soccer_model_msgs:/home/ivan/Webots_YOLOv8/install/soccer_geometry_msgs:/home/ivan/Webots_YOLOv8/install/ipm_interfaces:/home/ivan/ros2_ws/install/edrom_msgs:/home/ivan/Webots_YOLOv8/install/soccer_ipm:/home/ivan/Webots_YOLOv8/install/Webots_YOLOv8:/home/ivan/Webots_YOLOv8/install/my_package:/home/ivan/Webots_YOLOv8/install/ipm_service:/home/ivan/Webots_YOLOv8/install/ipm_image_node:/home/ivan/Webots_YOLOv8/install/ipm_library:/home/ivan/ros2_ws/install/object_finder_onnx:/home/ivan/ros2_ws/install/object_finder:/home/ivan/ros2_ws/install/my_package:/home/ivan/ros2_ws/install/Webots_YOLOv8:/opt/ros/humble LD_LIBRARY_PATH=/home/ivan/Webots_YOLOv8/install/soccer_vision_attribute_msgs/lib:/home/ivan/Webots_YOLOv8/install/soccer_vision_3d_msgs/lib:/home/ivan/Webots_YOLOv8/install/soccer_vision_2d_msgs/lib:/home/ivan/Webots_YOLOv8/install/soccer_model_msgs/lib:/home/ivan/Webots_YOLOv8/install/soccer_geometry_msgs/lib:/home/ivan/Webots_YOLOv8/install/ipm_interfaces/lib:/home/ivan/ros2_ws/install/edrom_msgs/lib:/opt/ros/humble/opt/rviz_ogre_vendor/lib:/opt/ros/humble/lib/x86_64-linux-gnu:/opt/ros/humble/lib /usr/bin/cmake --build /home/ivan/Webots_YOLOv8/build/soccer_vision_2d_msgs -- -j12 -l12[0m
[2.484s] [34mcolcon.colcon_core.event_handler.log_command[0m [1;30mDEBUG[0m [32mInvoking command in '/home/ivan/Webots_YOLOv8/build/soccer_vision_3d_msgs': CMAKE_PREFIX_PATH=/home/ivan/Webots_YOLOv8/install/soccer_vision_attribute_msgs:/home/ivan/Webots_YOLOv8/install/soccer_interfaces:/home/ivan/Webots_YOLOv8/install/soccer_vision_3d_msgs:/home/ivan/Webots_YOLOv8/install/soccer_vision_2d_msgs:/home/ivan/Webots_YOLOv8/install/soccer_model_msgs:/home/ivan/Webots_YOLOv8/install/soccer_geometry_msgs:/home/ivan/Webots_YOLOv8/install/ipm_interfaces:/home/ivan/ros2_ws/install/edrom_msgs:/home/ivan/Webots_YOLOv8/install/soccer_ipm:/home/ivan/Webots_YOLOv8/install/Webots_YOLOv8:/home/ivan/Webots_YOLOv8/install/my_package:/home/ivan/Webots_YOLOv8/install/ipm_service:/home/ivan/Webots_YOLOv8/install/ipm_image_node:/home/ivan/Webots_YOLOv8/install/ipm_library:/home/ivan/ros2_ws/install/object_finder_onnx:/home/ivan/ros2_ws/install/object_finder:/home/ivan/ros2_ws/install/my_package:/home/ivan/ros2_ws/install/Webots_YOLOv8:/opt/ros/humble LD_LIBRARY_PATH=/home/ivan/Webots_YOLOv8/install/soccer_vision_attribute_msgs/lib:/home/ivan/Webots_YOLOv8/install/soccer_vision_3d_msgs/lib:/home/ivan/Webots_YOLOv8/install/soccer_vision_2d_msgs/lib:/home/ivan/Webots_YOLOv8/install/soccer_model_msgs/lib:/home/ivan/Webots_YOLOv8/install/soccer_geometry_msgs/lib:/home/ivan/Webots_YOLOv8/install/ipm_interfaces/lib:/home/ivan/ros2_ws/install/edrom_msgs/lib:/opt/ros/humble/opt/rviz_ogre_vendor/lib:/opt/ros/humble/lib/x86_64-linux-gnu:/opt/ros/humble/lib /usr/bin/cmake --build /home/ivan/Webots_YOLOv8/build/soccer_vision_3d_msgs -- -j12 -l12[0m
[2.491s] [34mcolcon.colcon_core.event_handler.log_command[0m [1;30mDEBUG[0m [32mInvoking command in '/home/ivan/Webots_YOLOv8/build/soccer_model_msgs': CMAKE_PREFIX_PATH=/home/ivan/Webots_YOLOv8/install/soccer_vision_attribute_msgs:/home/ivan/Webots_YOLOv8/install/soccer_geometry_msgs:/home/ivan/Webots_YOLOv8/install/soccer_interfaces:/home/ivan/Webots_YOLOv8/install/soccer_vision_3d_msgs:/home/ivan/Webots_YOLOv8/install/soccer_vision_2d_msgs:/home/ivan/Webots_YOLOv8/install/soccer_model_msgs:/home/ivan/Webots_YOLOv8/install/ipm_interfaces:/home/ivan/ros2_ws/install/edrom_msgs:/home/ivan/Webots_YOLOv8/install/soccer_ipm:/home/ivan/Webots_YOLOv8/install/Webots_YOLOv8:/home/ivan/Webots_YOLOv8/install/my_package:/home/ivan/Webots_YOLOv8/install/ipm_service:/home/ivan/Webots_YOLOv8/install/ipm_image_node:/home/ivan/Webots_YOLOv8/install/ipm_library:/home/ivan/ros2_ws/install/object_finder_onnx:/home/ivan/ros2_ws/install/object_finder:/home/ivan/ros2_ws/install/my_package:/home/ivan/ros2_ws/install/Webots_YOLOv8:/opt/ros/humble LD_LIBRARY_PATH=/home/ivan/Webots_YOLOv8/install/soccer_vision_attribute_msgs/lib:/home/ivan/Webots_YOLOv8/install/soccer_geometry_msgs/lib:/home/ivan/Webots_YOLOv8/install/soccer_vision_3d_msgs/lib:/home/ivan/Webots_YOLOv8/install/soccer_vision_2d_msgs/lib:/home/ivan/Webots_YOLOv8/install/soccer_model_msgs/lib:/home/ivan/Webots_YOLOv8/install/ipm_interfaces/lib:/home/ivan/ros2_ws/install/edrom_msgs/lib:/opt/ros/humble/opt/rviz_ogre_vendor/lib:/opt/ros/humble/lib/x86_64-linux-gnu:/opt/ros/humble/lib /usr/bin/cmake --build /home/ivan/Webots_YOLOv8/build/soccer_model_msgs -- -j12 -l12[0m
[3.099s] [34mcolcon.colcon_core.environment[0m [1;30mLevel 1[0m checking '/home/ivan/Webots_YOLOv8/install/my_package' for CMake module files
[3.100s] [34mcolcon.colcon_core.event_handler.log_command[0m [1;30mDEBUG[0m [32mInvoked command in '/home/ivan/Webots_YOLOv8/src/my_package' returned '0': PYTHONPATH=/home/ivan/Webots_YOLOv8/build/my_package/prefix_override:/usr/lib/python3/dist-packages/colcon_core/task/python/colcon_distutils_commands:/home/ivan/Webots_YOLOv8/install/my_package/lib/python3.10/site-packages:${PYTHONPATH} /usr/bin/python3 -W ignore:setup.py install is deprecated -W ignore:easy_install command is deprecated setup.py egg_info --egg-base ../../build/my_package build --build-base /home/ivan/Webots_YOLOv8/build/my_package/build install --record /home/ivan/Webots_YOLOv8/build/my_package/install.log --single-version-externally-managed install_data[0m
[3.102s] [34mcolcon.colcon_core.environment[0m [1;30mLevel 1[0m checking '/home/ivan/Webots_YOLOv8/install/my_package' for CMake config files
[3.103s] [34mcolcon.colcon_core.environment[0m [1;30mLevel 1[0m checking '/home/ivan/Webots_YOLOv8/install/my_package/lib'
[3.103s] [34mcolcon.colcon_core.environment[0m [1;30mLevel 1[0m checking '/home/ivan/Webots_YOLOv8/install/my_package/bin'
[3.103s] [34mcolcon.colcon_core.environment[0m [1;30mLevel 1[0m checking '/home/ivan/Webots_YOLOv8/install/my_package/lib/pkgconfig/my_package.pc'
[3.104s] [34mcolcon.colcon_core.environment[0m [1;30mLevel 1[0m checking '/home/ivan/Webots_YOLOv8/install/my_package/lib/python3.10/site-packages'
[3.104s] [34mcolcon.colcon_core.shell[0m [1;30mLevel 1[0m create_environment_hook('my_package', 'pythonpath')
[3.104s] [34mcolcon.colcon_core.shell[0m [1;30mINFO[0m Creating environment hook '/home/ivan/Webots_YOLOv8/install/my_package/share/my_package/hook/pythonpath.ps1'
[3.105s] [34mcolcon.colcon_core.shell[0m [1;30mINFO[0m Creating environment descriptor '/home/ivan/Webots_YOLOv8/install/my_package/share/my_package/hook/pythonpath.dsv'
[3.106s] [34mcolcon.colcon_core.shell[0m [1;30mINFO[0m Creating environment hook '/home/ivan/Webots_YOLOv8/install/my_package/share/my_package/hook/pythonpath.sh'
[3.107s] [34mcolcon.colcon_core.environment[0m [1;30mLevel 1[0m checking '/home/ivan/Webots_YOLOv8/install/my_package/bin'
[3.108s] [34mcolcon.colcon_core.environment[0m [1;30mLevel 1[0m create_environment_scripts_only(my_package)
[3.108s] [34mcolcon.colcon_core.shell[0m [1;30mINFO[0m Creating package script '/home/ivan/Webots_YOLOv8/install/my_package/share/my_package/package.ps1'
[3.110s] [34mcolcon.colcon_core.shell[0m [1;30mINFO[0m Creating package descriptor '/home/ivan/Webots_YOLOv8/install/my_package/share/my_package/package.dsv'
[3.111s] [34mcolcon.colcon_core.shell[0m [1;30mINFO[0m Creating package script '/home/ivan/Webots_YOLOv8/install/my_package/share/my_package/package.sh'
[3.112s] [34mcolcon.colcon_core.shell[0m [1;30mINFO[0m Creating package script '/home/ivan/Webots_YOLOv8/install/my_package/share/my_package/package.bash'
[3.113s] [34mcolcon.colcon_core.shell[0m [1;30mINFO[0m Creating package script '/home/ivan/Webots_YOLOv8/install/my_package/share/my_package/package.zsh'
[3.114s] [34mcolcon.colcon_core.environment[0m [1;30mLevel 1[0m create_file_with_runtime_dependencies(/home/ivan/Webots_YOLOv8/install/my_package/share/colcon-core/packages/my_package)
[3.257s] [34mcolcon.colcon_core.event_handler.log_command[0m [1;30mDEBUG[0m [32mInvoked command in '/home/ivan/Webots_YOLOv8/build/soccer_vision_3d_msgs' returned '0': CMAKE_PREFIX_PATH=/home/ivan/Webots_YOLOv8/install/soccer_vision_attribute_msgs:/home/ivan/Webots_YOLOv8/install/soccer_interfaces:/home/ivan/Webots_YOLOv8/install/soccer_vision_3d_msgs:/home/ivan/Webots_YOLOv8/install/soccer_vision_2d_msgs:/home/ivan/Webots_YOLOv8/install/soccer_model_msgs:/home/ivan/Webots_YOLOv8/install/soccer_geometry_msgs:/home/ivan/Webots_YOLOv8/install/ipm_interfaces:/home/ivan/ros2_ws/install/edrom_msgs:/home/ivan/Webots_YOLOv8/install/soccer_ipm:/home/ivan/Webots_YOLOv8/install/Webots_YOLOv8:/home/ivan/Webots_YOLOv8/install/my_package:/home/ivan/Webots_YOLOv8/install/ipm_service:/home/ivan/Webots_YOLOv8/install/ipm_image_node:/home/ivan/Webots_YOLOv8/install/ipm_library:/home/ivan/ros2_ws/install/object_finder_onnx:/home/ivan/ros2_ws/install/object_finder:/home/ivan/ros2_ws/install/my_package:/home/ivan/ros2_ws/install/Webots_YOLOv8:/opt/ros/humble LD_LIBRARY_PATH=/home/ivan/Webots_YOLOv8/install/soccer_vision_attribute_msgs/lib:/home/ivan/Webots_YOLOv8/install/soccer_vision_3d_msgs/lib:/home/ivan/Webots_YOLOv8/install/soccer_vision_2d_msgs/lib:/home/ivan/Webots_YOLOv8/install/soccer_model_msgs/lib:/home/ivan/Webots_YOLOv8/install/soccer_geometry_msgs/lib:/home/ivan/Webots_YOLOv8/install/ipm_interfaces/lib:/home/ivan/ros2_ws/install/edrom_msgs/lib:/opt/ros/humble/opt/rviz_ogre_vendor/lib:/opt/ros/humble/lib/x86_64-linux-gnu:/opt/ros/humble/lib /usr/bin/cmake --build /home/ivan/Webots_YOLOv8/build/soccer_vision_3d_msgs -- -j12 -l12[0m
[3.261s] [34mcolcon.colcon_core.event_handler.log_command[0m [1;30mDEBUG[0m [32mInvoking command in '/home/ivan/Webots_YOLOv8/build/soccer_vision_3d_msgs': CMAKE_PREFIX_PATH=/home/ivan/Webots_YOLOv8/install/soccer_vision_attribute_msgs:/home/ivan/Webots_YOLOv8/install/soccer_interfaces:/home/ivan/Webots_YOLOv8/install/soccer_vision_3d_msgs:/home/ivan/Webots_YOLOv8/install/soccer_vision_2d_msgs:/home/ivan/Webots_YOLOv8/install/soccer_model_msgs:/home/ivan/Webots_YOLOv8/install/soccer_geometry_msgs:/home/ivan/Webots_YOLOv8/install/ipm_interfaces:/home/ivan/ros2_ws/install/edrom_msgs:/home/ivan/Webots_YOLOv8/install/soccer_ipm:/home/ivan/Webots_YOLOv8/install/Webots_YOLOv8:/home/ivan/Webots_YOLOv8/install/my_package:/home/ivan/Webots_YOLOv8/install/ipm_service:/home/ivan/Webots_YOLOv8/install/ipm_image_node:/home/ivan/Webots_YOLOv8/install/ipm_library:/home/ivan/ros2_ws/install/object_finder_onnx:/home/ivan/ros2_ws/install/object_finder:/home/ivan/ros2_ws/install/my_package:/home/ivan/ros2_ws/install/Webots_YOLOv8:/opt/ros/humble LD_LIBRARY_PATH=/home/ivan/Webots_YOLOv8/install/soccer_vision_attribute_msgs/lib:/home/ivan/Webots_YOLOv8/install/soccer_vision_3d_msgs/lib:/home/ivan/Webots_YOLOv8/install/soccer_vision_2d_msgs/lib:/home/ivan/Webots_YOLOv8/install/soccer_model_msgs/lib:/home/ivan/Webots_YOLOv8/install/soccer_geometry_msgs/lib:/home/ivan/Webots_YOLOv8/install/ipm_interfaces/lib:/home/ivan/ros2_ws/install/edrom_msgs/lib:/opt/ros/humble/opt/rviz_ogre_vendor/lib:/opt/ros/humble/lib/x86_64-linux-gnu:/opt/ros/humble/lib /usr/bin/cmake --install /home/ivan/Webots_YOLOv8/build/soccer_vision_3d_msgs[0m
[3.266s] [34mcolcon.colcon_core.event_handler.log_command[0m [1;30mDEBUG[0m [32mInvoked command in '/home/ivan/Webots_YOLOv8/build/soccer_model_msgs' returned '0': CMAKE_PREFIX_PATH=/home/ivan/Webots_YOLOv8/install/soccer_vision_attribute_msgs:/home/ivan/Webots_YOLOv8/install/soccer_geometry_msgs:/home/ivan/Webots_YOLOv8/install/soccer_interfaces:/home/ivan/Webots_YOLOv8/install/soccer_vision_3d_msgs:/home/ivan/Webots_YOLOv8/install/soccer_vision_2d_msgs:/home/ivan/Webots_YOLOv8/install/soccer_model_msgs:/home/ivan/Webots_YOLOv8/install/ipm_interfaces:/home/ivan/ros2_ws/install/edrom_msgs:/home/ivan/Webots_YOLOv8/install/soccer_ipm:/home/ivan/Webots_YOLOv8/install/Webots_YOLOv8:/home/ivan/Webots_YOLOv8/install/my_package:/home/ivan/Webots_YOLOv8/install/ipm_service:/home/ivan/Webots_YOLOv8/install/ipm_image_node:/home/ivan/Webots_YOLOv8/install/ipm_library:/home/ivan/ros2_ws/install/object_finder_onnx:/home/ivan/ros2_ws/install/object_finder:/home/ivan/ros2_ws/install/my_package:/home/ivan/ros2_ws/install/Webots_YOLOv8:/opt/ros/humble LD_LIBRARY_PATH=/home/ivan/Webots_YOLOv8/install/soccer_vision_attribute_msgs/lib:/home/ivan/Webots_YOLOv8/install/soccer_geometry_msgs/lib:/home/ivan/Webots_YOLOv8/install/soccer_vision_3d_msgs/lib:/home/ivan/Webots_YOLOv8/install/soccer_vision_2d_msgs/lib:/home/ivan/Webots_YOLOv8/install/soccer_model_msgs/lib:/home/ivan/Webots_YOLOv8/install/ipm_interfaces/lib:/home/ivan/ros2_ws/install/edrom_msgs/lib:/opt/ros/humble/opt/rviz_ogre_vendor/lib:/opt/ros/humble/lib/x86_64-linux-gnu:/opt/ros/humble/lib /usr/bin/cmake --build /home/ivan/Webots_YOLOv8/build/soccer_model_msgs -- -j12 -l12[0m
[3.270s] [34mcolcon.colcon_core.event_handler.log_command[0m [1;30mDEBUG[0m [32mInvoking command in '/home/ivan/Webots_YOLOv8/build/soccer_model_msgs': CMAKE_PREFIX_PATH=/home/ivan/Webots_YOLOv8/install/soccer_vision_attribute_msgs:/home/ivan/Webots_YOLOv8/install/soccer_geometry_msgs:/home/ivan/Webots_YOLOv8/install/soccer_interfaces:/home/ivan/Webots_YOLOv8/install/soccer_vision_3d_msgs:/home/ivan/Webots_YOLOv8/install/soccer_vision_2d_msgs:/home/ivan/Webots_YOLOv8/install/soccer_model_msgs:/home/ivan/Webots_YOLOv8/install/ipm_interfaces:/home/ivan/ros2_ws/install/edrom_msgs:/home/ivan/Webots_YOLOv8/install/soccer_ipm:/home/ivan/Webots_YOLOv8/install/Webots_YOLOv8:/home/ivan/Webots_YOLOv8/install/my_package:/home/ivan/Webots_YOLOv8/install/ipm_service:/home/ivan/Webots_YOLOv8/install/ipm_image_node:/home/ivan/Webots_YOLOv8/install/ipm_library:/home/ivan/ros2_ws/install/object_finder_onnx:/home/ivan/ros2_ws/install/object_finder:/home/ivan/ros2_ws/install/my_package:/home/ivan/ros2_ws/install/Webots_YOLOv8:/opt/ros/humble LD_LIBRARY_PATH=/home/ivan/Webots_YOLOv8/install/soccer_vision_attribute_msgs/lib:/home/ivan/Webots_YOLOv8/install/soccer_geometry_msgs/lib:/home/ivan/Webots_YOLOv8/install/soccer_vision_3d_msgs/lib:/home/ivan/Webots_YOLOv8/install/soccer_vision_2d_msgs/lib:/home/ivan/Webots_YOLOv8/install/soccer_model_msgs/lib:/home/ivan/Webots_YOLOv8/install/ipm_interfaces/lib:/home/ivan/ros2_ws/install/edrom_msgs/lib:/opt/ros/humble/opt/rviz_ogre_vendor/lib:/opt/ros/humble/lib/x86_64-linux-gnu:/opt/ros/humble/lib /usr/bin/cmake --install /home/ivan/Webots_YOLOv8/build/soccer_model_msgs[0m
[3.328s] [34mcolcon.colcon_core.event_handler.log_command[0m [1;30mDEBUG[0m [32mInvoking command in '/home/ivan/Webots_YOLOv8/src/ipm/ipm_library': CMAKE_PREFIX_PATH=/home/ivan/Webots_YOLOv8/install/ipm_interfaces:/home/ivan/Webots_YOLOv8/install/soccer_interfaces:/home/ivan/Webots_YOLOv8/install/soccer_vision_3d_msgs:/home/ivan/Webots_YOLOv8/install/soccer_vision_2d_msgs:/home/ivan/Webots_YOLOv8/install/soccer_model_msgs:/home/ivan/Webots_YOLOv8/install/soccer_vision_attribute_msgs:/home/ivan/Webots_YOLOv8/install/soccer_geometry_msgs:/home/ivan/ros2_ws/install/edrom_msgs LD_LIBRARY_PATH=/home/ivan/Webots_YOLOv8/install/ipm_interfaces/lib:/home/ivan/Webots_YOLOv8/install/soccer_vision_3d_msgs/lib:/home/ivan/Webots_YOLOv8/install/soccer_vision_2d_msgs/lib:/home/ivan/Webots_YOLOv8/install/soccer_model_msgs/lib:/home/ivan/Webots_YOLOv8/install/soccer_vision_attribute_msgs/lib:/home/ivan/Webots_YOLOv8/install/soccer_geometry_msgs/lib:/home/ivan/ros2_ws/install/edrom_msgs/lib:/opt/ros/humble/opt/rviz_ogre_vendor/lib:/opt/ros/humble/lib/x86_64-linux-gnu:/opt/ros/humble/lib PYTHONPATH=/home/ivan/Webots_YOLOv8/build/ipm_library/prefix_override:/usr/lib/python3/dist-packages/colcon_core/task/python/colcon_distutils_commands:/home/ivan/Webots_YOLOv8/install/ipm_library/lib/python3.10/site-packages:${PYTHONPATH} /usr/bin/python3 -W ignore:setup.py install is deprecated -W ignore:easy_install command is deprecated setup.py egg_info --egg-base ../../../build/ipm_library build --build-base /home/ivan/Webots_YOLOv8/build/ipm_library/build install --record /home/ivan/Webots_YOLOv8/build/ipm_library/install.log --single-version-externally-managed install_data[0m
[3.342s] [34mcolcon.colcon_core.event_handler.log_command[0m [1;30mDEBUG[0m [32mInvoked command in '/home/ivan/Webots_YOLOv8/build/soccer_vision_2d_msgs' returned '0': CMAKE_PREFIX_PATH=/home/ivan/Webots_YOLOv8/install/soccer_vision_attribute_msgs:/home/ivan/Webots_YOLOv8/install/soccer_interfaces:/home/ivan/Webots_YOLOv8/install/soccer_vision_3d_msgs:/home/ivan/Webots_YOLOv8/install/soccer_vision_2d_msgs:/home/ivan/Webots_YOLOv8/install/soccer_model_msgs:/home/ivan/Webots_YOLOv8/install/soccer_geometry_msgs:/home/ivan/Webots_YOLOv8/install/ipm_interfaces:/home/ivan/ros2_ws/install/edrom_msgs:/home/ivan/Webots_YOLOv8/install/soccer_ipm:/home/ivan/Webots_YOLOv8/install/Webots_YOLOv8:/home/ivan/Webots_YOLOv8/install/my_package:/home/ivan/Webots_YOLOv8/install/ipm_service:/home/ivan/Webots_YOLOv8/install/ipm_image_node:/home/ivan/Webots_YOLOv8/install/ipm_library:/home/ivan/ros2_ws/install/object_finder_onnx:/home/ivan/ros2_ws/install/object_finder:/home/ivan/ros2_ws/install/my_package:/home/ivan/ros2_ws/install/Webots_YOLOv8:/opt/ros/humble LD_LIBRARY_PATH=/home/ivan/Webots_YOLOv8/install/soccer_vision_attribute_msgs/lib:/home/ivan/Webots_YOLOv8/install/soccer_vision_3d_msgs/lib:/home/ivan/Webots_YOLOv8/install/soccer_vision_2d_msgs/lib:/home/ivan/Webots_YOLOv8/install/soccer_model_msgs/lib:/home/ivan/Webots_YOLOv8/install/soccer_geometry_msgs/lib:/home/ivan/Webots_YOLOv8/install/ipm_interfaces/lib:/home/ivan/ros2_ws/install/edrom_msgs/lib:/opt/ros/humble/opt/rviz_ogre_vendor/lib:/opt/ros/humble/lib/x86_64-linux-gnu:/opt/ros/humble/lib /usr/bin/cmake --build /home/ivan/Webots_YOLOv8/build/soccer_vision_2d_msgs -- -j12 -l12[0m
[3.346s] [34mcolcon.colcon_core.event_handler.log_command[0m [1;30mDEBUG[0m [32mInvoking command in '/home/ivan/Webots_YOLOv8/build/soccer_vision_2d_msgs': CMAKE_PREFIX_PATH=/home/ivan/Webots_YOLOv8/install/soccer_vision_attribute_msgs:/home/ivan/Webots_YOLOv8/install/soccer_interfaces:/home/ivan/Webots_YOLOv8/install/soccer_vision_3d_msgs:/home/ivan/Webots_YOLOv8/install/soccer_vision_2d_msgs:/home/ivan/Webots_YOLOv8/install/soccer_model_msgs:/home/ivan/Webots_YOLOv8/install/soccer_geometry_msgs:/home/ivan/Webots_YOLOv8/install/ipm_interfaces:/home/ivan/ros2_ws/install/edrom_msgs:/home/ivan/Webots_YOLOv8/install/soccer_ipm:/home/ivan/Webots_YOLOv8/install/Webots_YOLOv8:/home/ivan/Webots_YOLOv8/install/my_package:/home/ivan/Webots_YOLOv8/install/ipm_service:/home/ivan/Webots_YOLOv8/install/ipm_image_node:/home/ivan/Webots_YOLOv8/install/ipm_library:/home/ivan/ros2_ws/install/object_finder_onnx:/home/ivan/ros2_ws/install/object_finder:/home/ivan/ros2_ws/install/my_package:/home/ivan/ros2_ws/install/Webots_YOLOv8:/opt/ros/humble LD_LIBRARY_PATH=/home/ivan/Webots_YOLOv8/install/soccer_vision_attribute_msgs/lib:/home/ivan/Webots_YOLOv8/install/soccer_vision_3d_msgs/lib:/home/ivan/Webots_YOLOv8/install/soccer_vision_2d_msgs/lib:/home/ivan/Webots_YOLOv8/install/soccer_model_msgs/lib:/home/ivan/Webots_YOLOv8/install/soccer_geometry_msgs/lib:/home/ivan/Webots_YOLOv8/install/ipm_interfaces/lib:/home/ivan/ros2_ws/install/edrom_msgs/lib:/opt/ros/humble/opt/rviz_ogre_vendor/lib:/opt/ros/humble/lib/x86_64-linux-gnu:/opt/ros/humble/lib /usr/bin/cmake --install /home/ivan/Webots_YOLOv8/build/soccer_vision_2d_msgs[0m
[3.380s] [34mcolcon.colcon_core.environment[0m [1;30mLevel 1[0m create_environment_scripts_only(soccer_model_msgs)
[3.380s] [34mcolcon.colcon_core.environment[0m [1;30mLevel 1[0m checking '/home/ivan/Webots_YOLOv8/install/soccer_model_msgs' for CMake module files
[3.385s] [34mcolcon.colcon_core.environment[0m [1;30mLevel 1[0m checking '/home/ivan/Webots_YOLOv8/install/soccer_model_msgs' for CMake config files
[3.393s] [34mcolcon.colcon_core.shell[0m [1;30mLevel 1[0m create_environment_hook('soccer_model_msgs', 'cmake_prefix_path')
[3.393s] [34mcolcon.colcon_core.shell[0m [1;30mINFO[0m Creating environment hook '/home/ivan/Webots_YOLOv8/install/soccer_model_msgs/share/soccer_model_msgs/hook/cmake_prefix_path.ps1'
[3.394s] [34mcolcon.colcon_core.shell[0m [1;30mINFO[0m Creating environment descriptor '/home/ivan/Webots_YOLOv8/install/soccer_model_msgs/share/soccer_model_msgs/hook/cmake_prefix_path.dsv'
[3.395s] [34mcolcon.colcon_core.shell[0m [1;30mINFO[0m Creating environment hook '/home/ivan/Webots_YOLOv8/install/soccer_model_msgs/share/soccer_model_msgs/hook/cmake_prefix_path.sh'
[3.398s] [34mcolcon.colcon_core.environment[0m [1;30mLevel 1[0m checking '/home/ivan/Webots_YOLOv8/install/soccer_model_msgs/lib'
[3.398s] [34mcolcon.colcon_core.shell[0m [1;30mLevel 1[0m create_environment_hook('soccer_model_msgs', 'ld_library_path_lib')
[3.399s] [34mcolcon.colcon_core.shell[0m [1;30mINFO[0m Creating environment hook '/home/ivan/Webots_YOLOv8/install/soccer_model_msgs/share/soccer_model_msgs/hook/ld_library_path_lib.ps1'
[3.400s] [34mcolcon.colcon_core.shell[0m [1;30mINFO[0m Creating environment descriptor '/home/ivan/Webots_YOLOv8/install/soccer_model_msgs/share/soccer_model_msgs/hook/ld_library_path_lib.dsv'
[3.401s] [34mcolcon.colcon_core.shell[0m [1;30mINFO[0m Creating environment hook '/home/ivan/Webots_YOLOv8/install/soccer_model_msgs/share/soccer_model_msgs/hook/ld_library_path_lib.sh'
[3.402s] [34mcolcon.colcon_core.environment[0m [1;30mLevel 1[0m checking '/home/ivan/Webots_YOLOv8/install/soccer_model_msgs/bin'
[3.403s] [34mcolcon.colcon_core.environment[0m [1;30mLevel 1[0m checking '/home/ivan/Webots_YOLOv8/install/soccer_model_msgs/lib/pkgconfig/soccer_model_msgs.pc'
[3.403s] [34mcolcon.colcon_core.environment[0m [1;30mLevel 1[0m checking '/home/ivan/Webots_YOLOv8/install/soccer_model_msgs/lib/python3.10/site-packages'
[3.403s] [34mcolcon.colcon_core.environment[0m [1;30mLevel 1[0m checking '/home/ivan/Webots_YOLOv8/install/soccer_model_msgs/bin'
[3.404s] [34mcolcon.colcon_core.shell[0m [1;30mINFO[0m Creating package script '/home/ivan/Webots_YOLOv8/install/soccer_model_msgs/share/soccer_model_msgs/package.ps1'
[3.405s] [34mcolcon.colcon_core.shell[0m [1;30mINFO[0m Creating package descriptor '/home/ivan/Webots_YOLOv8/install/soccer_model_msgs/share/soccer_model_msgs/package.dsv'
[3.407s] [34mcolcon.colcon_core.shell[0m [1;30mINFO[0m Creating package script '/home/ivan/Webots_YOLOv8/install/soccer_model_msgs/share/soccer_model_msgs/package.sh'
[3.408s] [34mcolcon.colcon_core.shell[0m [1;30mINFO[0m Creating package script '/home/ivan/Webots_YOLOv8/install/soccer_model_msgs/share/soccer_model_msgs/package.bash'
[3.410s] [34mcolcon.colcon_core.shell[0m [1;30mINFO[0m Creating package script '/home/ivan/Webots_YOLOv8/install/soccer_model_msgs/share/soccer_model_msgs/package.zsh'
[3.411s] [34mcolcon.colcon_core.environment[0m [1;30mLevel 1[0m create_file_with_runtime_dependencies(/home/ivan/Webots_YOLOv8/install/soccer_model_msgs/share/colcon-core/packages/soccer_model_msgs)
[3.413s] [34mcolcon.colcon_core.environment[0m [1;30mLevel 1[0m create_environment_scripts_only(soccer_model_msgs)
[3.413s] [34mcolcon.colcon_core.environment[0m [1;30mLevel 1[0m checking '/home/ivan/Webots_YOLOv8/install/soccer_model_msgs' for CMake module files
[3.417s] [34mcolcon.colcon_core.environment[0m [1;30mLevel 1[0m checking '/home/ivan/Webots_YOLOv8/install/soccer_model_msgs' for CMake config files
[3.420s] [34mcolcon.colcon_core.event_handler.log_command[0m [1;30mDEBUG[0m [32mInvoked command in '/home/ivan/Webots_YOLOv8/build/soccer_model_msgs' returned '0': CMAKE_PREFIX_PATH=/home/ivan/Webots_YOLOv8/install/soccer_vision_attribute_msgs:/home/ivan/Webots_YOLOv8/install/soccer_geometry_msgs:/home/ivan/Webots_YOLOv8/install/soccer_interfaces:/home/ivan/Webots_YOLOv8/install/soccer_vision_3d_msgs:/home/ivan/Webots_YOLOv8/install/soccer_vision_2d_msgs:/home/ivan/Webots_YOLOv8/install/soccer_model_msgs:/home/ivan/Webots_YOLOv8/install/ipm_interfaces:/home/ivan/ros2_ws/install/edrom_msgs:/home/ivan/Webots_YOLOv8/install/soccer_ipm:/home/ivan/Webots_YOLOv8/install/Webots_YOLOv8:/home/ivan/Webots_YOLOv8/install/my_package:/home/ivan/Webots_YOLOv8/install/ipm_service:/home/ivan/Webots_YOLOv8/install/ipm_image_node:/home/ivan/Webots_YOLOv8/install/ipm_library:/home/ivan/ros2_ws/install/object_finder_onnx:/home/ivan/ros2_ws/install/object_finder:/home/ivan/ros2_ws/install/my_package:/home/ivan/ros2_ws/install/Webots_YOLOv8:/opt/ros/humble LD_LIBRARY_PATH=/home/ivan/Webots_YOLOv8/install/soccer_vision_attribute_msgs/lib:/home/ivan/Webots_YOLOv8/install/soccer_geometry_msgs/lib:/home/ivan/Webots_YOLOv8/install/soccer_vision_3d_msgs/lib:/home/ivan/Webots_YOLOv8/install/soccer_vision_2d_msgs/lib:/home/ivan/Webots_YOLOv8/install/soccer_model_msgs/lib:/home/ivan/Webots_YOLOv8/install/ipm_interfaces/lib:/home/ivan/ros2_ws/install/edrom_msgs/lib:/opt/ros/humble/opt/rviz_ogre_vendor/lib:/opt/ros/humble/lib/x86_64-linux-gnu:/opt/ros/humble/lib /usr/bin/cmake --install /home/ivan/Webots_YOLOv8/build/soccer_model_msgs[0m
[3.422s] [34mcolcon.colcon_core.shell[0m [1;30mLevel 1[0m create_environment_hook('soccer_model_msgs', 'cmake_prefix_path')
[3.422s] [34mcolcon.colcon_core.shell[0m [1;30mINFO[0m Creating environment hook '/home/ivan/Webots_YOLOv8/install/soccer_model_msgs/share/soccer_model_msgs/hook/cmake_prefix_path.ps1'
[3.423s] [34mcolcon.colcon_core.shell[0m [1;30mINFO[0m Creating environment descriptor '/home/ivan/Webots_YOLOv8/install/soccer_model_msgs/share/soccer_model_msgs/hook/cmake_prefix_path.dsv'
[3.423s] [34mcolcon.colcon_core.shell[0m [1;30mINFO[0m Creating environment hook '/home/ivan/Webots_YOLOv8/install/soccer_model_msgs/share/soccer_model_msgs/hook/cmake_prefix_path.sh'
[3.424s] [34mcolcon.colcon_core.environment[0m [1;30mLevel 1[0m checking '/home/ivan/Webots_YOLOv8/install/soccer_model_msgs/lib'
[3.424s] [34mcolcon.colcon_core.shell[0m [1;30mLevel 1[0m create_environment_hook('soccer_model_msgs', 'ld_library_path_lib')
[3.424s] [34mcolcon.colcon_core.shell[0m [1;30mINFO[0m Creating environment hook '/home/ivan/Webots_YOLOv8/install/soccer_model_msgs/share/soccer_model_msgs/hook/ld_library_path_lib.ps1'
[3.425s] [34mcolcon.colcon_core.shell[0m [1;30mINFO[0m Creating environment descriptor '/home/ivan/Webots_YOLOv8/install/soccer_model_msgs/share/soccer_model_msgs/hook/ld_library_path_lib.dsv'
[3.425s] [34mcolcon.colcon_core.shell[0m [1;30mINFO[0m Creating environment hook '/home/ivan/Webots_YOLOv8/install/soccer_model_msgs/share/soccer_model_msgs/hook/ld_library_path_lib.sh'
[3.425s] [34mcolcon.colcon_core.environment[0m [1;30mLevel 1[0m checking '/home/ivan/Webots_YOLOv8/install/soccer_model_msgs/bin'
[3.426s] [34mcolcon.colcon_core.environment[0m [1;30mLevel 1[0m checking '/home/ivan/Webots_YOLOv8/install/soccer_model_msgs/lib/pkgconfig/soccer_model_msgs.pc'
[3.426s] [34mcolcon.colcon_core.environment[0m [1;30mLevel 1[0m checking '/home/ivan/Webots_YOLOv8/install/soccer_model_msgs/lib/python3.10/site-packages'
[3.426s] [34mcolcon.colcon_core.environment[0m [1;30mLevel 1[0m checking '/home/ivan/Webots_YOLOv8/install/soccer_model_msgs/bin'
[3.426s] [34mcolcon.colcon_core.shell[0m [1;30mINFO[0m Creating package script '/home/ivan/Webots_YOLOv8/install/soccer_model_msgs/share/soccer_model_msgs/package.ps1'
[3.427s] [34mcolcon.colcon_core.shell[0m [1;30mINFO[0m Creating package descriptor '/home/ivan/Webots_YOLOv8/install/soccer_model_msgs/share/soccer_model_msgs/package.dsv'
[3.428s] [34mcolcon.colcon_core.shell[0m [1;30mINFO[0m Creating package script '/home/ivan/Webots_YOLOv8/install/soccer_model_msgs/share/soccer_model_msgs/package.sh'
[3.428s] [34mcolcon.colcon_core.shell[0m [1;30mINFO[0m Creating package script '/home/ivan/Webots_YOLOv8/install/soccer_model_msgs/share/soccer_model_msgs/package.bash'
[3.429s] [34mcolcon.colcon_core.shell[0m [1;30mINFO[0m Creating package script '/home/ivan/Webots_YOLOv8/install/soccer_model_msgs/share/soccer_model_msgs/package.zsh'
[3.429s] [34mcolcon.colcon_core.environment[0m [1;30mLevel 1[0m create_file_with_runtime_dependencies(/home/ivan/Webots_YOLOv8/install/soccer_model_msgs/share/colcon-core/packages/soccer_model_msgs)
[3.431s] [34mcolcon.colcon_core.environment[0m [1;30mLevel 1[0m create_environment_scripts_only(soccer_vision_3d_msgs)
[3.432s] [34mcolcon.colcon_core.environment[0m [1;30mLevel 1[0m checking '/home/ivan/Webots_YOLOv8/install/soccer_vision_3d_msgs' for CMake module files
[3.433s] [34mcolcon.colcon_core.event_handler.log_command[0m [1;30mDEBUG[0m [32mInvoked command in '/home/ivan/Webots_YOLOv8/build/soccer_vision_3d_msgs' returned '0': CMAKE_PREFIX_PATH=/home/ivan/Webots_YOLOv8/install/soccer_vision_attribute_msgs:/home/ivan/Webots_YOLOv8/install/soccer_interfaces:/home/ivan/Webots_YOLOv8/install/soccer_vision_3d_msgs:/home/ivan/Webots_YOLOv8/install/soccer_vision_2d_msgs:/home/ivan/Webots_YOLOv8/install/soccer_model_msgs:/home/ivan/Webots_YOLOv8/install/soccer_geometry_msgs:/home/ivan/Webots_YOLOv8/install/ipm_interfaces:/home/ivan/ros2_ws/install/edrom_msgs:/home/ivan/Webots_YOLOv8/install/soccer_ipm:/home/ivan/Webots_YOLOv8/install/Webots_YOLOv8:/home/ivan/Webots_YOLOv8/install/my_package:/home/ivan/Webots_YOLOv8/install/ipm_service:/home/ivan/Webots_YOLOv8/install/ipm_image_node:/home/ivan/Webots_YOLOv8/install/ipm_library:/home/ivan/ros2_ws/install/object_finder_onnx:/home/ivan/ros2_ws/install/object_finder:/home/ivan/ros2_ws/install/my_package:/home/ivan/ros2_ws/install/Webots_YOLOv8:/opt/ros/humble LD_LIBRARY_PATH=/home/ivan/Webots_YOLOv8/install/soccer_vision_attribute_msgs/lib:/home/ivan/Webots_YOLOv8/install/soccer_vision_3d_msgs/lib:/home/ivan/Webots_YOLOv8/install/soccer_vision_2d_msgs/lib:/home/ivan/Webots_YOLOv8/install/soccer_model_msgs/lib:/home/ivan/Webots_YOLOv8/install/soccer_geometry_msgs/lib:/home/ivan/Webots_YOLOv8/install/ipm_interfaces/lib:/home/ivan/ros2_ws/install/edrom_msgs/lib:/opt/ros/humble/opt/rviz_ogre_vendor/lib:/opt/ros/humble/lib/x86_64-linux-gnu:/opt/ros/humble/lib /usr/bin/cmake --install /home/ivan/Webots_YOLOv8/build/soccer_vision_3d_msgs[0m
[3.433s] [34mcolcon.colcon_core.environment[0m [1;30mLevel 1[0m checking '/home/ivan/Webots_YOLOv8/install/soccer_vision_3d_msgs' for CMake config files
[3.435s] [34mcolcon.colcon_core.shell[0m [1;30mLevel 1[0m create_environment_hook('soccer_vision_3d_msgs', 'cmake_prefix_path')
[3.435s] [34mcolcon.colcon_core.shell[0m [1;30mINFO[0m Creating environment hook '/home/ivan/Webots_YOLOv8/install/soccer_vision_3d_msgs/share/soccer_vision_3d_msgs/hook/cmake_prefix_path.ps1'
[3.436s] [34mcolcon.colcon_core.shell[0m [1;30mINFO[0m Creating environment descriptor '/home/ivan/Webots_YOLOv8/install/soccer_vision_3d_msgs/share/soccer_vision_3d_msgs/hook/cmake_prefix_path.dsv'
[3.437s] [34mcolcon.colcon_core.shell[0m [1;30mINFO[0m Creating environment hook '/home/ivan/Webots_YOLOv8/install/soccer_vision_3d_msgs/share/soccer_vision_3d_msgs/hook/cmake_prefix_path.sh'
[3.437s] [34mcolcon.colcon_core.environment[0m [1;30mLevel 1[0m checking '/home/ivan/Webots_YOLOv8/install/soccer_vision_3d_msgs/lib'
[3.437s] [34mcolcon.colcon_core.shell[0m [1;30mLevel 1[0m create_environment_hook('soccer_vision_3d_msgs', 'ld_library_path_lib')
[3.438s] [34mcolcon.colcon_core.shell[0m [1;30mINFO[0m Creating environment hook '/home/ivan/Webots_YOLOv8/install/soccer_vision_3d_msgs/share/soccer_vision_3d_msgs/hook/ld_library_path_lib.ps1'
[3.438s] [34mcolcon.colcon_core.shell[0m [1;30mINFO[0m Creating environment descriptor '/home/ivan/Webots_YOLOv8/install/soccer_vision_3d_msgs/share/soccer_vision_3d_msgs/hook/ld_library_path_lib.dsv'
[3.439s] [34mcolcon.colcon_core.shell[0m [1;30mINFO[0m Creating environment hook '/home/ivan/Webots_YOLOv8/install/soccer_vision_3d_msgs/share/soccer_vision_3d_msgs/hook/ld_library_path_lib.sh'
[3.439s] [34mcolcon.colcon_core.environment[0m [1;30mLevel 1[0m checking '/home/ivan/Webots_YOLOv8/install/soccer_vision_3d_msgs/bin'
[3.439s] [34mcolcon.colcon_core.environment[0m [1;30mLevel 1[0m checking '/home/ivan/Webots_YOLOv8/install/soccer_vision_3d_msgs/lib/pkgconfig/soccer_vision_3d_msgs.pc'
[3.439s] [34mcolcon.colcon_core.environment[0m [1;30mLevel 1[0m checking '/home/ivan/Webots_YOLOv8/install/soccer_vision_3d_msgs/lib/python3.10/site-packages'
[3.440s] [34mcolcon.colcon_core.environment[0m [1;30mLevel 1[0m checking '/home/ivan/Webots_YOLOv8/install/soccer_vision_3d_msgs/bin'
[3.440s] [34mcolcon.colcon_core.shell[0m [1;30mINFO[0m Creating package script '/home/ivan/Webots_YOLOv8/install/soccer_vision_3d_msgs/share/soccer_vision_3d_msgs/package.ps1'
[3.441s] [34mcolcon.colcon_core.shell[0m [1;30mINFO[0m Creating package descriptor '/home/ivan/Webots_YOLOv8/install/soccer_vision_3d_msgs/share/soccer_vision_3d_msgs/package.dsv'
[3.441s] [34mcolcon.colcon_core.shell[0m [1;30mINFO[0m Creating package script '/home/ivan/Webots_YOLOv8/install/soccer_vision_3d_msgs/share/soccer_vision_3d_msgs/package.sh'
[3.442s] [34mcolcon.colcon_core.shell[0m [1;30mINFO[0m Creating package script '/home/ivan/Webots_YOLOv8/install/soccer_vision_3d_msgs/share/soccer_vision_3d_msgs/package.bash'
[3.442s] [34mcolcon.colcon_core.shell[0m [1;30mINFO[0m Creating package script '/home/ivan/Webots_YOLOv8/install/soccer_vision_3d_msgs/share/soccer_vision_3d_msgs/package.zsh'
[3.442s] [34mcolcon.colcon_core.environment[0m [1;30mLevel 1[0m create_file_with_runtime_dependencies(/home/ivan/Webots_YOLOv8/install/soccer_vision_3d_msgs/share/colcon-core/packages/soccer_vision_3d_msgs)
[3.444s] [34mcolcon.colcon_core.environment[0m [1;30mLevel 1[0m create_environment_scripts_only(soccer_vision_3d_msgs)
[3.444s] [34mcolcon.colcon_core.environment[0m [1;30mLevel 1[0m checking '/home/ivan/Webots_YOLOv8/install/soccer_vision_3d_msgs' for CMake module files
[3.446s] [34mcolcon.colcon_core.environment[0m [1;30mLevel 1[0m checking '/home/ivan/Webots_YOLOv8/install/soccer_vision_3d_msgs' for CMake config files
[3.453s] [34mcolcon.colcon_core.shell[0m [1;30mLevel 1[0m create_environment_hook('soccer_vision_3d_msgs', 'cmake_prefix_path')
[3.453s] [34mcolcon.colcon_core.shell[0m [1;30mINFO[0m Creating environment hook '/home/ivan/Webots_YOLOv8/install/soccer_vision_3d_msgs/share/soccer_vision_3d_msgs/hook/cmake_prefix_path.ps1'
[3.455s] [34mcolcon.colcon_core.shell[0m [1;30mINFO[0m Creating environment descriptor '/home/ivan/Webots_YOLOv8/install/soccer_vision_3d_msgs/share/soccer_vision_3d_msgs/hook/cmake_prefix_path.dsv'
[3.456s] [34mcolcon.colcon_core.shell[0m [1;30mINFO[0m Creating environment hook '/home/ivan/Webots_YOLOv8/install/soccer_vision_3d_msgs/share/soccer_vision_3d_msgs/hook/cmake_prefix_path.sh'
[3.458s] [34mcolcon.colcon_core.environment[0m [1;30mLevel 1[0m checking '/home/ivan/Webots_YOLOv8/install/soccer_vision_3d_msgs/lib'
[3.459s] [34mcolcon.colcon_core.shell[0m [1;30mLevel 1[0m create_environment_hook('soccer_vision_3d_msgs', 'ld_library_path_lib')
[3.459s] [34mcolcon.colcon_core.shell[0m [1;30mINFO[0m Creating environment hook '/home/ivan/Webots_YOLOv8/install/soccer_vision_3d_msgs/share/soccer_vision_3d_msgs/hook/ld_library_path_lib.ps1'
[3.460s] [34mcolcon.colcon_core.shell[0m [1;30mINFO[0m Creating environment descriptor '/home/ivan/Webots_YOLOv8/install/soccer_vision_3d_msgs/share/soccer_vision_3d_msgs/hook/ld_library_path_lib.dsv'
[3.460s] [34mcolcon.colcon_core.shell[0m [1;30mINFO[0m Creating environment hook '/home/ivan/Webots_YOLOv8/install/soccer_vision_3d_msgs/share/soccer_vision_3d_msgs/hook/ld_library_path_lib.sh'
[3.461s] [34mcolcon.colcon_core.environment[0m [1;30mLevel 1[0m checking '/home/ivan/Webots_YOLOv8/install/soccer_vision_3d_msgs/bin'
[3.461s] [34mcolcon.colcon_core.environment[0m [1;30mLevel 1[0m checking '/home/ivan/Webots_YOLOv8/install/soccer_vision_3d_msgs/lib/pkgconfig/soccer_vision_3d_msgs.pc'
[3.461s] [34mcolcon.colcon_core.environment[0m [1;30mLevel 1[0m checking '/home/ivan/Webots_YOLOv8/install/soccer_vision_3d_msgs/lib/python3.10/site-packages'
[3.462s] [34mcolcon.colcon_core.environment[0m [1;30mLevel 1[0m checking '/home/ivan/Webots_YOLOv8/install/soccer_vision_3d_msgs/bin'
[3.462s] [34mcolcon.colcon_core.shell[0m [1;30mINFO[0m Creating package script '/home/ivan/Webots_YOLOv8/install/soccer_vision_3d_msgs/share/soccer_vision_3d_msgs/package.ps1'
[3.463s] [34mcolcon.colcon_core.shell[0m [1;30mINFO[0m Creating package descriptor '/home/ivan/Webots_YOLOv8/install/soccer_vision_3d_msgs/share/soccer_vision_3d_msgs/package.dsv'
[3.464s] [34mcolcon.colcon_core.shell[0m [1;30mINFO[0m Creating package script '/home/ivan/Webots_YOLOv8/install/soccer_vision_3d_msgs/share/soccer_vision_3d_msgs/package.sh'
[3.464s] [34mcolcon.colcon_core.shell[0m [1;30mINFO[0m Creating package script '/home/ivan/Webots_YOLOv8/install/soccer_vision_3d_msgs/share/soccer_vision_3d_msgs/package.bash'
[3.465s] [34mcolcon.colcon_core.shell[0m [1;30mINFO[0m Creating package script '/home/ivan/Webots_YOLOv8/install/soccer_vision_3d_msgs/share/soccer_vision_3d_msgs/package.zsh'
[3.465s] [34mcolcon.colcon_core.environment[0m [1;30mLevel 1[0m create_file_with_runtime_dependencies(/home/ivan/Webots_YOLOv8/install/soccer_vision_3d_msgs/share/colcon-core/packages/soccer_vision_3d_msgs)
[3.467s] [34mcolcon.colcon_core.environment[0m [1;30mLevel 1[0m create_environment_scripts_only(soccer_vision_2d_msgs)
[3.467s] [34mcolcon.colcon_core.environment[0m [1;30mLevel 1[0m checking '/home/ivan/Webots_YOLOv8/install/soccer_vision_2d_msgs' for CMake module files
[3.468s] [34mcolcon.colcon_core.event_handler.log_command[0m [1;30mDEBUG[0m [32mInvoked command in '/home/ivan/Webots_YOLOv8/build/soccer_vision_2d_msgs' returned '0': CMAKE_PREFIX_PATH=/home/ivan/Webots_YOLOv8/install/soccer_vision_attribute_msgs:/home/ivan/Webots_YOLOv8/install/soccer_interfaces:/home/ivan/Webots_YOLOv8/install/soccer_vision_3d_msgs:/home/ivan/Webots_YOLOv8/install/soccer_vision_2d_msgs:/home/ivan/Webots_YOLOv8/install/soccer_model_msgs:/home/ivan/Webots_YOLOv8/install/soccer_geometry_msgs:/home/ivan/Webots_YOLOv8/install/ipm_interfaces:/home/ivan/ros2_ws/install/edrom_msgs:/home/ivan/Webots_YOLOv8/install/soccer_ipm:/home/ivan/Webots_YOLOv8/install/Webots_YOLOv8:/home/ivan/Webots_YOLOv8/install/my_package:/home/ivan/Webots_YOLOv8/install/ipm_service:/home/ivan/Webots_YOLOv8/install/ipm_image_node:/home/ivan/Webots_YOLOv8/install/ipm_library:/home/ivan/ros2_ws/install/object_finder_onnx:/home/ivan/ros2_ws/install/object_finder:/home/ivan/ros2_ws/install/my_package:/home/ivan/ros2_ws/install/Webots_YOLOv8:/opt/ros/humble LD_LIBRARY_PATH=/home/ivan/Webots_YOLOv8/install/soccer_vision_attribute_msgs/lib:/home/ivan/Webots_YOLOv8/install/soccer_vision_3d_msgs/lib:/home/ivan/Webots_YOLOv8/install/soccer_vision_2d_msgs/lib:/home/ivan/Webots_YOLOv8/install/soccer_model_msgs/lib:/home/ivan/Webots_YOLOv8/install/soccer_geometry_msgs/lib:/home/ivan/Webots_YOLOv8/install/ipm_interfaces/lib:/home/ivan/ros2_ws/install/edrom_msgs/lib:/opt/ros/humble/opt/rviz_ogre_vendor/lib:/opt/ros/humble/lib/x86_64-linux-gnu:/opt/ros/humble/lib /usr/bin/cmake --install /home/ivan/Webots_YOLOv8/build/soccer_vision_2d_msgs[0m
[3.469s] [34mcolcon.colcon_core.environment[0m [1;30mLevel 1[0m checking '/home/ivan/Webots_YOLOv8/install/soccer_vision_2d_msgs' for CMake config files
[3.470s] [34mcolcon.colcon_core.shell[0m [1;30mLevel 1[0m create_environment_hook('soccer_vision_2d_msgs', 'cmake_prefix_path')
[3.470s] [34mcolcon.colcon_core.shell[0m [1;30mINFO[0m Creating environment hook '/home/ivan/Webots_YOLOv8/install/soccer_vision_2d_msgs/share/soccer_vision_2d_msgs/hook/cmake_prefix_path.ps1'
[3.471s] [34mcolcon.colcon_core.shell[0m [1;30mINFO[0m Creating environment descriptor '/home/ivan/Webots_YOLOv8/install/soccer_vision_2d_msgs/share/soccer_vision_2d_msgs/hook/cmake_prefix_path.dsv'
[3.471s] [34mcolcon.colcon_core.shell[0m [1;30mINFO[0m Creating environment hook '/home/ivan/Webots_YOLOv8/install/soccer_vision_2d_msgs/share/soccer_vision_2d_msgs/hook/cmake_prefix_path.sh'
[3.472s] [34mcolcon.colcon_core.environment[0m [1;30mLevel 1[0m checking '/home/ivan/Webots_YOLOv8/install/soccer_vision_2d_msgs/lib'
[3.472s] [34mcolcon.colcon_core.shell[0m [1;30mLevel 1[0m create_environment_hook('soccer_vision_2d_msgs', 'ld_library_path_lib')
[3.473s] [34mcolcon.colcon_core.shell[0m [1;30mINFO[0m Creating environment hook '/home/ivan/Webots_YOLOv8/install/soccer_vision_2d_msgs/share/soccer_vision_2d_msgs/hook/ld_library_path_lib.ps1'
[3.473s] [34mcolcon.colcon_core.shell[0m [1;30mINFO[0m Creating environment descriptor '/home/ivan/Webots_YOLOv8/install/soccer_vision_2d_msgs/share/soccer_vision_2d_msgs/hook/ld_library_path_lib.dsv'
[3.473s] [34mcolcon.colcon_core.shell[0m [1;30mINFO[0m Creating environment hook '/home/ivan/Webots_YOLOv8/install/soccer_vision_2d_msgs/share/soccer_vision_2d_msgs/hook/ld_library_path_lib.sh'
[3.474s] [34mcolcon.colcon_core.environment[0m [1;30mLevel 1[0m checking '/home/ivan/Webots_YOLOv8/install/soccer_vision_2d_msgs/bin'
[3.474s] [34mcolcon.colcon_core.environment[0m [1;30mLevel 1[0m checking '/home/ivan/Webots_YOLOv8/install/soccer_vision_2d_msgs/lib/pkgconfig/soccer_vision_2d_msgs.pc'
[3.474s] [34mcolcon.colcon_core.environment[0m [1;30mLevel 1[0m checking '/home/ivan/Webots_YOLOv8/install/soccer_vision_2d_msgs/lib/python3.10/site-packages'
[3.474s] [34mcolcon.colcon_core.environment[0m [1;30mLevel 1[0m checking '/home/ivan/Webots_YOLOv8/install/soccer_vision_2d_msgs/bin'
[3.475s] [34mcolcon.colcon_core.shell[0m [1;30mINFO[0m Creating package script '/home/ivan/Webots_YOLOv8/install/soccer_vision_2d_msgs/share/soccer_vision_2d_msgs/package.ps1'
[3.475s] [34mcolcon.colcon_core.shell[0m [1;30mINFO[0m Creating package descriptor '/home/ivan/Webots_YOLOv8/install/soccer_vision_2d_msgs/share/soccer_vision_2d_msgs/package.dsv'
[3.476s] [34mcolcon.colcon_core.shell[0m [1;30mINFO[0m Creating package script '/home/ivan/Webots_YOLOv8/install/soccer_vision_2d_msgs/share/soccer_vision_2d_msgs/package.sh'
[3.476s] [34mcolcon.colcon_core.shell[0m [1;30mINFO[0m Creating package script '/home/ivan/Webots_YOLOv8/install/soccer_vision_2d_msgs/share/soccer_vision_2d_msgs/package.bash'
[3.477s] [34mcolcon.colcon_core.shell[0m [1;30mINFO[0m Creating package script '/home/ivan/Webots_YOLOv8/install/soccer_vision_2d_msgs/share/soccer_vision_2d_msgs/package.zsh'
[3.477s] [34mcolcon.colcon_core.environment[0m [1;30mLevel 1[0m create_file_with_runtime_dependencies(/home/ivan/Webots_YOLOv8/install/soccer_vision_2d_msgs/share/colcon-core/packages/soccer_vision_2d_msgs)
[3.478s] [34mcolcon.colcon_core.environment[0m [1;30mLevel 1[0m create_environment_scripts_only(soccer_vision_2d_msgs)
[3.478s] [34mcolcon.colcon_core.environment[0m [1;30mLevel 1[0m checking '/home/ivan/Webots_YOLOv8/install/soccer_vision_2d_msgs' for CMake module files
[3.479s] [34mcolcon.colcon_core.environment[0m [1;30mLevel 1[0m checking '/home/ivan/Webots_YOLOv8/install/soccer_vision_2d_msgs' for CMake config files
[3.480s] [34mcolcon.colcon_core.shell[0m [1;30mLevel 1[0m create_environment_hook('soccer_vision_2d_msgs', 'cmake_prefix_path')
[3.480s] [34mcolcon.colcon_core.shell[0m [1;30mINFO[0m Creating environment hook '/home/ivan/Webots_YOLOv8/install/soccer_vision_2d_msgs/share/soccer_vision_2d_msgs/hook/cmake_prefix_path.ps1'
[3.481s] [34mcolcon.colcon_core.shell[0m [1;30mINFO[0m Creating environment descriptor '/home/ivan/Webots_YOLOv8/install/soccer_vision_2d_msgs/share/soccer_vision_2d_msgs/hook/cmake_prefix_path.dsv'
[3.481s] [34mcolcon.colcon_core.shell[0m [1;30mINFO[0m Creating environment hook '/home/ivan/Webots_YOLOv8/install/soccer_vision_2d_msgs/share/soccer_vision_2d_msgs/hook/cmake_prefix_path.sh'
[3.482s] [34mcolcon.colcon_core.environment[0m [1;30mLevel 1[0m checking '/home/ivan/Webots_YOLOv8/install/soccer_vision_2d_msgs/lib'
[3.482s] [34mcolcon.colcon_core.shell[0m [1;30mLevel 1[0m create_environment_hook('soccer_vision_2d_msgs', 'ld_library_path_lib')
[3.483s] [34mcolcon.colcon_core.shell[0m [1;30mINFO[0m Creating environment hook '/home/ivan/Webots_YOLOv8/install/soccer_vision_2d_msgs/share/soccer_vision_2d_msgs/hook/ld_library_path_lib.ps1'
[3.483s] [34mcolcon.colcon_core.shell[0m [1;30mINFO[0m Creating environment descriptor '/home/ivan/Webots_YOLOv8/install/soccer_vision_2d_msgs/share/soccer_vision_2d_msgs/hook/ld_library_path_lib.dsv'
[3.483s] [34mcolcon.colcon_core.shell[0m [1;30mINFO[0m Creating environment hook '/home/ivan/Webots_YOLOv8/install/soccer_vision_2d_msgs/share/soccer_vision_2d_msgs/hook/ld_library_path_lib.sh'
[3.484s] [34mcolcon.colcon_core.environment[0m [1;30mLevel 1[0m checking '/home/ivan/Webots_YOLOv8/install/soccer_vision_2d_msgs/bin'
[3.484s] [34mcolcon.colcon_core.environment[0m [1;30mLevel 1[0m checking '/home/ivan/Webots_YOLOv8/install/soccer_vision_2d_msgs/lib/pkgconfig/soccer_vision_2d_msgs.pc'
[3.484s] [34mcolcon.colcon_core.environment[0m [1;30mLevel 1[0m checking '/home/ivan/Webots_YOLOv8/install/soccer_vision_2d_msgs/lib/python3.10/site-packages'
[3.484s] [34mcolcon.colcon_core.environment[0m [1;30mLevel 1[0m checking '/home/ivan/Webots_YOLOv8/install/soccer_vision_2d_msgs/bin'
[3.485s] [34mcolcon.colcon_core.shell[0m [1;30mINFO[0m Creating package script '/home/ivan/Webots_YOLOv8/install/soccer_vision_2d_msgs/share/soccer_vision_2d_msgs/package.ps1'
[3.486s] [34mcolcon.colcon_core.shell[0m [1;30mINFO[0m Creating package descriptor '/home/ivan/Webots_YOLOv8/install/soccer_vision_2d_msgs/share/soccer_vision_2d_msgs/package.dsv'
[3.486s] [34mcolcon.colcon_core.shell[0m [1;30mINFO[0m Creating package script '/home/ivan/Webots_YOLOv8/install/soccer_vision_2d_msgs/share/soccer_vision_2d_msgs/package.sh'
[3.487s] [34mcolcon.colcon_core.shell[0m [1;30mINFO[0m Creating package script '/home/ivan/Webots_YOLOv8/install/soccer_vision_2d_msgs/share/soccer_vision_2d_msgs/package.bash'
[3.487s] [34mcolcon.colcon_core.shell[0m [1;30mINFO[0m Creating package script '/home/ivan/Webots_YOLOv8/install/soccer_vision_2d_msgs/share/soccer_vision_2d_msgs/package.zsh'
[3.488s] [34mcolcon.colcon_core.environment[0m [1;30mLevel 1[0m create_file_with_runtime_dependencies(/home/ivan/Webots_YOLOv8/install/soccer_vision_2d_msgs/share/colcon-core/packages/soccer_vision_2d_msgs)
[3.488s] [34mcolcon.colcon_ros.task.ament_python.build[0m [1;30mINFO[0m Building ROS package in '/home/ivan/Webots_YOLOv8/src/Webots_YOLOv8' with build type 'ament_python'
[3.488s] [34mcolcon.colcon_core.shell[0m [1;30mLevel 1[0m create_environment_hook('Webots_YOLOv8', 'ament_prefix_path')
[3.489s] [34mcolcon.colcon_core.shell[0m [1;30mINFO[0m Creating environment hook '/home/ivan/Webots_YOLOv8/install/Webots_YOLOv8/share/Webots_YOLOv8/hook/ament_prefix_path.ps1'
[3.490s] [34mcolcon.colcon_core.shell[0m [1;30mINFO[0m Creating environment descriptor '/home/ivan/Webots_YOLOv8/install/Webots_YOLOv8/share/Webots_YOLOv8/hook/ament_prefix_path.dsv'
[3.491s] [34mcolcon.colcon_core.shell[0m [1;30mINFO[0m Creating environment hook '/home/ivan/Webots_YOLOv8/install/Webots_YOLOv8/share/Webots_YOLOv8/hook/ament_prefix_path.sh'
[3.492s] [34mcolcon.colcon_core.shell[0m [1;30mINFO[0m Skip shell extension 'powershell' for command environment: Not usable outside of PowerShell
[3.492s] [34mcolcon.colcon_core.shell[0m [1;30mDEBUG[0m [32mSkip shell extension 'dsv' for command environment[0m
[3.498s] [34mcolcon.colcon_ros.task.ament_cmake.build[0m [1;30mINFO[0m Building ROS package in '/home/ivan/Webots_YOLOv8/src/soccer_interfaces/soccer_interfaces' with build type 'ament_cmake'
[3.498s] [34mcolcon.colcon_cmake.task.cmake.build[0m [1;30mINFO[0m Building CMake package in '/home/ivan/Webots_YOLOv8/src/soccer_interfaces/soccer_interfaces'
[3.498s] [34mcolcon.colcon_core.shell[0m [1;30mINFO[0m Skip shell extension 'powershell' for command environment: Not usable outside of PowerShell
[3.498s] [34mcolcon.colcon_core.shell[0m [1;30mDEBUG[0m [32mSkip shell extension 'dsv' for command environment[0m
[3.898s] [34mcolcon.colcon_ros.task.ament_python.build[0m [1;30mWARNING[0m [33mPackage 'Webots_YOLOv8' doesn't explicitly install a marker in the package index (colcon-ros currently does it implicitly but that fallback will be removed in the future)[0m
[3.898s] [34mcolcon.colcon_core.task.python.build[0m [1;30mINFO[0m Building Python package in '/home/ivan/Webots_YOLOv8/src/Webots_YOLOv8'
[3.898s] [34mcolcon.colcon_core.shell[0m [1;30mINFO[0m Skip shell extension 'powershell' for command environment: Not usable outside of PowerShell
[3.898s] [34mcolcon.colcon_core.shell[0m [1;30mDEBUG[0m [32mSkip shell extension 'dsv' for command environment[0m
[3.910s] [34mcolcon.colcon_core.environment[0m [1;30mLevel 1[0m checking '/home/ivan/Webots_YOLOv8/install/ipm_library' for CMake module files
[3.912s] [34mcolcon.colcon_core.event_handler.log_command[0m [1;30mDEBUG[0m [32mInvoking command in '/home/ivan/Webots_YOLOv8/build/soccer_interfaces': CMAKE_PREFIX_PATH=/home/ivan/Webots_YOLOv8/install/soccer_vision_3d_msgs:/home/ivan/Webots_YOLOv8/install/soccer_vision_2d_msgs:/home/ivan/Webots_YOLOv8/install/soccer_vision_attribute_msgs:/home/ivan/Webots_YOLOv8/install/soccer_interfaces:/home/ivan/Webots_YOLOv8/install/soccer_model_msgs:/home/ivan/Webots_YOLOv8/install/soccer_geometry_msgs:/home/ivan/Webots_YOLOv8/install/ipm_interfaces:/home/ivan/ros2_ws/install/edrom_msgs:/home/ivan/Webots_YOLOv8/install/soccer_ipm:/home/ivan/Webots_YOLOv8/install/Webots_YOLOv8:/home/ivan/Webots_YOLOv8/install/my_package:/home/ivan/Webots_YOLOv8/install/ipm_service:/home/ivan/Webots_YOLOv8/install/ipm_image_node:/home/ivan/Webots_YOLOv8/install/ipm_library:/home/ivan/ros2_ws/install/object_finder_onnx:/home/ivan/ros2_ws/install/object_finder:/home/ivan/ros2_ws/install/my_package:/home/ivan/ros2_ws/install/Webots_YOLOv8:/opt/ros/humble LD_LIBRARY_PATH=/home/ivan/Webots_YOLOv8/install/soccer_vision_3d_msgs/lib:/home/ivan/Webots_YOLOv8/install/soccer_vision_2d_msgs/lib:/home/ivan/Webots_YOLOv8/install/soccer_vision_attribute_msgs/lib:/home/ivan/Webots_YOLOv8/install/soccer_model_msgs/lib:/home/ivan/Webots_YOLOv8/install/soccer_geometry_msgs/lib:/home/ivan/Webots_YOLOv8/install/ipm_interfaces/lib:/home/ivan/ros2_ws/install/edrom_msgs/lib:/opt/ros/humble/opt/rviz_ogre_vendor/lib:/opt/ros/humble/lib/x86_64-linux-gnu:/opt/ros/humble/lib /usr/bin/cmake --build /home/ivan/Webots_YOLOv8/build/soccer_interfaces -- -j12 -l12[0m
[3.912s] [34mcolcon.colcon_core.event_handler.log_command[0m [1;30mDEBUG[0m [32mInvoked command in '/home/ivan/Webots_YOLOv8/src/ipm/ipm_library' returned '0': CMAKE_PREFIX_PATH=/home/ivan/Webots_YOLOv8/install/ipm_interfaces:/home/ivan/Webots_YOLOv8/install/soccer_interfaces:/home/ivan/Webots_YOLOv8/install/soccer_vision_3d_msgs:/home/ivan/Webots_YOLOv8/install/soccer_vision_2d_msgs:/home/ivan/Webots_YOLOv8/install/soccer_model_msgs:/home/ivan/Webots_YOLOv8/install/soccer_vision_attribute_msgs:/home/ivan/Webots_YOLOv8/install/soccer_geometry_msgs:/home/ivan/ros2_ws/install/edrom_msgs LD_LIBRARY_PATH=/home/ivan/Webots_YOLOv8/install/ipm_interfaces/lib:/home/ivan/Webots_YOLOv8/install/soccer_vision_3d_msgs/lib:/home/ivan/Webots_YOLOv8/install/soccer_vision_2d_msgs/lib:/home/ivan/Webots_YOLOv8/install/soccer_model_msgs/lib:/home/ivan/Webots_YOLOv8/install/soccer_vision_attribute_msgs/lib:/home/ivan/Webots_YOLOv8/install/soccer_geometry_msgs/lib:/home/ivan/ros2_ws/install/edrom_msgs/lib:/opt/ros/humble/opt/rviz_ogre_vendor/lib:/opt/ros/humble/lib/x86_64-linux-gnu:/opt/ros/humble/lib PYTHONPATH=/home/ivan/Webots_YOLOv8/build/ipm_library/prefix_override:/usr/lib/python3/dist-packages/colcon_core/task/python/colcon_distutils_commands:/home/ivan/Webots_YOLOv8/install/ipm_library/lib/python3.10/site-packages:${PYTHONPATH} /usr/bin/python3 -W ignore:setup.py install is deprecated -W ignore:easy_install command is deprecated setup.py egg_info --egg-base ../../../build/ipm_library build --build-base /home/ivan/Webots_YOLOv8/build/ipm_library/build install --record /home/ivan/Webots_YOLOv8/build/ipm_library/install.log --single-version-externally-managed install_data[0m
[3.912s] [34mcolcon.colcon_core.environment[0m [1;30mLevel 1[0m checking '/home/ivan/Webots_YOLOv8/install/ipm_library' for CMake config files
[3.913s] [34mcolcon.colcon_core.environment[0m [1;30mLevel 1[0m checking '/home/ivan/Webots_YOLOv8/install/ipm_library/lib'
[3.913s] [34mcolcon.colcon_core.environment[0m [1;30mLevel 1[0m checking '/home/ivan/Webots_YOLOv8/install/ipm_library/bin'
[3.913s] [34mcolcon.colcon_core.environment[0m [1;30mLevel 1[0m checking '/home/ivan/Webots_YOLOv8/install/ipm_library/lib/pkgconfig/ipm_library.pc'
[3.914s] [34mcolcon.colcon_core.environment[0m [1;30mLevel 1[0m checking '/home/ivan/Webots_YOLOv8/install/ipm_library/lib/python3.10/site-packages'
[3.914s] [34mcolcon.colcon_core.shell[0m [1;30mLevel 1[0m create_environment_hook('ipm_library', 'pythonpath')
[3.914s] [34mcolcon.colcon_core.shell[0m [1;30mINFO[0m Creating environment hook '/home/ivan/Webots_YOLOv8/install/ipm_library/share/ipm_library/hook/pythonpath.ps1'
[3.915s] [34mcolcon.colcon_core.shell[0m [1;30mINFO[0m Creating environment descriptor '/home/ivan/Webots_YOLOv8/install/ipm_library/share/ipm_library/hook/pythonpath.dsv'
[3.915s] [34mcolcon.colcon_core.shell[0m [1;30mINFO[0m Creating environment hook '/home/ivan/Webots_YOLOv8/install/ipm_library/share/ipm_library/hook/pythonpath.sh'
[3.916s] [34mcolcon.colcon_core.environment[0m [1;30mLevel 1[0m checking '/home/ivan/Webots_YOLOv8/install/ipm_library/bin'
[3.916s] [34mcolcon.colcon_core.environment[0m [1;30mLevel 1[0m create_environment_scripts_only(ipm_library)
[3.916s] [34mcolcon.colcon_core.shell[0m [1;30mINFO[0m Creating package script '/home/ivan/Webots_YOLOv8/install/ipm_library/share/ipm_library/package.ps1'
[3.917s] [34mcolcon.colcon_core.shell[0m [1;30mINFO[0m Creating package descriptor '/home/ivan/Webots_YOLOv8/install/ipm_library/share/ipm_library/package.dsv'
[3.918s] [34mcolcon.colcon_core.shell[0m [1;30mINFO[0m Creating package script '/home/ivan/Webots_YOLOv8/install/ipm_library/share/ipm_library/package.sh'
[3.918s] [34mcolcon.colcon_core.shell[0m [1;30mINFO[0m Creating package script '/home/ivan/Webots_YOLOv8/install/ipm_library/share/ipm_library/package.bash'
[3.919s] [34mcolcon.colcon_core.shell[0m [1;30mINFO[0m Creating package script '/home/ivan/Webots_YOLOv8/install/ipm_library/share/ipm_library/package.zsh'
[3.919s] [34mcolcon.colcon_core.environment[0m [1;30mLevel 1[0m create_file_with_runtime_dependencies(/home/ivan/Webots_YOLOv8/install/ipm_library/share/colcon-core/packages/ipm_library)
[3.921s] [34mcolcon.colcon_ros.task.ament_python.build[0m [1;30mINFO[0m Building ROS package in '/home/ivan/Webots_YOLOv8/src/ipm/ipm_image_node' with build type 'ament_python'
[3.921s] [34mcolcon.colcon_core.shell[0m [1;30mLevel 1[0m create_environment_hook('ipm_image_node', 'ament_prefix_path')
[3.922s] [34mcolcon.colcon_core.shell[0m [1;30mINFO[0m Creating environment hook '/home/ivan/Webots_YOLOv8/install/ipm_image_node/share/ipm_image_node/hook/ament_prefix_path.ps1'
[3.922s] [34mcolcon.colcon_core.shell[0m [1;30mINFO[0m Creating environment descriptor '/home/ivan/Webots_YOLOv8/install/ipm_image_node/share/ipm_image_node/hook/ament_prefix_path.dsv'
[3.923s] [34mcolcon.colcon_core.shell[0m [1;30mINFO[0m Creating environment hook '/home/ivan/Webots_YOLOv8/install/ipm_image_node/share/ipm_image_node/hook/ament_prefix_path.sh'
[3.924s] [34mcolcon.colcon_core.shell[0m [1;30mINFO[0m Skip shell extension 'powershell' for command environment: Not usable outside of PowerShell
[3.924s] [34mcolcon.colcon_core.shell[0m [1;30mDEBUG[0m [32mSkip shell extension 'dsv' for command environment[0m
[3.930s] [34mcolcon.colcon_ros.task.ament_python.build[0m [1;30mINFO[0m Building ROS package in '/home/ivan/Webots_YOLOv8/src/ipm/ipm_service' with build type 'ament_python'
[3.930s] [34mcolcon.colcon_core.shell[0m [1;30mLevel 1[0m create_environment_hook('ipm_service', 'ament_prefix_path')
[3.931s] [34mcolcon.colcon_core.shell[0m [1;30mINFO[0m Creating environment hook '/home/ivan/Webots_YOLOv8/install/ipm_service/share/ipm_service/hook/ament_prefix_path.ps1'
[3.931s] [34mcolcon.colcon_core.shell[0m [1;30mINFO[0m Creating environment descriptor '/home/ivan/Webots_YOLOv8/install/ipm_service/share/ipm_service/hook/ament_prefix_path.dsv'
[3.932s] [34mcolcon.colcon_core.shell[0m [1;30mINFO[0m Creating environment hook '/home/ivan/Webots_YOLOv8/install/ipm_service/share/ipm_service/hook/ament_prefix_path.sh'
[3.932s] [34mcolcon.colcon_core.shell[0m [1;30mINFO[0m Skip shell extension 'powershell' for command environment: Not usable outside of PowerShell
[3.933s] [34mcolcon.colcon_core.shell[0m [1;30mDEBUG[0m [32mSkip shell extension 'dsv' for command environment[0m
[3.939s] [34mcolcon.colcon_ros.task.ament_python.build[0m [1;30mINFO[0m Building ROS package in '/home/ivan/Webots_YOLOv8/src/soccer_ipm/soccer_ipm' with build type 'ament_python'
[3.939s] [34mcolcon.colcon_core.shell[0m [1;30mLevel 1[0m create_environment_hook('soccer_ipm', 'ament_prefix_path')
[3.939s] [34mcolcon.colcon_core.shell[0m [1;30mINFO[0m Creating environment hook '/home/ivan/Webots_YOLOv8/install/soccer_ipm/share/soccer_ipm/hook/ament_prefix_path.ps1'
[3.940s] [34mcolcon.colcon_core.shell[0m [1;30mINFO[0m Creating environment descriptor '/home/ivan/Webots_YOLOv8/install/soccer_ipm/share/soccer_ipm/hook/ament_prefix_path.dsv'
[3.941s] [34mcolcon.colcon_core.shell[0m [1;30mINFO[0m Creating environment hook '/home/ivan/Webots_YOLOv8/install/soccer_ipm/share/soccer_ipm/hook/ament_prefix_path.sh'
[3.942s] [34mcolcon.colcon_core.shell[0m [1;30mINFO[0m Skip shell extension 'powershell' for command environment: Not usable outside of PowerShell
[3.942s] [34mcolcon.colcon_core.shell[0m [1;30mDEBUG[0m [32mSkip shell extension 'dsv' for command environment[0m
[4.353s] [34mcolcon.colcon_core.task.python.build[0m [1;30mINFO[0m Building Python package in '/home/ivan/Webots_YOLOv8/src/ipm/ipm_image_node'
[4.354s] [34mcolcon.colcon_core.shell[0m [1;30mINFO[0m Skip shell extension 'powershell' for command environment: Not usable outside of PowerShell
[4.354s] [34mcolcon.colcon_core.shell[0m [1;30mDEBUG[0m [32mSkip shell extension 'dsv' for command environment[0m
[4.741s] [34mcolcon.colcon_core.task.python.build[0m [1;30mINFO[0m Building Python package in '/home/ivan/Webots_YOLOv8/src/ipm/ipm_service'
[4.742s] [34mcolcon.colcon_core.shell[0m [1;30mINFO[0m Skip shell extension 'powershell' for command environment: Not usable outside of PowerShell
[4.742s] [34mcolcon.colcon_core.shell[0m [1;30mDEBUG[0m [32mSkip shell extension 'dsv' for command environment[0m
[5.132s] [34mcolcon.colcon_core.task.python.build[0m [1;30mINFO[0m Building Python package in '/home/ivan/Webots_YOLOv8/src/soccer_ipm/soccer_ipm'
[5.132s] [34mcolcon.colcon_core.shell[0m [1;30mINFO[0m Skip shell extension 'powershell' for command environment: Not usable outside of PowerShell
[5.132s] [34mcolcon.colcon_core.shell[0m [1;30mDEBUG[0m [32mSkip shell extension 'dsv' for command environment[0m
[5.143s] [34mcolcon.colcon_core.event_handler.log_command[0m [1;30mDEBUG[0m [32mInvoking command in '/home/ivan/Webots_YOLOv8/src/Webots_YOLOv8': CMAKE_PREFIX_PATH=/home/ivan/Webots_YOLOv8/install/soccer_vision_2d_msgs:/home/ivan/Webots_YOLOv8/install/soccer_vision_attribute_msgs:/home/ivan/Webots_YOLOv8/install/soccer_interfaces:/home/ivan/Webots_YOLOv8/install/soccer_vision_3d_msgs:/home/ivan/Webots_YOLOv8/install/soccer_model_msgs:/home/ivan/Webots_YOLOv8/install/soccer_geometry_msgs:/home/ivan/Webots_YOLOv8/install/ipm_interfaces:/home/ivan/ros2_ws/install/edrom_msgs LD_LIBRARY_PATH=/home/ivan/Webots_YOLOv8/install/soccer_vision_2d_msgs/lib:/home/ivan/Webots_YOLOv8/install/soccer_vision_attribute_msgs/lib:/home/ivan/Webots_YOLOv8/install/soccer_vision_3d_msgs/lib:/home/ivan/Webots_YOLOv8/install/soccer_model_msgs/lib:/home/ivan/Webots_YOLOv8/install/soccer_geometry_msgs/lib:/home/ivan/Webots_YOLOv8/install/ipm_interfaces/lib:/home/ivan/ros2_ws/install/edrom_msgs/lib:/opt/ros/humble/opt/rviz_ogre_vendor/lib:/opt/ros/humble/lib/x86_64-linux-gnu:/opt/ros/humble/lib PYTHONPATH=/home/ivan/Webots_YOLOv8/build/Webots_YOLOv8/prefix_override:/usr/lib/python3/dist-packages/colcon_core/task/python/colcon_distutils_commands:/home/ivan/Webots_YOLOv8/install/Webots_YOLOv8/lib/python3.10/site-packages:${PYTHONPATH} /usr/bin/python3 -W ignore:setup.py install is deprecated -W ignore:easy_install command is deprecated setup.py egg_info --egg-base ../../build/Webots_YOLOv8 build --build-base /home/ivan/Webots_YOLOv8/build/Webots_YOLOv8/build install --record /home/ivan/Webots_YOLOv8/build/Webots_YOLOv8/install.log --single-version-externally-managed install_data[0m
[5.146s] [34mcolcon.colcon_core.event_handler.log_command[0m [1;30mDEBUG[0m [32mInvoked command in '/home/ivan/Webots_YOLOv8/build/soccer_interfaces' returned '0': CMAKE_PREFIX_PATH=/home/ivan/Webots_YOLOv8/install/soccer_vision_3d_msgs:/home/ivan/Webots_YOLOv8/install/soccer_vision_2d_msgs:/home/ivan/Webots_YOLOv8/install/soccer_vision_attribute_msgs:/home/ivan/Webots_YOLOv8/install/soccer_interfaces:/home/ivan/Webots_YOLOv8/install/soccer_model_msgs:/home/ivan/Webots_YOLOv8/install/soccer_geometry_msgs:/home/ivan/Webots_YOLOv8/install/ipm_interfaces:/home/ivan/ros2_ws/install/edrom_msgs:/home/ivan/Webots_YOLOv8/install/soccer_ipm:/home/ivan/Webots_YOLOv8/install/Webots_YOLOv8:/home/ivan/Webots_YOLOv8/install/my_package:/home/ivan/Webots_YOLOv8/install/ipm_service:/home/ivan/Webots_YOLOv8/install/ipm_image_node:/home/ivan/Webots_YOLOv8/install/ipm_library:/home/ivan/ros2_ws/install/object_finder_onnx:/home/ivan/ros2_ws/install/object_finder:/home/ivan/ros2_ws/install/my_package:/home/ivan/ros2_ws/install/Webots_YOLOv8:/opt/ros/humble LD_LIBRARY_PATH=/home/ivan/Webots_YOLOv8/install/soccer_vision_3d_msgs/lib:/home/ivan/Webots_YOLOv8/install/soccer_vision_2d_msgs/lib:/home/ivan/Webots_YOLOv8/install/soccer_vision_attribute_msgs/lib:/home/ivan/Webots_YOLOv8/install/soccer_model_msgs/lib:/home/ivan/Webots_YOLOv8/install/soccer_geometry_msgs/lib:/home/ivan/Webots_YOLOv8/install/ipm_interfaces/lib:/home/ivan/ros2_ws/install/edrom_msgs/lib:/opt/ros/humble/opt/rviz_ogre_vendor/lib:/opt/ros/humble/lib/x86_64-linux-gnu:/opt/ros/humble/lib /usr/bin/cmake --build /home/ivan/Webots_YOLOv8/build/soccer_interfaces -- -j12 -l12[0m
[5.150s] [34mcolcon.colcon_core.event_handler.log_command[0m [1;30mDEBUG[0m [32mInvoking command in '/home/ivan/Webots_YOLOv8/build/soccer_interfaces': CMAKE_PREFIX_PATH=/home/ivan/Webots_YOLOv8/install/soccer_vision_3d_msgs:/home/ivan/Webots_YOLOv8/install/soccer_vision_2d_msgs:/home/ivan/Webots_YOLOv8/install/soccer_vision_attribute_msgs:/home/ivan/Webots_YOLOv8/install/soccer_interfaces:/home/ivan/Webots_YOLOv8/install/soccer_model_msgs:/home/ivan/Webots_YOLOv8/install/soccer_geometry_msgs:/home/ivan/Webots_YOLOv8/install/ipm_interfaces:/home/ivan/ros2_ws/install/edrom_msgs:/home/ivan/Webots_YOLOv8/install/soccer_ipm:/home/ivan/Webots_YOLOv8/install/Webots_YOLOv8:/home/ivan/Webots_YOLOv8/install/my_package:/home/ivan/Webots_YOLOv8/install/ipm_service:/home/ivan/Webots_YOLOv8/install/ipm_image_node:/home/ivan/Webots_YOLOv8/install/ipm_library:/home/ivan/ros2_ws/install/object_finder_onnx:/home/ivan/ros2_ws/install/object_finder:/home/ivan/ros2_ws/install/my_package:/home/ivan/ros2_ws/install/Webots_YOLOv8:/opt/ros/humble LD_LIBRARY_PATH=/home/ivan/Webots_YOLOv8/install/soccer_vision_3d_msgs/lib:/home/ivan/Webots_YOLOv8/install/soccer_vision_2d_msgs/lib:/home/ivan/Webots_YOLOv8/install/soccer_vision_attribute_msgs/lib:/home/ivan/Webots_YOLOv8/install/soccer_model_msgs/lib:/home/ivan/Webots_YOLOv8/install/soccer_geometry_msgs/lib:/home/ivan/Webots_YOLOv8/install/ipm_interfaces/lib:/home/ivan/ros2_ws/install/edrom_msgs/lib:/opt/ros/humble/opt/rviz_ogre_vendor/lib:/opt/ros/humble/lib/x86_64-linux-gnu:/opt/ros/humble/lib /usr/bin/cmake --install /home/ivan/Webots_YOLOv8/build/soccer_interfaces[0m
[5.168s] [34mcolcon.colcon_core.environment[0m [1;30mLevel 1[0m create_environment_scripts_only(soccer_interfaces)
[5.169s] [34mcolcon.colcon_core.environment[0m [1;30mLevel 1[0m checking '/home/ivan/Webots_YOLOv8/install/soccer_interfaces' for CMake module files
[5.170s] [34mcolcon.colcon_core.event_handler.log_command[0m [1;30mDEBUG[0m [32mInvoked command in '/home/ivan/Webots_YOLOv8/build/soccer_interfaces' returned '0': CMAKE_PREFIX_PATH=/home/ivan/Webots_YOLOv8/install/soccer_vision_3d_msgs:/home/ivan/Webots_YOLOv8/install/soccer_vision_2d_msgs:/home/ivan/Webots_YOLOv8/install/soccer_vision_attribute_msgs:/home/ivan/Webots_YOLOv8/install/soccer_interfaces:/home/ivan/Webots_YOLOv8/install/soccer_model_msgs:/home/ivan/Webots_YOLOv8/install/soccer_geometry_msgs:/home/ivan/Webots_YOLOv8/install/ipm_interfaces:/home/ivan/ros2_ws/install/edrom_msgs:/home/ivan/Webots_YOLOv8/install/soccer_ipm:/home/ivan/Webots_YOLOv8/install/Webots_YOLOv8:/home/ivan/Webots_YOLOv8/install/my_package:/home/ivan/Webots_YOLOv8/install/ipm_service:/home/ivan/Webots_YOLOv8/install/ipm_image_node:/home/ivan/Webots_YOLOv8/install/ipm_library:/home/ivan/ros2_ws/install/object_finder_onnx:/home/ivan/ros2_ws/install/object_finder:/home/ivan/ros2_ws/install/my_package:/home/ivan/ros2_ws/install/Webots_YOLOv8:/opt/ros/humble LD_LIBRARY_PATH=/home/ivan/Webots_YOLOv8/install/soccer_vision_3d_msgs/lib:/home/ivan/Webots_YOLOv8/install/soccer_vision_2d_msgs/lib:/home/ivan/Webots_YOLOv8/install/soccer_vision_attribute_msgs/lib:/home/ivan/Webots_YOLOv8/install/soccer_model_msgs/lib:/home/ivan/Webots_YOLOv8/install/soccer_geometry_msgs/lib:/home/ivan/Webots_YOLOv8/install/ipm_interfaces/lib:/home/ivan/ros2_ws/install/edrom_msgs/lib:/opt/ros/humble/opt/rviz_ogre_vendor/lib:/opt/ros/humble/lib/x86_64-linux-gnu:/opt/ros/humble/lib /usr/bin/cmake --install /home/ivan/Webots_YOLOv8/build/soccer_interfaces[0m
[5.170s] [34mcolcon.colcon_core.environment[0m [1;30mLevel 1[0m checking '/home/ivan/Webots_YOLOv8/install/soccer_interfaces' for CMake config files
[5.171s] [34mcolcon.colcon_core.shell[0m [1;30mLevel 1[0m create_environment_hook('soccer_interfaces', 'cmake_prefix_path')
[5.171s] [34mcolcon.colcon_core.shell[0m [1;30mINFO[0m Creating environment hook '/home/ivan/Webots_YOLOv8/install/soccer_interfaces/share/soccer_interfaces/hook/cmake_prefix_path.ps1'
[5.172s] [34mcolcon.colcon_core.shell[0m [1;30mINFO[0m Creating environment descriptor '/home/ivan/Webots_YOLOv8/install/soccer_interfaces/share/soccer_interfaces/hook/cmake_prefix_path.dsv'
[5.173s] [34mcolcon.colcon_core.shell[0m [1;30mINFO[0m Creating environment hook '/home/ivan/Webots_YOLOv8/install/soccer_interfaces/share/soccer_interfaces/hook/cmake_prefix_path.sh'
[5.174s] [34mcolcon.colcon_core.environment[0m [1;30mLevel 1[0m checking '/home/ivan/Webots_YOLOv8/install/soccer_interfaces/bin'
[5.174s] [34mcolcon.colcon_core.environment[0m [1;30mLevel 1[0m checking '/home/ivan/Webots_YOLOv8/install/soccer_interfaces/lib/pkgconfig/soccer_interfaces.pc'
[5.174s] [34mcolcon.colcon_core.environment[0m [1;30mLevel 1[0m checking '/home/ivan/Webots_YOLOv8/install/soccer_interfaces/lib/python3.10/site-packages'
[5.174s] [34mcolcon.colcon_core.environment[0m [1;30mLevel 1[0m checking '/home/ivan/Webots_YOLOv8/install/soccer_interfaces/bin'
[5.175s] [34mcolcon.colcon_core.shell[0m [1;30mINFO[0m Creating package script '/home/ivan/Webots_YOLOv8/install/soccer_interfaces/share/soccer_interfaces/package.ps1'
[5.176s] [34mcolcon.colcon_core.shell[0m [1;30mINFO[0m Creating package descriptor '/home/ivan/Webots_YOLOv8/install/soccer_interfaces/share/soccer_interfaces/package.dsv'
[5.176s] [34mcolcon.colcon_core.shell[0m [1;30mINFO[0m Creating package script '/home/ivan/Webots_YOLOv8/install/soccer_interfaces/share/soccer_interfaces/package.sh'
[5.177s] [34mcolcon.colcon_core.shell[0m [1;30mINFO[0m Creating package script '/home/ivan/Webots_YOLOv8/install/soccer_interfaces/share/soccer_interfaces/package.bash'
[5.178s] [34mcolcon.colcon_core.shell[0m [1;30mINFO[0m Creating package script '/home/ivan/Webots_YOLOv8/install/soccer_interfaces/share/soccer_interfaces/package.zsh'
[5.178s] [34mcolcon.colcon_core.environment[0m [1;30mLevel 1[0m create_file_with_runtime_dependencies(/home/ivan/Webots_YOLOv8/install/soccer_interfaces/share/colcon-core/packages/soccer_interfaces)
[5.180s] [34mcolcon.colcon_core.environment[0m [1;30mLevel 1[0m create_environment_scripts_only(soccer_interfaces)
[5.180s] [34mcolcon.colcon_core.environment[0m [1;30mLevel 1[0m checking '/home/ivan/Webots_YOLOv8/install/soccer_interfaces' for CMake module files
[5.181s] [34mcolcon.colcon_core.environment[0m [1;30mLevel 1[0m checking '/home/ivan/Webots_YOLOv8/install/soccer_interfaces' for CMake config files
[5.181s] [34mcolcon.colcon_core.shell[0m [1;30mLevel 1[0m create_environment_hook('soccer_interfaces', 'cmake_prefix_path')
[5.182s] [34mcolcon.colcon_core.shell[0m [1;30mINFO[0m Creating environment hook '/home/ivan/Webots_YOLOv8/install/soccer_interfaces/share/soccer_interfaces/hook/cmake_prefix_path.ps1'
[5.182s] [34mcolcon.colcon_core.shell[0m [1;30mINFO[0m Creating environment descriptor '/home/ivan/Webots_YOLOv8/install/soccer_interfaces/share/soccer_interfaces/hook/cmake_prefix_path.dsv'
[5.183s] [34mcolcon.colcon_core.shell[0m [1;30mINFO[0m Creating environment hook '/home/ivan/Webots_YOLOv8/install/soccer_interfaces/share/soccer_interfaces/hook/cmake_prefix_path.sh'
[5.184s] [34mcolcon.colcon_core.environment[0m [1;30mLevel 1[0m checking '/home/ivan/Webots_YOLOv8/install/soccer_interfaces/bin'
[5.184s] [34mcolcon.colcon_core.environment[0m [1;30mLevel 1[0m checking '/home/ivan/Webots_YOLOv8/install/soccer_interfaces/lib/pkgconfig/soccer_interfaces.pc'
[5.184s] [34mcolcon.colcon_core.environment[0m [1;30mLevel 1[0m checking '/home/ivan/Webots_YOLOv8/install/soccer_interfaces/lib/python3.10/site-packages'
[5.184s] [34mcolcon.colcon_core.environment[0m [1;30mLevel 1[0m checking '/home/ivan/Webots_YOLOv8/install/soccer_interfaces/bin'
[5.185s] [34mcolcon.colcon_core.shell[0m [1;30mINFO[0m Creating package script '/home/ivan/Webots_YOLOv8/install/soccer_interfaces/share/soccer_interfaces/package.ps1'
[5.186s] [34mcolcon.colcon_core.shell[0m [1;30mINFO[0m Creating package descriptor '/home/ivan/Webots_YOLOv8/install/soccer_interfaces/share/soccer_interfaces/package.dsv'
[5.187s] [34mcolcon.colcon_core.shell[0m [1;30mINFO[0m Creating package script '/home/ivan/Webots_YOLOv8/install/soccer_interfaces/share/soccer_interfaces/package.sh'
[5.188s] [34mcolcon.colcon_core.shell[0m [1;30mINFO[0m Creating package script '/home/ivan/Webots_YOLOv8/install/soccer_interfaces/share/soccer_interfaces/package.bash'
[5.189s] [34mcolcon.colcon_core.shell[0m [1;30mINFO[0m Creating package script '/home/ivan/Webots_YOLOv8/install/soccer_interfaces/share/soccer_interfaces/package.zsh'
[5.190s] [34mcolcon.colcon_core.environment[0m [1;30mLevel 1[0m create_file_with_runtime_dependencies(/home/ivan/Webots_YOLOv8/install/soccer_interfaces/share/colcon-core/packages/soccer_interfaces)
[5.575s] [34mcolcon.colcon_core.environment[0m [1;30mLevel 1[0m checking '/home/ivan/Webots_YOLOv8/install/Webots_YOLOv8' for CMake module files
[5.577s] [34mcolcon.colcon_core.event_handler.log_command[0m [1;30mDEBUG[0m [32mInvoked command in '/home/ivan/Webots_YOLOv8/src/Webots_YOLOv8' returned '0': CMAKE_PREFIX_PATH=/home/ivan/Webots_YOLOv8/install/soccer_vision_2d_msgs:/home/ivan/Webots_YOLOv8/install/soccer_vision_attribute_msgs:/home/ivan/Webots_YOLOv8/install/soccer_interfaces:/home/ivan/Webots_YOLOv8/install/soccer_vision_3d_msgs:/home/ivan/Webots_YOLOv8/install/soccer_model_msgs:/home/ivan/Webots_YOLOv8/install/soccer_geometry_msgs:/home/ivan/Webots_YOLOv8/install/ipm_interfaces:/home/ivan/ros2_ws/install/edrom_msgs LD_LIBRARY_PATH=/home/ivan/Webots_YOLOv8/install/soccer_vision_2d_msgs/lib:/home/ivan/Webots_YOLOv8/install/soccer_vision_attribute_msgs/lib:/home/ivan/Webots_YOLOv8/install/soccer_vision_3d_msgs/lib:/home/ivan/Webots_YOLOv8/install/soccer_model_msgs/lib:/home/ivan/Webots_YOLOv8/install/soccer_geometry_msgs/lib:/home/ivan/Webots_YOLOv8/install/ipm_interfaces/lib:/home/ivan/ros2_ws/install/edrom_msgs/lib:/opt/ros/humble/opt/rviz_ogre_vendor/lib:/opt/ros/humble/lib/x86_64-linux-gnu:/opt/ros/humble/lib PYTHONPATH=/home/ivan/Webots_YOLOv8/build/Webots_YOLOv8/prefix_override:/usr/lib/python3/dist-packages/colcon_core/task/python/colcon_distutils_commands:/home/ivan/Webots_YOLOv8/install/Webots_YOLOv8/lib/python3.10/site-packages:${PYTHONPATH} /usr/bin/python3 -W ignore:setup.py install is deprecated -W ignore:easy_install command is deprecated setup.py egg_info --egg-base ../../build/Webots_YOLOv8 build --build-base /home/ivan/Webots_YOLOv8/build/Webots_YOLOv8/build install --record /home/ivan/Webots_YOLOv8/build/Webots_YOLOv8/install.log --single-version-externally-managed install_data[0m
[5.577s] [34mcolcon.colcon_core.environment[0m [1;30mLevel 1[0m checking '/home/ivan/Webots_YOLOv8/install/Webots_YOLOv8' for CMake config files
[5.578s] [34mcolcon.colcon_core.environment[0m [1;30mLevel 1[0m checking '/home/ivan/Webots_YOLOv8/install/Webots_YOLOv8/lib'
[5.578s] [34mcolcon.colcon_core.environment[0m [1;30mLevel 1[0m checking '/home/ivan/Webots_YOLOv8/install/Webots_YOLOv8/bin'
[5.578s] [34mcolcon.colcon_core.environment[0m [1;30mLevel 1[0m checking '/home/ivan/Webots_YOLOv8/install/Webots_YOLOv8/lib/pkgconfig/Webots_YOLOv8.pc'
[5.579s] [34mcolcon.colcon_core.environment[0m [1;30mLevel 1[0m checking '/home/ivan/Webots_YOLOv8/install/Webots_YOLOv8/lib/python3.10/site-packages'
[5.579s] [34mcolcon.colcon_core.shell[0m [1;30mLevel 1[0m create_environment_hook('Webots_YOLOv8', 'pythonpath')
[5.579s] [34mcolcon.colcon_core.shell[0m [1;30mINFO[0m Creating environment hook '/home/ivan/Webots_YOLOv8/install/Webots_YOLOv8/share/Webots_YOLOv8/hook/pythonpath.ps1'
[5.580s] [34mcolcon.colcon_core.shell[0m [1;30mINFO[0m Creating environment descriptor '/home/ivan/Webots_YOLOv8/install/Webots_YOLOv8/share/Webots_YOLOv8/hook/pythonpath.dsv'
[5.581s] [34mcolcon.colcon_core.shell[0m [1;30mINFO[0m Creating environment hook '/home/ivan/Webots_YOLOv8/install/Webots_YOLOv8/share/Webots_YOLOv8/hook/pythonpath.sh'
[5.582s] [34mcolcon.colcon_core.environment[0m [1;30mLevel 1[0m checking '/home/ivan/Webots_YOLOv8/install/Webots_YOLOv8/bin'
[5.583s] [34mcolcon.colcon_core.environment[0m [1;30mLevel 1[0m create_environment_scripts_only(Webots_YOLOv8)
[5.583s] [34mcolcon.colcon_core.shell[0m [1;30mINFO[0m Creating package script '/home/ivan/Webots_YOLOv8/install/Webots_YOLOv8/share/Webots_YOLOv8/package.ps1'
[5.584s] [34mcolcon.colcon_core.shell[0m [1;30mINFO[0m Creating package descriptor '/home/ivan/Webots_YOLOv8/install/Webots_YOLOv8/share/Webots_YOLOv8/package.dsv'
[5.585s] [34mcolcon.colcon_core.shell[0m [1;30mINFO[0m Creating package script '/home/ivan/Webots_YOLOv8/install/Webots_YOLOv8/share/Webots_YOLOv8/package.sh'
[5.585s] [34mcolcon.colcon_core.shell[0m [1;30mINFO[0m Creating package script '/home/ivan/Webots_YOLOv8/install/Webots_YOLOv8/share/Webots_YOLOv8/package.bash'
[5.586s] [34mcolcon.colcon_core.shell[0m [1;30mINFO[0m Creating package script '/home/ivan/Webots_YOLOv8/install/Webots_YOLOv8/share/Webots_YOLOv8/package.zsh'
[5.587s] [34mcolcon.colcon_core.environment[0m [1;30mLevel 1[0m create_file_with_runtime_dependencies(/home/ivan/Webots_YOLOv8/install/Webots_YOLOv8/share/colcon-core/packages/Webots_YOLOv8)
[5.691s] [34mcolcon.colcon_core.event_handler.log_command[0m [1;30mDEBUG[0m [32mInvoking command in '/home/ivan/Webots_YOLOv8/src/ipm/ipm_image_node': AMENT_PREFIX_PATH=/home/ivan/Webots_YOLOv8/install/ipm_library:/home/ivan/Webots_YOLOv8/install/soccer_ipm:/home/ivan/Webots_YOLOv8/install/soccer_interfaces:/home/ivan/Webots_YOLOv8/install/soccer_vision_3d_msgs:/home/ivan/Webots_YOLOv8/install/Webots_YOLOv8:/home/ivan/Webots_YOLOv8/install/soccer_vision_2d_msgs:/home/ivan/Webots_YOLOv8/install/soccer_model_msgs:/home/ivan/Webots_YOLOv8/install/soccer_vision_attribute_msgs:/home/ivan/Webots_YOLOv8/install/soccer_geometry_msgs:/home/ivan/Webots_YOLOv8/install/my_package:/home/ivan/Webots_YOLOv8/install/ipm_service:/home/ivan/Webots_YOLOv8/install/ipm_image_node:/home/ivan/Webots_YOLOv8/install/ipm_interfaces:/home/ivan/ros2_ws/install/object_finder_onnx:/home/ivan/ros2_ws/install/object_finder:/home/ivan/ros2_ws/install/my_package:/home/ivan/ros2_ws/install/Webots_YOLOv8:/home/ivan/ros2_ws/install/edrom_msgs:/opt/ros/humble CMAKE_PREFIX_PATH=/home/ivan/Webots_YOLOv8/install/ipm_interfaces:/home/ivan/Webots_YOLOv8/install/soccer_interfaces:/home/ivan/Webots_YOLOv8/install/soccer_vision_3d_msgs:/home/ivan/Webots_YOLOv8/install/soccer_vision_2d_msgs:/home/ivan/Webots_YOLOv8/install/soccer_model_msgs:/home/ivan/Webots_YOLOv8/install/soccer_vision_attribute_msgs:/home/ivan/Webots_YOLOv8/install/soccer_geometry_msgs:/home/ivan/ros2_ws/install/edrom_msgs LD_LIBRARY_PATH=/home/ivan/Webots_YOLOv8/install/ipm_interfaces/lib:/home/ivan/Webots_YOLOv8/install/soccer_vision_3d_msgs/lib:/home/ivan/Webots_YOLOv8/install/soccer_vision_2d_msgs/lib:/home/ivan/Webots_YOLOv8/install/soccer_model_msgs/lib:/home/ivan/Webots_YOLOv8/install/soccer_vision_attribute_msgs/lib:/home/ivan/Webots_YOLOv8/install/soccer_geometry_msgs/lib:/home/ivan/ros2_ws/install/edrom_msgs/lib:/opt/ros/humble/opt/rviz_ogre_vendor/lib:/opt/ros/humble/lib/x86_64-linux-gnu:/opt/ros/humble/lib PYTHONPATH=/home/ivan/Webots_YOLOv8/build/ipm_image_node/prefix_override:/usr/lib/python3/dist-packages/colcon_core/task/python/colcon_distutils_commands:/home/ivan/Webots_YOLOv8/install/ipm_image_node/lib/python3.10/site-packages:/home/ivan/Webots_YOLOv8/install/ipm_library/lib/python3.10/site-packages:/home/ivan/Webots_YOLOv8/install/soccer_ipm/lib/python3.10/site-packages:/home/ivan/Webots_YOLOv8/install/soccer_vision_3d_msgs/local/lib/python3.10/dist-packages:/home/ivan/Webots_YOLOv8/install/Webots_YOLOv8/lib/python3.10/site-packages:/home/ivan/Webots_YOLOv8/install/soccer_vision_2d_msgs/local/lib/python3.10/dist-packages:/home/ivan/Webots_YOLOv8/install/soccer_model_msgs/local/lib/python3.10/dist-packages:/home/ivan/Webots_YOLOv8/install/soccer_vision_attribute_msgs/local/lib/python3.10/dist-packages:/home/ivan/Webots_YOLOv8/install/soccer_geometry_msgs/local/lib/python3.10/dist-packages:/home/ivan/Webots_YOLOv8/install/my_package/lib/python3.10/site-packages:/home/ivan/Webots_YOLOv8/install/ipm_service/lib/python3.10/site-packages:/home/ivan/Webots_YOLOv8/install/ipm_image_node/lib/python3.10/site-packages:/home/ivan/Webots_YOLOv8/install/ipm_interfaces/local/lib/python3.10/dist-packages:/home/ivan/ros2_ws/install/object_finder_onnx/lib/python3.10/site-packages:/home/ivan/ros2_ws/install/object_finder/lib/python3.10/site-packages:/home/ivan/ros2_ws/install/my_package/lib/python3.10/site-packages:/home/ivan/ros2_ws/install/Webots_YOLOv8/lib/python3.10/site-packages:/home/ivan/ros2_ws/install/edrom_msgs/local/lib/python3.10/dist-packages:/opt/ros/humble/lib/python3.10/site-packages:/opt/ros/humble/local/lib/python3.10/dist-packages /usr/bin/python3 -W ignore:setup.py install is deprecated -W ignore:easy_install command is deprecated setup.py egg_info --egg-base ../../../build/ipm_image_node build --build-base /home/ivan/Webots_YOLOv8/build/ipm_image_node/build install --record /home/ivan/Webots_YOLOv8/build/ipm_image_node/install.log --single-version-externally-managed install_data[0m
[5.701s] [34mcolcon.colcon_core.event_handler.log_command[0m [1;30mDEBUG[0m [32mInvoking command in '/home/ivan/Webots_YOLOv8/src/ipm/ipm_service': AMENT_PREFIX_PATH=/home/ivan/Webots_YOLOv8/install/ipm_library:/home/ivan/Webots_YOLOv8/install/soccer_ipm:/home/ivan/Webots_YOLOv8/install/soccer_interfaces:/home/ivan/Webots_YOLOv8/install/soccer_vision_3d_msgs:/home/ivan/Webots_YOLOv8/install/Webots_YOLOv8:/home/ivan/Webots_YOLOv8/install/soccer_vision_2d_msgs:/home/ivan/Webots_YOLOv8/install/soccer_model_msgs:/home/ivan/Webots_YOLOv8/install/soccer_vision_attribute_msgs:/home/ivan/Webots_YOLOv8/install/soccer_geometry_msgs:/home/ivan/Webots_YOLOv8/install/my_package:/home/ivan/Webots_YOLOv8/install/ipm_service:/home/ivan/Webots_YOLOv8/install/ipm_image_node:/home/ivan/Webots_YOLOv8/install/ipm_interfaces:/home/ivan/ros2_ws/install/object_finder_onnx:/home/ivan/ros2_ws/install/object_finder:/home/ivan/ros2_ws/install/my_package:/home/ivan/ros2_ws/install/Webots_YOLOv8:/home/ivan/ros2_ws/install/edrom_msgs:/opt/ros/humble CMAKE_PREFIX_PATH=/home/ivan/Webots_YOLOv8/install/ipm_interfaces:/home/ivan/Webots_YOLOv8/install/soccer_interfaces:/home/ivan/Webots_YOLOv8/install/soccer_vision_3d_msgs:/home/ivan/Webots_YOLOv8/install/soccer_vision_2d_msgs:/home/ivan/Webots_YOLOv8/install/soccer_model_msgs:/home/ivan/Webots_YOLOv8/install/soccer_vision_attribute_msgs:/home/ivan/Webots_YOLOv8/install/soccer_geometry_msgs:/home/ivan/ros2_ws/install/edrom_msgs LD_LIBRARY_PATH=/home/ivan/Webots_YOLOv8/install/ipm_interfaces/lib:/home/ivan/Webots_YOLOv8/install/soccer_vision_3d_msgs/lib:/home/ivan/Webots_YOLOv8/install/soccer_vision_2d_msgs/lib:/home/ivan/Webots_YOLOv8/install/soccer_model_msgs/lib:/home/ivan/Webots_YOLOv8/install/soccer_vision_attribute_msgs/lib:/home/ivan/Webots_YOLOv8/install/soccer_geometry_msgs/lib:/home/ivan/ros2_ws/install/edrom_msgs/lib:/opt/ros/humble/opt/rviz_ogre_vendor/lib:/opt/ros/humble/lib/x86_64-linux-gnu:/opt/ros/humble/lib PYTHONPATH=/home/ivan/Webots_YOLOv8/build/ipm_service/prefix_override:/usr/lib/python3/dist-packages/colcon_core/task/python/colcon_distutils_commands:/home/ivan/Webots_YOLOv8/install/ipm_service/lib/python3.10/site-packages:/home/ivan/Webots_YOLOv8/install/ipm_library/lib/python3.10/site-packages:/home/ivan/Webots_YOLOv8/install/soccer_ipm/lib/python3.10/site-packages:/home/ivan/Webots_YOLOv8/install/soccer_vision_3d_msgs/local/lib/python3.10/dist-packages:/home/ivan/Webots_YOLOv8/install/Webots_YOLOv8/lib/python3.10/site-packages:/home/ivan/Webots_YOLOv8/install/soccer_vision_2d_msgs/local/lib/python3.10/dist-packages:/home/ivan/Webots_YOLOv8/install/soccer_model_msgs/local/lib/python3.10/dist-packages:/home/ivan/Webots_YOLOv8/install/soccer_vision_attribute_msgs/local/lib/python3.10/dist-packages:/home/ivan/Webots_YOLOv8/install/soccer_geometry_msgs/local/lib/python3.10/dist-packages:/home/ivan/Webots_YOLOv8/install/my_package/lib/python3.10/site-packages:/home/ivan/Webots_YOLOv8/install/ipm_service/lib/python3.10/site-packages:/home/ivan/Webots_YOLOv8/install/ipm_image_node/lib/python3.10/site-packages:/home/ivan/Webots_YOLOv8/install/ipm_interfaces/local/lib/python3.10/dist-packages:/home/ivan/ros2_ws/install/object_finder_onnx/lib/python3.10/site-packages:/home/ivan/ros2_ws/install/object_finder/lib/python3.10/site-packages:/home/ivan/ros2_ws/install/my_package/lib/python3.10/site-packages:/home/ivan/ros2_ws/install/Webots_YOLOv8/lib/python3.10/site-packages:/home/ivan/ros2_ws/install/edrom_msgs/local/lib/python3.10/dist-packages:/opt/ros/humble/lib/python3.10/site-packages:/opt/ros/humble/local/lib/python3.10/dist-packages /usr/bin/python3 -W ignore:setup.py install is deprecated -W ignore:easy_install command is deprecated setup.py egg_info --egg-base ../../../build/ipm_service build --build-base /home/ivan/Webots_YOLOv8/build/ipm_service/build install --record /home/ivan/Webots_YOLOv8/build/ipm_service/install.log --single-version-externally-managed install_data[0m
[5.732s] [34mcolcon.colcon_core.event_handler.log_command[0m [1;30mDEBUG[0m [32mInvoking command in '/home/ivan/Webots_YOLOv8/src/soccer_ipm/soccer_ipm': AMENT_PREFIX_PATH=/home/ivan/Webots_YOLOv8/install/ipm_library:/home/ivan/Webots_YOLOv8/install/soccer_ipm:/home/ivan/Webots_YOLOv8/install/soccer_interfaces:/home/ivan/Webots_YOLOv8/install/soccer_vision_3d_msgs:/home/ivan/Webots_YOLOv8/install/Webots_YOLOv8:/home/ivan/Webots_YOLOv8/install/soccer_vision_2d_msgs:/home/ivan/Webots_YOLOv8/install/soccer_model_msgs:/home/ivan/Webots_YOLOv8/install/soccer_vision_attribute_msgs:/home/ivan/Webots_YOLOv8/install/soccer_geometry_msgs:/home/ivan/Webots_YOLOv8/install/my_package:/home/ivan/Webots_YOLOv8/install/ipm_service:/home/ivan/Webots_YOLOv8/install/ipm_image_node:/home/ivan/Webots_YOLOv8/install/ipm_interfaces:/home/ivan/ros2_ws/install/object_finder_onnx:/home/ivan/ros2_ws/install/object_finder:/home/ivan/ros2_ws/install/my_package:/home/ivan/ros2_ws/install/Webots_YOLOv8:/home/ivan/ros2_ws/install/edrom_msgs:/opt/ros/humble CMAKE_PREFIX_PATH=/home/ivan/Webots_YOLOv8/install/soccer_vision_3d_msgs:/home/ivan/Webots_YOLOv8/install/soccer_vision_2d_msgs:/home/ivan/Webots_YOLOv8/install/soccer_vision_attribute_msgs:/home/ivan/Webots_YOLOv8/install/ipm_interfaces:/home/ivan/Webots_YOLOv8/install/soccer_interfaces:/home/ivan/Webots_YOLOv8/install/soccer_model_msgs:/home/ivan/Webots_YOLOv8/install/soccer_geometry_msgs:/home/ivan/ros2_ws/install/edrom_msgs LD_LIBRARY_PATH=/home/ivan/Webots_YOLOv8/install/soccer_vision_3d_msgs/lib:/home/ivan/Webots_YOLOv8/install/soccer_vision_2d_msgs/lib:/home/ivan/Webots_YOLOv8/install/soccer_vision_attribute_msgs/lib:/home/ivan/Webots_YOLOv8/install/ipm_interfaces/lib:/home/ivan/Webots_YOLOv8/install/soccer_model_msgs/lib:/home/ivan/Webots_YOLOv8/install/soccer_geometry_msgs/lib:/home/ivan/ros2_ws/install/edrom_msgs/lib:/opt/ros/humble/opt/rviz_ogre_vendor/lib:/opt/ros/humble/lib/x86_64-linux-gnu:/opt/ros/humble/lib PYTHONPATH=/home/ivan/Webots_YOLOv8/build/soccer_ipm/prefix_override:/usr/lib/python3/dist-packages/colcon_core/task/python/colcon_distutils_commands:/home/ivan/Webots_YOLOv8/install/soccer_ipm/lib/python3.10/site-packages:/home/ivan/Webots_YOLOv8/install/ipm_library/lib/python3.10/site-packages:/home/ivan/Webots_YOLOv8/install/soccer_ipm/lib/python3.10/site-packages:/home/ivan/Webots_YOLOv8/install/soccer_vision_3d_msgs/local/lib/python3.10/dist-packages:/home/ivan/Webots_YOLOv8/install/Webots_YOLOv8/lib/python3.10/site-packages:/home/ivan/Webots_YOLOv8/install/soccer_vision_2d_msgs/local/lib/python3.10/dist-packages:/home/ivan/Webots_YOLOv8/install/soccer_model_msgs/local/lib/python3.10/dist-packages:/home/ivan/Webots_YOLOv8/install/soccer_vision_attribute_msgs/local/lib/python3.10/dist-packages:/home/ivan/Webots_YOLOv8/install/soccer_geometry_msgs/local/lib/python3.10/dist-packages:/home/ivan/Webots_YOLOv8/install/my_package/lib/python3.10/site-packages:/home/ivan/Webots_YOLOv8/install/ipm_service/lib/python3.10/site-packages:/home/ivan/Webots_YOLOv8/install/ipm_image_node/lib/python3.10/site-packages:/home/ivan/Webots_YOLOv8/install/ipm_interfaces/local/lib/python3.10/dist-packages:/home/ivan/ros2_ws/install/object_finder_onnx/lib/python3.10/site-packages:/home/ivan/ros2_ws/install/object_finder/lib/python3.10/site-packages:/home/ivan/ros2_ws/install/my_package/lib/python3.10/site-packages:/home/ivan/ros2_ws/install/Webots_YOLOv8/lib/python3.10/site-packages:/home/ivan/ros2_ws/install/edrom_msgs/local/lib/python3.10/dist-packages:/opt/ros/humble/lib/python3.10/site-packages:/opt/ros/humble/local/lib/python3.10/dist-packages /usr/bin/python3 -W ignore:setup.py install is deprecated -W ignore:easy_install command is deprecated setup.py egg_info --egg-base ../../../build/soccer_ipm build --build-base /home/ivan/Webots_YOLOv8/build/soccer_ipm/build install --record /home/ivan/Webots_YOLOv8/build/soccer_ipm/install.log --single-version-externally-managed install_data[0m
[6.132s] [34mcolcon.colcon_core.environment[0m [1;30mLevel 1[0m checking '/home/ivan/Webots_YOLOv8/install/ipm_image_node' for CMake module files
[6.133s] [34mcolcon.colcon_core.event_handler.log_command[0m [1;30mDEBUG[0m [32mInvoked command in '/home/ivan/Webots_YOLOv8/src/ipm/ipm_image_node' returned '0': AMENT_PREFIX_PATH=/home/ivan/Webots_YOLOv8/install/ipm_library:/home/ivan/Webots_YOLOv8/install/soccer_ipm:/home/ivan/Webots_YOLOv8/install/soccer_interfaces:/home/ivan/Webots_YOLOv8/install/soccer_vision_3d_msgs:/home/ivan/Webots_YOLOv8/install/Webots_YOLOv8:/home/ivan/Webots_YOLOv8/install/soccer_vision_2d_msgs:/home/ivan/Webots_YOLOv8/install/soccer_model_msgs:/home/ivan/Webots_YOLOv8/install/soccer_vision_attribute_msgs:/home/ivan/Webots_YOLOv8/install/soccer_geometry_msgs:/home/ivan/Webots_YOLOv8/install/my_package:/home/ivan/Webots_YOLOv8/install/ipm_service:/home/ivan/Webots_YOLOv8/install/ipm_image_node:/home/ivan/Webots_YOLOv8/install/ipm_interfaces:/home/ivan/ros2_ws/install/object_finder_onnx:/home/ivan/ros2_ws/install/object_finder:/home/ivan/ros2_ws/install/my_package:/home/ivan/ros2_ws/install/Webots_YOLOv8:/home/ivan/ros2_ws/install/edrom_msgs:/opt/ros/humble CMAKE_PREFIX_PATH=/home/ivan/Webots_YOLOv8/install/ipm_interfaces:/home/ivan/Webots_YOLOv8/install/soccer_interfaces:/home/ivan/Webots_YOLOv8/install/soccer_vision_3d_msgs:/home/ivan/Webots_YOLOv8/install/soccer_vision_2d_msgs:/home/ivan/Webots_YOLOv8/install/soccer_model_msgs:/home/ivan/Webots_YOLOv8/install/soccer_vision_attribute_msgs:/home/ivan/Webots_YOLOv8/install/soccer_geometry_msgs:/home/ivan/ros2_ws/install/edrom_msgs LD_LIBRARY_PATH=/home/ivan/Webots_YOLOv8/install/ipm_interfaces/lib:/home/ivan/Webots_YOLOv8/install/soccer_vision_3d_msgs/lib:/home/ivan/Webots_YOLOv8/install/soccer_vision_2d_msgs/lib:/home/ivan/Webots_YOLOv8/install/soccer_model_msgs/lib:/home/ivan/Webots_YOLOv8/install/soccer_vision_attribute_msgs/lib:/home/ivan/Webots_YOLOv8/install/soccer_geometry_msgs/lib:/home/ivan/ros2_ws/install/edrom_msgs/lib:/opt/ros/humble/opt/rviz_ogre_vendor/lib:/opt/ros/humble/lib/x86_64-linux-gnu:/opt/ros/humble/lib PYTHONPATH=/home/ivan/Webots_YOLOv8/build/ipm_image_node/prefix_override:/usr/lib/python3/dist-packages/colcon_core/task/python/colcon_distutils_commands:/home/ivan/Webots_YOLOv8/install/ipm_image_node/lib/python3.10/site-packages:/home/ivan/Webots_YOLOv8/install/ipm_library/lib/python3.10/site-packages:/home/ivan/Webots_YOLOv8/install/soccer_ipm/lib/python3.10/site-packages:/home/ivan/Webots_YOLOv8/install/soccer_vision_3d_msgs/local/lib/python3.10/dist-packages:/home/ivan/Webots_YOLOv8/install/Webots_YOLOv8/lib/python3.10/site-packages:/home/ivan/Webots_YOLOv8/install/soccer_vision_2d_msgs/local/lib/python3.10/dist-packages:/home/ivan/Webots_YOLOv8/install/soccer_model_msgs/local/lib/python3.10/dist-packages:/home/ivan/Webots_YOLOv8/install/soccer_vision_attribute_msgs/local/lib/python3.10/dist-packages:/home/ivan/Webots_YOLOv8/install/soccer_geometry_msgs/local/lib/python3.10/dist-packages:/home/ivan/Webots_YOLOv8/install/my_package/lib/python3.10/site-packages:/home/ivan/Webots_YOLOv8/install/ipm_service/lib/python3.10/site-packages:/home/ivan/Webots_YOLOv8/install/ipm_image_node/lib/python3.10/site-packages:/home/ivan/Webots_YOLOv8/install/ipm_interfaces/local/lib/python3.10/dist-packages:/home/ivan/ros2_ws/install/object_finder_onnx/lib/python3.10/site-packages:/home/ivan/ros2_ws/install/object_finder/lib/python3.10/site-packages:/home/ivan/ros2_ws/install/my_package/lib/python3.10/site-packages:/home/ivan/ros2_ws/install/Webots_YOLOv8/lib/python3.10/site-packages:/home/ivan/ros2_ws/install/edrom_msgs/local/lib/python3.10/dist-packages:/opt/ros/humble/lib/python3.10/site-packages:/opt/ros/humble/local/lib/python3.10/dist-packages /usr/bin/python3 -W ignore:setup.py install is deprecated -W ignore:easy_install command is deprecated setup.py egg_info --egg-base ../../../build/ipm_image_node build --build-base /home/ivan/Webots_YOLOv8/build/ipm_image_node/build install --record /home/ivan/Webots_YOLOv8/build/ipm_image_node/install.log --single-version-externally-managed install_data[0m
[6.133s] [34mcolcon.colcon_core.environment[0m [1;30mLevel 1[0m checking '/home/ivan/Webots_YOLOv8/install/ipm_image_node' for CMake config files
[6.134s] [34mcolcon.colcon_core.environment[0m [1;30mLevel 1[0m checking '/home/ivan/Webots_YOLOv8/install/ipm_image_node/lib'
[6.135s] [34mcolcon.colcon_core.environment[0m [1;30mLevel 1[0m checking '/home/ivan/Webots_YOLOv8/install/ipm_image_node/bin'
[6.135s] [34mcolcon.colcon_core.environment[0m [1;30mLevel 1[0m checking '/home/ivan/Webots_YOLOv8/install/ipm_image_node/lib/pkgconfig/ipm_image_node.pc'
[6.135s] [34mcolcon.colcon_core.environment[0m [1;30mLevel 1[0m checking '/home/ivan/Webots_YOLOv8/install/ipm_image_node/lib/python3.10/site-packages'
[6.135s] [34mcolcon.colcon_core.shell[0m [1;30mLevel 1[0m create_environment_hook('ipm_image_node', 'pythonpath')
[6.136s] [34mcolcon.colcon_core.shell[0m [1;30mINFO[0m Creating environment hook '/home/ivan/Webots_YOLOv8/install/ipm_image_node/share/ipm_image_node/hook/pythonpath.ps1'
[6.137s] [34mcolcon.colcon_core.shell[0m [1;30mINFO[0m Creating environment descriptor '/home/ivan/Webots_YOLOv8/install/ipm_image_node/share/ipm_image_node/hook/pythonpath.dsv'
[6.137s] [34mcolcon.colcon_core.shell[0m [1;30mINFO[0m Creating environment hook '/home/ivan/Webots_YOLOv8/install/ipm_image_node/share/ipm_image_node/hook/pythonpath.sh'
[6.138s] [34mcolcon.colcon_core.environment[0m [1;30mLevel 1[0m checking '/home/ivan/Webots_YOLOv8/install/ipm_image_node/bin'
[6.139s] [34mcolcon.colcon_core.environment[0m [1;30mLevel 1[0m create_environment_scripts_only(ipm_image_node)
[6.139s] [34mcolcon.colcon_core.shell[0m [1;30mINFO[0m Creating package script '/home/ivan/Webots_YOLOv8/install/ipm_image_node/share/ipm_image_node/package.ps1'
[6.140s] [34mcolcon.colcon_core.shell[0m [1;30mINFO[0m Creating package descriptor '/home/ivan/Webots_YOLOv8/install/ipm_image_node/share/ipm_image_node/package.dsv'
[6.141s] [34mcolcon.colcon_core.shell[0m [1;30mINFO[0m Creating package script '/home/ivan/Webots_YOLOv8/install/ipm_image_node/share/ipm_image_node/package.sh'
[6.142s] [34mcolcon.colcon_core.shell[0m [1;30mINFO[0m Creating package script '/home/ivan/Webots_YOLOv8/install/ipm_image_node/share/ipm_image_node/package.bash'
[6.142s] [34mcolcon.colcon_core.shell[0m [1;30mINFO[0m Creating package script '/home/ivan/Webots_YOLOv8/install/ipm_image_node/share/ipm_image_node/package.zsh'
[6.143s] [34mcolcon.colcon_core.environment[0m [1;30mLevel 1[0m create_file_with_runtime_dependencies(/home/ivan/Webots_YOLOv8/install/ipm_image_node/share/colcon-core/packages/ipm_image_node)
[6.145s] [34mcolcon.colcon_core.environment[0m [1;30mLevel 1[0m checking '/home/ivan/Webots_YOLOv8/install/ipm_service' for CMake module files
[6.146s] [34mcolcon.colcon_core.event_handler.log_command[0m [1;30mDEBUG[0m [32mInvoked command in '/home/ivan/Webots_YOLOv8/src/ipm/ipm_service' returned '0': AMENT_PREFIX_PATH=/home/ivan/Webots_YOLOv8/install/ipm_library:/home/ivan/Webots_YOLOv8/install/soccer_ipm:/home/ivan/Webots_YOLOv8/install/soccer_interfaces:/home/ivan/Webots_YOLOv8/install/soccer_vision_3d_msgs:/home/ivan/Webots_YOLOv8/install/Webots_YOLOv8:/home/ivan/Webots_YOLOv8/install/soccer_vision_2d_msgs:/home/ivan/Webots_YOLOv8/install/soccer_model_msgs:/home/ivan/Webots_YOLOv8/install/soccer_vision_attribute_msgs:/home/ivan/Webots_YOLOv8/install/soccer_geometry_msgs:/home/ivan/Webots_YOLOv8/install/my_package:/home/ivan/Webots_YOLOv8/install/ipm_service:/home/ivan/Webots_YOLOv8/install/ipm_image_node:/home/ivan/Webots_YOLOv8/install/ipm_interfaces:/home/ivan/ros2_ws/install/object_finder_onnx:/home/ivan/ros2_ws/install/object_finder:/home/ivan/ros2_ws/install/my_package:/home/ivan/ros2_ws/install/Webots_YOLOv8:/home/ivan/ros2_ws/install/edrom_msgs:/opt/ros/humble CMAKE_PREFIX_PATH=/home/ivan/Webots_YOLOv8/install/ipm_interfaces:/home/ivan/Webots_YOLOv8/install/soccer_interfaces:/home/ivan/Webots_YOLOv8/install/soccer_vision_3d_msgs:/home/ivan/Webots_YOLOv8/install/soccer_vision_2d_msgs:/home/ivan/Webots_YOLOv8/install/soccer_model_msgs:/home/ivan/Webots_YOLOv8/install/soccer_vision_attribute_msgs:/home/ivan/Webots_YOLOv8/install/soccer_geometry_msgs:/home/ivan/ros2_ws/install/edrom_msgs LD_LIBRARY_PATH=/home/ivan/Webots_YOLOv8/install/ipm_interfaces/lib:/home/ivan/Webots_YOLOv8/install/soccer_vision_3d_msgs/lib:/home/ivan/Webots_YOLOv8/install/soccer_vision_2d_msgs/lib:/home/ivan/Webots_YOLOv8/install/soccer_model_msgs/lib:/home/ivan/Webots_YOLOv8/install/soccer_vision_attribute_msgs/lib:/home/ivan/Webots_YOLOv8/install/soccer_geometry_msgs/lib:/home/ivan/ros2_ws/install/edrom_msgs/lib:/opt/ros/humble/opt/rviz_ogre_vendor/lib:/opt/ros/humble/lib/x86_64-linux-gnu:/opt/ros/humble/lib PYTHONPATH=/home/ivan/Webots_YOLOv8/build/ipm_service/prefix_override:/usr/lib/python3/dist-packages/colcon_core/task/python/colcon_distutils_commands:/home/ivan/Webots_YOLOv8/install/ipm_service/lib/python3.10/site-packages:/home/ivan/Webots_YOLOv8/install/ipm_library/lib/python3.10/site-packages:/home/ivan/Webots_YOLOv8/install/soccer_ipm/lib/python3.10/site-packages:/home/ivan/Webots_YOLOv8/install/soccer_vision_3d_msgs/local/lib/python3.10/dist-packages:/home/ivan/Webots_YOLOv8/install/Webots_YOLOv8/lib/python3.10/site-packages:/home/ivan/Webots_YOLOv8/install/soccer_vision_2d_msgs/local/lib/python3.10/dist-packages:/home/ivan/Webots_YOLOv8/install/soccer_model_msgs/local/lib/python3.10/dist-packages:/home/ivan/Webots_YOLOv8/install/soccer_vision_attribute_msgs/local/lib/python3.10/dist-packages:/home/ivan/Webots_YOLOv8/install/soccer_geometry_msgs/local/lib/python3.10/dist-packages:/home/ivan/Webots_YOLOv8/install/my_package/lib/python3.10/site-packages:/home/ivan/Webots_YOLOv8/install/ipm_service/lib/python3.10/site-packages:/home/ivan/Webots_YOLOv8/install/ipm_image_node/lib/python3.10/site-packages:/home/ivan/Webots_YOLOv8/install/ipm_interfaces/local/lib/python3.10/dist-packages:/home/ivan/ros2_ws/install/object_finder_onnx/lib/python3.10/site-packages:/home/ivan/ros2_ws/install/object_finder/lib/python3.10/site-packages:/home/ivan/ros2_ws/install/my_package/lib/python3.10/site-packages:/home/ivan/ros2_ws/install/Webots_YOLOv8/lib/python3.10/site-packages:/home/ivan/ros2_ws/install/edrom_msgs/local/lib/python3.10/dist-packages:/opt/ros/humble/lib/python3.10/site-packages:/opt/ros/humble/local/lib/python3.10/dist-packages /usr/bin/python3 -W ignore:setup.py install is deprecated -W ignore:easy_install command is deprecated setup.py egg_info --egg-base ../../../build/ipm_service build --build-base /home/ivan/Webots_YOLOv8/build/ipm_service/build install --record /home/ivan/Webots_YOLOv8/build/ipm_service/install.log --single-version-externally-managed install_data[0m
[6.147s] [34mcolcon.colcon_core.environment[0m [1;30mLevel 1[0m checking '/home/ivan/Webots_YOLOv8/install/ipm_service' for CMake config files
[6.148s] [34mcolcon.colcon_core.environment[0m [1;30mLevel 1[0m checking '/home/ivan/Webots_YOLOv8/install/ipm_service/lib'
[6.148s] [34mcolcon.colcon_core.environment[0m [1;30mLevel 1[0m checking '/home/ivan/Webots_YOLOv8/install/ipm_service/bin'
[6.148s] [34mcolcon.colcon_core.environment[0m [1;30mLevel 1[0m checking '/home/ivan/Webots_YOLOv8/install/ipm_service/lib/pkgconfig/ipm_service.pc'
[6.148s] [34mcolcon.colcon_core.environment[0m [1;30mLevel 1[0m checking '/home/ivan/Webots_YOLOv8/install/ipm_service/lib/python3.10/site-packages'
[6.148s] [34mcolcon.colcon_core.shell[0m [1;30mLevel 1[0m create_environment_hook('ipm_service', 'pythonpath')
[6.149s] [34mcolcon.colcon_core.shell[0m [1;30mINFO[0m Creating environment hook '/home/ivan/Webots_YOLOv8/install/ipm_service/share/ipm_service/hook/pythonpath.ps1'
[6.149s] [34mcolcon.colcon_core.shell[0m [1;30mINFO[0m Creating environment descriptor '/home/ivan/Webots_YOLOv8/install/ipm_service/share/ipm_service/hook/pythonpath.dsv'
[6.150s] [34mcolcon.colcon_core.shell[0m [1;30mINFO[0m Creating environment hook '/home/ivan/Webots_YOLOv8/install/ipm_service/share/ipm_service/hook/pythonpath.sh'
[6.151s] [34mcolcon.colcon_core.environment[0m [1;30mLevel 1[0m checking '/home/ivan/Webots_YOLOv8/install/ipm_service/bin'
[6.151s] [34mcolcon.colcon_core.environment[0m [1;30mLevel 1[0m create_environment_scripts_only(ipm_service)
[6.152s] [34mcolcon.colcon_core.shell[0m [1;30mINFO[0m Creating package script '/home/ivan/Webots_YOLOv8/install/ipm_service/share/ipm_service/package.ps1'
[6.152s] [34mcolcon.colcon_core.shell[0m [1;30mINFO[0m Creating package descriptor '/home/ivan/Webots_YOLOv8/install/ipm_service/share/ipm_service/package.dsv'
[6.153s] [34mcolcon.colcon_core.shell[0m [1;30mINFO[0m Creating package script '/home/ivan/Webots_YOLOv8/install/ipm_service/share/ipm_service/package.sh'
[6.154s] [34mcolcon.colcon_core.shell[0m [1;30mINFO[0m Creating package script '/home/ivan/Webots_YOLOv8/install/ipm_service/share/ipm_service/package.bash'
[6.155s] [34mcolcon.colcon_core.shell[0m [1;30mINFO[0m Creating package script '/home/ivan/Webots_YOLOv8/install/ipm_service/share/ipm_service/package.zsh'
[6.155s] [34mcolcon.colcon_core.environment[0m [1;30mLevel 1[0m create_file_with_runtime_dependencies(/home/ivan/Webots_YOLOv8/install/ipm_service/share/colcon-core/packages/ipm_service)
[6.182s] [34mcolcon.colcon_core.environment[0m [1;30mLevel 1[0m checking '/home/ivan/Webots_YOLOv8/install/soccer_ipm' for CMake module files
[6.183s] [34mcolcon.colcon_core.event_handler.log_command[0m [1;30mDEBUG[0m [32mInvoked command in '/home/ivan/Webots_YOLOv8/src/soccer_ipm/soccer_ipm' returned '0': AMENT_PREFIX_PATH=/home/ivan/Webots_YOLOv8/install/ipm_library:/home/ivan/Webots_YOLOv8/install/soccer_ipm:/home/ivan/Webots_YOLOv8/install/soccer_interfaces:/home/ivan/Webots_YOLOv8/install/soccer_vision_3d_msgs:/home/ivan/Webots_YOLOv8/install/Webots_YOLOv8:/home/ivan/Webots_YOLOv8/install/soccer_vision_2d_msgs:/home/ivan/Webots_YOLOv8/install/soccer_model_msgs:/home/ivan/Webots_YOLOv8/install/soccer_vision_attribute_msgs:/home/ivan/Webots_YOLOv8/install/soccer_geometry_msgs:/home/ivan/Webots_YOLOv8/install/my_package:/home/ivan/Webots_YOLOv8/install/ipm_service:/home/ivan/Webots_YOLOv8/install/ipm_image_node:/home/ivan/Webots_YOLOv8/install/ipm_interfaces:/home/ivan/ros2_ws/install/object_finder_onnx:/home/ivan/ros2_ws/install/object_finder:/home/ivan/ros2_ws/install/my_package:/home/ivan/ros2_ws/install/Webots_YOLOv8:/home/ivan/ros2_ws/install/edrom_msgs:/opt/ros/humble CMAKE_PREFIX_PATH=/home/ivan/Webots_YOLOv8/install/soccer_vision_3d_msgs:/home/ivan/Webots_YOLOv8/install/soccer_vision_2d_msgs:/home/ivan/Webots_YOLOv8/install/soccer_vision_attribute_msgs:/home/ivan/Webots_YOLOv8/install/ipm_interfaces:/home/ivan/Webots_YOLOv8/install/soccer_interfaces:/home/ivan/Webots_YOLOv8/install/soccer_model_msgs:/home/ivan/Webots_YOLOv8/install/soccer_geometry_msgs:/home/ivan/ros2_ws/install/edrom_msgs LD_LIBRARY_PATH=/home/ivan/Webots_YOLOv8/install/soccer_vision_3d_msgs/lib:/home/ivan/Webots_YOLOv8/install/soccer_vision_2d_msgs/lib:/home/ivan/Webots_YOLOv8/install/soccer_vision_attribute_msgs/lib:/home/ivan/Webots_YOLOv8/install/ipm_interfaces/lib:/home/ivan/Webots_YOLOv8/install/soccer_model_msgs/lib:/home/ivan/Webots_YOLOv8/install/soccer_geometry_msgs/lib:/home/ivan/ros2_ws/install/edrom_msgs/lib:/opt/ros/humble/opt/rviz_ogre_vendor/lib:/opt/ros/humble/lib/x86_64-linux-gnu:/opt/ros/humble/lib PYTHONPATH=/home/ivan/Webots_YOLOv8/build/soccer_ipm/prefix_override:/usr/lib/python3/dist-packages/colcon_core/task/python/colcon_distutils_commands:/home/ivan/Webots_YOLOv8/install/soccer_ipm/lib/python3.10/site-packages:/home/ivan/Webots_YOLOv8/install/ipm_library/lib/python3.10/site-packages:/home/ivan/Webots_YOLOv8/install/soccer_ipm/lib/python3.10/site-packages:/home/ivan/Webots_YOLOv8/install/soccer_vision_3d_msgs/local/lib/python3.10/dist-packages:/home/ivan/Webots_YOLOv8/install/Webots_YOLOv8/lib/python3.10/site-packages:/home/ivan/Webots_YOLOv8/install/soccer_vision_2d_msgs/local/lib/python3.10/dist-packages:/home/ivan/Webots_YOLOv8/install/soccer_model_msgs/local/lib/python3.10/dist-packages:/home/ivan/Webots_YOLOv8/install/soccer_vision_attribute_msgs/local/lib/python3.10/dist-packages:/home/ivan/Webots_YOLOv8/install/soccer_geometry_msgs/local/lib/python3.10/dist-packages:/home/ivan/Webots_YOLOv8/install/my_package/lib/python3.10/site-packages:/home/ivan/Webots_YOLOv8/install/ipm_service/lib/python3.10/site-packages:/home/ivan/Webots_YOLOv8/install/ipm_image_node/lib/python3.10/site-packages:/home/ivan/Webots_YOLOv8/install/ipm_interfaces/local/lib/python3.10/dist-packages:/home/ivan/ros2_ws/install/object_finder_onnx/lib/python3.10/site-packages:/home/ivan/ros2_ws/install/object_finder/lib/python3.10/site-packages:/home/ivan/ros2_ws/install/my_package/lib/python3.10/site-packages:/home/ivan/ros2_ws/install/Webots_YOLOv8/lib/python3.10/site-packages:/home/ivan/ros2_ws/install/edrom_msgs/local/lib/python3.10/dist-packages:/opt/ros/humble/lib/python3.10/site-packages:/opt/ros/humble/local/lib/python3.10/dist-packages /usr/bin/python3 -W ignore:setup.py install is deprecated -W ignore:easy_install command is deprecated setup.py egg_info --egg-base ../../../build/soccer_ipm build --build-base /home/ivan/Webots_YOLOv8/build/soccer_ipm/build install --record /home/ivan/Webots_YOLOv8/build/soccer_ipm/install.log --single-version-externally-managed install_data[0m
[6.184s] [34mcolcon.colcon_core.environment[0m [1;30mLevel 1[0m checking '/home/ivan/Webots_YOLOv8/install/soccer_ipm' for CMake config files
[6.185s] [34mcolcon.colcon_core.environment[0m [1;30mLevel 1[0m checking '/home/ivan/Webots_YOLOv8/install/soccer_ipm/lib'
[6.185s] [34mcolcon.colcon_core.environment[0m [1;30mLevel 1[0m checking '/home/ivan/Webots_YOLOv8/install/soccer_ipm/bin'
[6.185s] [34mcolcon.colcon_core.environment[0m [1;30mLevel 1[0m checking '/home/ivan/Webots_YOLOv8/install/soccer_ipm/lib/pkgconfig/soccer_ipm.pc'
[6.185s] [34mcolcon.colcon_core.environment[0m [1;30mLevel 1[0m checking '/home/ivan/Webots_YOLOv8/install/soccer_ipm/lib/python3.10/site-packages'
[6.185s] [34mcolcon.colcon_core.shell[0m [1;30mLevel 1[0m create_environment_hook('soccer_ipm', 'pythonpath')
[6.185s] [34mcolcon.colcon_core.shell[0m [1;30mINFO[0m Creating environment hook '/home/ivan/Webots_YOLOv8/install/soccer_ipm/share/soccer_ipm/hook/pythonpath.ps1'
[6.186s] [34mcolcon.colcon_core.shell[0m [1;30mINFO[0m Creating environment descriptor '/home/ivan/Webots_YOLOv8/install/soccer_ipm/share/soccer_ipm/hook/pythonpath.dsv'
[6.186s] [34mcolcon.colcon_core.shell[0m [1;30mINFO[0m Creating environment hook '/home/ivan/Webots_YOLOv8/install/soccer_ipm/share/soccer_ipm/hook/pythonpath.sh'
[6.187s] [34mcolcon.colcon_core.environment[0m [1;30mLevel 1[0m checking '/home/ivan/Webots_YOLOv8/install/soccer_ipm/bin'
[6.187s] [34mcolcon.colcon_core.environment[0m [1;30mLevel 1[0m create_environment_scripts_only(soccer_ipm)
[6.188s] [34mcolcon.colcon_core.shell[0m [1;30mINFO[0m Creating package script '/home/ivan/Webots_YOLOv8/install/soccer_ipm/share/soccer_ipm/package.ps1'
[6.188s] [34mcolcon.colcon_core.shell[0m [1;30mINFO[0m Creating package descriptor '/home/ivan/Webots_YOLOv8/install/soccer_ipm/share/soccer_ipm/package.dsv'
[6.189s] [34mcolcon.colcon_core.shell[0m [1;30mINFO[0m Creating package script '/home/ivan/Webots_YOLOv8/install/soccer_ipm/share/soccer_ipm/package.sh'
[6.190s] [34mcolcon.colcon_core.shell[0m [1;30mINFO[0m Creating package script '/home/ivan/Webots_YOLOv8/install/soccer_ipm/share/soccer_ipm/package.bash'
[6.190s] [34mcolcon.colcon_core.shell[0m [1;30mINFO[0m Creating package script '/home/ivan/Webots_YOLOv8/install/soccer_ipm/share/soccer_ipm/package.zsh'
[6.190s] [34mcolcon.colcon_core.environment[0m [1;30mLevel 1[0m create_file_with_runtime_dependencies(/home/ivan/Webots_YOLOv8/install/soccer_ipm/share/colcon-core/packages/soccer_ipm)
[6.191s] [34mcolcon.colcon_parallel_executor.executor.parallel[0m [1;30mDEBUG[0m [32mclosing loop[0m
[6.191s] [34mcolcon.colcon_parallel_executor.executor.parallel[0m [1;30mDEBUG[0m [32mloop closed[0m
[6.192s] [34mcolcon.colcon_parallel_executor.executor.parallel[0m [1;30mDEBUG[0m [32mrun_until_complete finished with '0'[0m
[6.192s] [34mcolcon.colcon_core.event_reactor[0m [1;30mDEBUG[0m [32mjoining thread[0m
[6.203s] [34mcolcon.colcon_core.plugin_system[0m [1;30mINFO[0m Skipping extension 'colcon_notification.desktop_notification.terminal_notifier': Not used on non-Darwin systems
[6.203s] [34mcolcon.colcon_core.plugin_system[0m [1;30mINFO[0m Skipping extension 'colcon_notification.desktop_notification.win32': Not used on non-Windows systems
[6.203s] [34mcolcon.colcon_notification.desktop_notification[0m [1;30mINFO[0m Sending desktop notification using 'notify2'
[6.221s] [34mcolcon.colcon_core.event_reactor[0m [1;30mDEBUG[0m [32mjoined thread[0m
[6.221s] [34mcolcon.colcon_core.shell[0m [1;30mINFO[0m Creating prefix script '/home/ivan/Webots_YOLOv8/install/local_setup.ps1'
[6.223s] [34mcolcon.colcon_core.shell[0m [1;30mINFO[0m Creating prefix util module '/home/ivan/Webots_YOLOv8/install/_local_setup_util_ps1.py'
[6.226s] [34mcolcon.colcon_core.shell[0m [1;30mINFO[0m Creating prefix chain script '/home/ivan/Webots_YOLOv8/install/setup.ps1'
[6.229s] [34mcolcon.colcon_core.shell[0m [1;30mINFO[0m Creating prefix script '/home/ivan/Webots_YOLOv8/install/local_setup.sh'
[6.230s] [34mcolcon.colcon_core.shell[0m [1;30mINFO[0m Creating prefix util module '/home/ivan/Webots_YOLOv8/install/_local_setup_util_sh.py'
[6.231s] [34mcolcon.colcon_core.shell[0m [1;30mINFO[0m Creating prefix chain script '/home/ivan/Webots_YOLOv8/install/setup.sh'
[6.233s] [34mcolcon.colcon_core.shell[0m [1;30mINFO[0m Creating prefix script '/home/ivan/Webots_YOLOv8/install/local_setup.bash'
[6.234s] [34mcolcon.colcon_core.shell[0m [1;30mINFO[0m Creating prefix chain script '/home/ivan/Webots_YOLOv8/install/setup.bash'
[6.237s] [34mcolcon.colcon_core.shell[0m [1;30mINFO[0m Creating prefix script '/home/ivan/Webots_YOLOv8/install/local_setup.zsh'
[6.238s] [34mcolcon.colcon_core.shell[0m [1;30mINFO[0m Creating prefix chain script '/home/ivan/Webots_YOLOv8/install/setup.zsh'
