[0.286s] [34mcolcon[0m [1;30mDEBUG[0m [32mCommand line arguments: ['/usr/bin/colcon', 'build'][0m
[0.286s] [34mcolcon[0m [1;30mDEBUG[0m [32mParsed command line arguments: Namespace(log_base=None, log_level=None, verb_name='build', build_base='build', install_base='install', merge_install=False, symlink_install=False, test_result_base=None, continue_on_error=False, executor='parallel', parallel_workers=12, event_handlers=None, ignore_user_meta=False, metas=['./colcon.meta'], base_paths=['.'], packages_ignore=None, packages_ignore_regex=None, paths=None, packages_up_to=None, packages_up_to_regex=None, packages_above=None, packages_above_and_dependencies=None, packages_above_depth=None, packages_select_by_dep=None, packages_skip_by_dep=None, packages_skip_up_to=None, packages_select_build_failed=False, packages_skip_build_finished=False, packages_select_test_failures=False, packages_skip_test_passed=False, packages_select=None, packages_skip=None, packages_select_regex=None, packages_skip_regex=None, packages_start=None, packages_end=None, allow_overriding=[], cmake_args=None, cmake_target=None, cmake_target_skip_unavailable=False, cmake_clean_cache=False, cmake_clean_first=False, cmake_force_configure=False, ament_cmake_args=None, catkin_cmake_args=None, catkin_skip_building_tests=False, mixin_files=None, mixin=None, verb_parser=<colcon_mixin.mixin.mixin_argument.MixinArgumentDecorator object at 0x700b359337c0>, verb_extension=<colcon_core.verb.build.BuildVerb object at 0x700b35ae4eb0>, main=<bound method BuildVerb.main of <colcon_core.verb.build.BuildVerb object at 0x700b35ae4eb0>>, mixin_verb=('build',))[0m
[0.696s] [34mcolcon.colcon_core.package_discovery[0m [1;30mLevel 1[0m discover_packages(colcon_meta) check parameters
[0.696s] [34mcolcon.colcon_core.package_discovery[0m [1;30mLevel 1[0m discover_packages(recursive) check parameters
[0.696s] [34mcolcon.colcon_core.package_discovery[0m [1;30mLevel 1[0m discover_packages(ignore) check parameters
[0.696s] [34mcolcon.colcon_core.package_discovery[0m [1;30mLevel 1[0m discover_packages(path) check parameters
[0.696s] [34mcolcon.colcon_core.package_discovery[0m [1;30mLevel 1[0m discover_packages(colcon_meta) discover
[0.697s] [34mcolcon.colcon_core.package_discovery[0m [1;30mLevel 1[0m discover_packages(recursive) discover
[0.697s] [34mcolcon.colcon_core.package_discovery[0m [1;30mINFO[0m Crawling recursively for packages in '/home/ivan/Webots_YOLOv8'
[0.697s] [34mcolcon.colcon_core.package_identification[0m [1;30mLevel 1[0m _identify(.) by extensions ['ignore', 'ignore_ament_install']
[0.697s] [34mcolcon.colcon_core.package_identification[0m [1;30mLevel 1[0m _identify(.) by extension 'ignore'
[0.697s] [34mcolcon.colcon_core.package_identification[0m [1;30mLevel 1[0m _identify(.) by extension 'ignore_ament_install'
[0.697s] [34mcolcon.colcon_core.package_identification[0m [1;30mLevel 1[0m _identify(.) by extensions ['colcon_pkg']
[0.697s] [34mcolcon.colcon_core.package_identification[0m [1;30mLevel 1[0m _identify(.) by extension 'colcon_pkg'
[0.697s] [34mcolcon.colcon_core.package_identification[0m [1;30mLevel 1[0m _identify(.) by extensions ['colcon_meta']
[0.697s] [34mcolcon.colcon_core.package_identification[0m [1;30mLevel 1[0m _identify(.) by extension 'colcon_meta'
[0.697s] [34mcolcon.colcon_core.package_identification[0m [1;30mLevel 1[0m _identify(.) by extensions ['ros']
[0.697s] [34mcolcon.colcon_core.package_identification[0m [1;30mLevel 1[0m _identify(.) by extension 'ros'
[0.713s] [34mcolcon.colcon_core.package_identification[0m [1;30mLevel 1[0m _identify(.) by extensions ['cmake', 'python']
[0.713s] [34mcolcon.colcon_core.package_identification[0m [1;30mLevel 1[0m _identify(.) by extension 'cmake'
[0.713s] [34mcolcon.colcon_core.package_identification[0m [1;30mLevel 1[0m _identify(.) by extension 'python'
[0.713s] [34mcolcon.colcon_core.package_identification[0m [1;30mLevel 1[0m _identify(.) by extensions ['python_setup_py']
[0.713s] [34mcolcon.colcon_core.package_identification[0m [1;30mLevel 1[0m _identify(.) by extension 'python_setup_py'
[0.714s] [34mcolcon.colcon_core.package_identification[0m [1;30mLevel 1[0m _identify(build) by extensions ['ignore', 'ignore_ament_install']
[0.714s] [34mcolcon.colcon_core.package_identification[0m [1;30mLevel 1[0m _identify(build) by extension 'ignore'
[0.714s] [34mcolcon.colcon_core.package_identification[0m [1;30mLevel 1[0m _identify(build) ignored
[0.714s] [34mcolcon.colcon_core.package_identification[0m [1;30mLevel 1[0m _identify(image) by extensions ['ignore', 'ignore_ament_install']
[0.714s] [34mcolcon.colcon_core.package_identification[0m [1;30mLevel 1[0m _identify(image) by extension 'ignore'
[0.714s] [34mcolcon.colcon_core.package_identification[0m [1;30mLevel 1[0m _identify(image) by extension 'ignore_ament_install'
[0.714s] [34mcolcon.colcon_core.package_identification[0m [1;30mLevel 1[0m _identify(image) by extensions ['colcon_pkg']
[0.714s] [34mcolcon.colcon_core.package_identification[0m [1;30mLevel 1[0m _identify(image) by extension 'colcon_pkg'
[0.714s] [34mcolcon.colcon_core.package_identification[0m [1;30mLevel 1[0m _identify(image) by extensions ['colcon_meta']
[0.714s] [34mcolcon.colcon_core.package_identification[0m [1;30mLevel 1[0m _identify(image) by extension 'colcon_meta'
[0.714s] [34mcolcon.colcon_core.package_identification[0m [1;30mLevel 1[0m _identify(image) by extensions ['ros']
[0.714s] [34mcolcon.colcon_core.package_identification[0m [1;30mLevel 1[0m _identify(image) by extension 'ros'
[0.714s] [34mcolcon.colcon_core.package_identification[0m [1;30mLevel 1[0m _identify(image) by extensions ['cmake', 'python']
[0.714s] [34mcolcon.colcon_core.package_identification[0m [1;30mLevel 1[0m _identify(image) by extension 'cmake'
[0.714s] [34mcolcon.colcon_core.package_identification[0m [1;30mLevel 1[0m _identify(image) by extension 'python'
[0.715s] [34mcolcon.colcon_core.package_identification[0m [1;30mLevel 1[0m _identify(image) by extensions ['python_setup_py']
[0.715s] [34mcolcon.colcon_core.package_identification[0m [1;30mLevel 1[0m _identify(image) by extension 'python_setup_py'
[0.715s] [34mcolcon.colcon_core.package_identification[0m [1;30mLevel 1[0m _identify(install) by extensions ['ignore', 'ignore_ament_install']
[0.715s] [34mcolcon.colcon_core.package_identification[0m [1;30mLevel 1[0m _identify(install) by extension 'ignore'
[0.715s] [34mcolcon.colcon_core.package_identification[0m [1;30mLevel 1[0m _identify(install) ignored
[0.715s] [34mcolcon.colcon_core.package_identification[0m [1;30mLevel 1[0m _identify(log) by extensions ['ignore', 'ignore_ament_install']
[0.715s] [34mcolcon.colcon_core.package_identification[0m [1;30mLevel 1[0m _identify(log) by extension 'ignore'
[0.715s] [34mcolcon.colcon_core.package_identification[0m [1;30mLevel 1[0m _identify(log) ignored
[0.715s] [34mcolcon.colcon_core.package_identification[0m [1;30mLevel 1[0m _identify(src) by extensions ['ignore', 'ignore_ament_install']
[0.715s] [34mcolcon.colcon_core.package_identification[0m [1;30mLevel 1[0m _identify(src) by extension 'ignore'
[0.715s] [34mcolcon.colcon_core.package_identification[0m [1;30mLevel 1[0m _identify(src) by extension 'ignore_ament_install'
[0.715s] [34mcolcon.colcon_core.package_identification[0m [1;30mLevel 1[0m _identify(src) by extensions ['colcon_pkg']
[0.715s] [34mcolcon.colcon_core.package_identification[0m [1;30mLevel 1[0m _identify(src) by extension 'colcon_pkg'
[0.716s] [34mcolcon.colcon_core.package_identification[0m [1;30mLevel 1[0m _identify(src) by extensions ['colcon_meta']
[0.716s] [34mcolcon.colcon_core.package_identification[0m [1;30mLevel 1[0m _identify(src) by extension 'colcon_meta'
[0.716s] [34mcolcon.colcon_core.package_identification[0m [1;30mLevel 1[0m _identify(src) by extensions ['ros']
[0.716s] [34mcolcon.colcon_core.package_identification[0m [1;30mLevel 1[0m _identify(src) by extension 'ros'
[0.716s] [34mcolcon.colcon_core.package_identification[0m [1;30mLevel 1[0m _identify(src) by extensions ['cmake', 'python']
[0.716s] [34mcolcon.colcon_core.package_identification[0m [1;30mLevel 1[0m _identify(src) by extension 'cmake'
[0.716s] [34mcolcon.colcon_core.package_identification[0m [1;30mLevel 1[0m _identify(src) by extension 'python'
[0.716s] [34mcolcon.colcon_core.package_identification[0m [1;30mLevel 1[0m _identify(src) by extensions ['python_setup_py']
[0.716s] [34mcolcon.colcon_core.package_identification[0m [1;30mLevel 1[0m _identify(src) by extension 'python_setup_py'
[0.716s] [34mcolcon.colcon_core.package_identification[0m [1;30mLevel 1[0m _identify(src/Webots_YOLOv8) by extensions ['ignore', 'ignore_ament_install']
[0.716s] [34mcolcon.colcon_core.package_identification[0m [1;30mLevel 1[0m _identify(src/Webots_YOLOv8) by extension 'ignore'
[0.716s] [34mcolcon.colcon_core.package_identification[0m [1;30mLevel 1[0m _identify(src/Webots_YOLOv8) by extension 'ignore_ament_install'
[0.716s] [34mcolcon.colcon_core.package_identification[0m [1;30mLevel 1[0m _identify(src/Webots_YOLOv8) by extensions ['colcon_pkg']
[0.716s] [34mcolcon.colcon_core.package_identification[0m [1;30mLevel 1[0m _identify(src/Webots_YOLOv8) by extension 'colcon_pkg'
[0.716s] [34mcolcon.colcon_core.package_identification[0m [1;30mLevel 1[0m _identify(src/Webots_YOLOv8) by extensions ['colcon_meta']
[0.716s] [34mcolcon.colcon_core.package_identification[0m [1;30mLevel 1[0m _identify(src/Webots_YOLOv8) by extension 'colcon_meta'
[0.716s] [34mcolcon.colcon_core.package_identification[0m [1;30mLevel 1[0m _identify(src/Webots_YOLOv8) by extensions ['ros']
[0.717s] [34mcolcon.colcon_core.package_identification[0m [1;30mLevel 1[0m _identify(src/Webots_YOLOv8) by extension 'ros'
[0.722s] [34mcolcon.colcon_core.package_identification[0m [1;30mDEBUG[0m [32mPackage 'src/Webots_YOLOv8' with type 'ros.ament_python' and name 'Webots_YOLOv8'[0m
[0.723s] [34mcolcon.colcon_core.package_identification[0m [1;30mLevel 1[0m _identify(src/ipm) by extensions ['ignore', 'ignore_ament_install']
[0.723s] [34mcolcon.colcon_core.package_identification[0m [1;30mLevel 1[0m _identify(src/ipm) by extension 'ignore'
[0.723s] [34mcolcon.colcon_core.package_identification[0m [1;30mLevel 1[0m _identify(src/ipm) by extension 'ignore_ament_install'
[0.723s] [34mcolcon.colcon_core.package_identification[0m [1;30mLevel 1[0m _identify(src/ipm) by extensions ['colcon_pkg']
[0.723s] [34mcolcon.colcon_core.package_identification[0m [1;30mLevel 1[0m _identify(src/ipm) by extension 'colcon_pkg'
[0.723s] [34mcolcon.colcon_core.package_identification[0m [1;30mLevel 1[0m _identify(src/ipm) by extensions ['colcon_meta']
[0.723s] [34mcolcon.colcon_core.package_identification[0m [1;30mLevel 1[0m _identify(src/ipm) by extension 'colcon_meta'
[0.723s] [34mcolcon.colcon_core.package_identification[0m [1;30mLevel 1[0m _identify(src/ipm) by extensions ['ros']
[0.723s] [34mcolcon.colcon_core.package_identification[0m [1;30mLevel 1[0m _identify(src/ipm) by extension 'ros'
[0.723s] [34mcolcon.colcon_core.package_identification[0m [1;30mLevel 1[0m _identify(src/ipm) by extensions ['cmake', 'python']
[0.723s] [34mcolcon.colcon_core.package_identification[0m [1;30mLevel 1[0m _identify(src/ipm) by extension 'cmake'
[0.723s] [34mcolcon.colcon_core.package_identification[0m [1;30mLevel 1[0m _identify(src/ipm) by extension 'python'
[0.723s] [34mcolcon.colcon_core.package_identification[0m [1;30mLevel 1[0m _identify(src/ipm) by extensions ['python_setup_py']
[0.723s] [34mcolcon.colcon_core.package_identification[0m [1;30mLevel 1[0m _identify(src/ipm) by extension 'python_setup_py'
[0.723s] [34mcolcon.colcon_core.package_identification[0m [1;30mLevel 1[0m _identify(src/ipm/ipm_image_node) by extensions ['ignore', 'ignore_ament_install']
[0.724s] [34mcolcon.colcon_core.package_identification[0m [1;30mLevel 1[0m _identify(src/ipm/ipm_image_node) by extension 'ignore'
[0.724s] [34mcolcon.colcon_core.package_identification[0m [1;30mLevel 1[0m _identify(src/ipm/ipm_image_node) by extension 'ignore_ament_install'
[0.724s] [34mcolcon.colcon_core.package_identification[0m [1;30mLevel 1[0m _identify(src/ipm/ipm_image_node) by extensions ['colcon_pkg']
[0.724s] [34mcolcon.colcon_core.package_identification[0m [1;30mLevel 1[0m _identify(src/ipm/ipm_image_node) by extension 'colcon_pkg'
[0.724s] [34mcolcon.colcon_core.package_identification[0m [1;30mLevel 1[0m _identify(src/ipm/ipm_image_node) by extensions ['colcon_meta']
[0.724s] [34mcolcon.colcon_core.package_identification[0m [1;30mLevel 1[0m _identify(src/ipm/ipm_image_node) by extension 'colcon_meta'
[0.724s] [34mcolcon.colcon_core.package_identification[0m [1;30mLevel 1[0m _identify(src/ipm/ipm_image_node) by extensions ['ros']
[0.724s] [34mcolcon.colcon_core.package_identification[0m [1;30mLevel 1[0m _identify(src/ipm/ipm_image_node) by extension 'ros'
[0.726s] [34mcolcon.colcon_core.package_identification[0m [1;30mDEBUG[0m [32mPackage 'src/ipm/ipm_image_node' with type 'ros.ament_python' and name 'ipm_image_node'[0m
[0.726s] [34mcolcon.colcon_core.package_identification[0m [1;30mLevel 1[0m _identify(src/ipm/ipm_interfaces) by extensions ['ignore', 'ignore_ament_install']
[0.726s] [34mcolcon.colcon_core.package_identification[0m [1;30mLevel 1[0m _identify(src/ipm/ipm_interfaces) by extension 'ignore'
[0.726s] [34mcolcon.colcon_core.package_identification[0m [1;30mLevel 1[0m _identify(src/ipm/ipm_interfaces) by extension 'ignore_ament_install'
[0.726s] [34mcolcon.colcon_core.package_identification[0m [1;30mLevel 1[0m _identify(src/ipm/ipm_interfaces) by extensions ['colcon_pkg']
[0.726s] [34mcolcon.colcon_core.package_identification[0m [1;30mLevel 1[0m _identify(src/ipm/ipm_interfaces) by extension 'colcon_pkg'
[0.726s] [34mcolcon.colcon_core.package_identification[0m [1;30mLevel 1[0m _identify(src/ipm/ipm_interfaces) by extensions ['colcon_meta']
[0.726s] [34mcolcon.colcon_core.package_identification[0m [1;30mLevel 1[0m _identify(src/ipm/ipm_interfaces) by extension 'colcon_meta'
[0.726s] [34mcolcon.colcon_core.package_identification[0m [1;30mLevel 1[0m _identify(src/ipm/ipm_interfaces) by extensions ['ros']
[0.726s] [34mcolcon.colcon_core.package_identification[0m [1;30mLevel 1[0m _identify(src/ipm/ipm_interfaces) by extension 'ros'
[0.728s] [34mcolcon.colcon_core.package_identification[0m [1;30mDEBUG[0m [32mPackage 'src/ipm/ipm_interfaces' with type 'ros.ament_cmake' and name 'ipm_interfaces'[0m
[0.728s] [34mcolcon.colcon_core.package_identification[0m [1;30mLevel 1[0m _identify(src/ipm/ipm_library) by extensions ['ignore', 'ignore_ament_install']
[0.728s] [34mcolcon.colcon_core.package_identification[0m [1;30mLevel 1[0m _identify(src/ipm/ipm_library) by extension 'ignore'
[0.728s] [34mcolcon.colcon_core.package_identification[0m [1;30mLevel 1[0m _identify(src/ipm/ipm_library) by extension 'ignore_ament_install'
[0.728s] [34mcolcon.colcon_core.package_identification[0m [1;30mLevel 1[0m _identify(src/ipm/ipm_library) by extensions ['colcon_pkg']
[0.728s] [34mcolcon.colcon_core.package_identification[0m [1;30mLevel 1[0m _identify(src/ipm/ipm_library) by extension 'colcon_pkg'
[0.728s] [34mcolcon.colcon_core.package_identification[0m [1;30mLevel 1[0m _identify(src/ipm/ipm_library) by extensions ['colcon_meta']
[0.728s] [34mcolcon.colcon_core.package_identification[0m [1;30mLevel 1[0m _identify(src/ipm/ipm_library) by extension 'colcon_meta'
[0.728s] [34mcolcon.colcon_core.package_identification[0m [1;30mLevel 1[0m _identify(src/ipm/ipm_library) by extensions ['ros']
[0.728s] [34mcolcon.colcon_core.package_identification[0m [1;30mLevel 1[0m _identify(src/ipm/ipm_library) by extension 'ros'
[0.730s] [34mcolcon.colcon_core.package_identification[0m [1;30mDEBUG[0m [32mPackage 'src/ipm/ipm_library' with type 'ros.ament_python' and name 'ipm_library'[0m
[0.730s] [34mcolcon.colcon_core.package_identification[0m [1;30mLevel 1[0m _identify(src/ipm/ipm_service) by extensions ['ignore', 'ignore_ament_install']
[0.730s] [34mcolcon.colcon_core.package_identification[0m [1;30mLevel 1[0m _identify(src/ipm/ipm_service) by extension 'ignore'
[0.730s] [34mcolcon.colcon_core.package_identification[0m [1;30mLevel 1[0m _identify(src/ipm/ipm_service) by extension 'ignore_ament_install'
[0.730s] [34mcolcon.colcon_core.package_identification[0m [1;30mLevel 1[0m _identify(src/ipm/ipm_service) by extensions ['colcon_pkg']
[0.730s] [34mcolcon.colcon_core.package_identification[0m [1;30mLevel 1[0m _identify(src/ipm/ipm_service) by extension 'colcon_pkg'
[0.730s] [34mcolcon.colcon_core.package_identification[0m [1;30mLevel 1[0m _identify(src/ipm/ipm_service) by extensions ['colcon_meta']
[0.730s] [34mcolcon.colcon_core.package_identification[0m [1;30mLevel 1[0m _identify(src/ipm/ipm_service) by extension 'colcon_meta'
[0.730s] [34mcolcon.colcon_core.package_identification[0m [1;30mLevel 1[0m _identify(src/ipm/ipm_service) by extensions ['ros']
[0.730s] [34mcolcon.colcon_core.package_identification[0m [1;30mLevel 1[0m _identify(src/ipm/ipm_service) by extension 'ros'
[0.732s] [34mcolcon.colcon_core.package_identification[0m [1;30mDEBUG[0m [32mPackage 'src/ipm/ipm_service' with type 'ros.ament_python' and name 'ipm_service'[0m
[0.732s] [34mcolcon.colcon_core.package_identification[0m [1;30mLevel 1[0m _identify(src/my_package) by extensions ['ignore', 'ignore_ament_install']
[0.732s] [34mcolcon.colcon_core.package_identification[0m [1;30mLevel 1[0m _identify(src/my_package) by extension 'ignore'
[0.732s] [34mcolcon.colcon_core.package_identification[0m [1;30mLevel 1[0m _identify(src/my_package) by extension 'ignore_ament_install'
[0.732s] [34mcolcon.colcon_core.package_identification[0m [1;30mLevel 1[0m _identify(src/my_package) by extensions ['colcon_pkg']
[0.732s] [34mcolcon.colcon_core.package_identification[0m [1;30mLevel 1[0m _identify(src/my_package) by extension 'colcon_pkg'
[0.732s] [34mcolcon.colcon_core.package_identification[0m [1;30mLevel 1[0m _identify(src/my_package) by extensions ['colcon_meta']
[0.732s] [34mcolcon.colcon_core.package_identification[0m [1;30mLevel 1[0m _identify(src/my_package) by extension 'colcon_meta'
[0.732s] [34mcolcon.colcon_core.package_identification[0m [1;30mLevel 1[0m _identify(src/my_package) by extensions ['ros']
[0.732s] [34mcolcon.colcon_core.package_identification[0m [1;30mLevel 1[0m _identify(src/my_package) by extension 'ros'
[0.733s] [34mcolcon.colcon_core.package_identification[0m [1;30mDEBUG[0m [32mPackage 'src/my_package' with type 'ros.ament_python' and name 'my_package'[0m
[0.734s] [34mcolcon.colcon_core.package_identification[0m [1;30mLevel 1[0m _identify(src/soccer_interfaces) by extensions ['ignore', 'ignore_ament_install']
[0.734s] [34mcolcon.colcon_core.package_identification[0m [1;30mLevel 1[0m _identify(src/soccer_interfaces) by extension 'ignore'
[0.734s] [34mcolcon.colcon_core.package_identification[0m [1;30mLevel 1[0m _identify(src/soccer_interfaces) by extension 'ignore_ament_install'
[0.734s] [34mcolcon.colcon_core.package_identification[0m [1;30mLevel 1[0m _identify(src/soccer_interfaces) by extensions ['colcon_pkg']
[0.734s] [34mcolcon.colcon_core.package_identification[0m [1;30mLevel 1[0m _identify(src/soccer_interfaces) by extension 'colcon_pkg'
[0.734s] [34mcolcon.colcon_core.package_identification[0m [1;30mLevel 1[0m _identify(src/soccer_interfaces) by extensions ['colcon_meta']
[0.734s] [34mcolcon.colcon_core.package_identification[0m [1;30mLevel 1[0m _identify(src/soccer_interfaces) by extension 'colcon_meta'
[0.734s] [34mcolcon.colcon_core.package_identification[0m [1;30mLevel 1[0m _identify(src/soccer_interfaces) by extensions ['ros']
[0.734s] [34mcolcon.colcon_core.package_identification[0m [1;30mLevel 1[0m _identify(src/soccer_interfaces) by extension 'ros'
[0.734s] [34mcolcon.colcon_core.package_identification[0m [1;30mLevel 1[0m _identify(src/soccer_interfaces) by extensions ['cmake', 'python']
[0.734s] [34mcolcon.colcon_core.package_identification[0m [1;30mLevel 1[0m _identify(src/soccer_interfaces) by extension 'cmake'
[0.734s] [34mcolcon.colcon_core.package_identification[0m [1;30mLevel 1[0m _identify(src/soccer_interfaces) by extension 'python'
[0.734s] [34mcolcon.colcon_core.package_identification[0m [1;30mLevel 1[0m _identify(src/soccer_interfaces) by extensions ['python_setup_py']
[0.734s] [34mcolcon.colcon_core.package_identification[0m [1;30mLevel 1[0m _identify(src/soccer_interfaces) by extension 'python_setup_py'
[0.735s] [34mcolcon.colcon_core.package_identification[0m [1;30mLevel 1[0m _identify(src/soccer_interfaces/soccer_geometry_msgs) by extensions ['ignore', 'ignore_ament_install']
[0.735s] [34mcolcon.colcon_core.package_identification[0m [1;30mLevel 1[0m _identify(src/soccer_interfaces/soccer_geometry_msgs) by extension 'ignore'
[0.735s] [34mcolcon.colcon_core.package_identification[0m [1;30mLevel 1[0m _identify(src/soccer_interfaces/soccer_geometry_msgs) by extension 'ignore_ament_install'
[0.735s] [34mcolcon.colcon_core.package_identification[0m [1;30mLevel 1[0m _identify(src/soccer_interfaces/soccer_geometry_msgs) by extensions ['colcon_pkg']
[0.735s] [34mcolcon.colcon_core.package_identification[0m [1;30mLevel 1[0m _identify(src/soccer_interfaces/soccer_geometry_msgs) by extension 'colcon_pkg'
[0.735s] [34mcolcon.colcon_core.package_identification[0m [1;30mLevel 1[0m _identify(src/soccer_interfaces/soccer_geometry_msgs) by extensions ['colcon_meta']
[0.735s] [34mcolcon.colcon_core.package_identification[0m [1;30mLevel 1[0m _identify(src/soccer_interfaces/soccer_geometry_msgs) by extension 'colcon_meta'
[0.735s] [34mcolcon.colcon_core.package_identification[0m [1;30mLevel 1[0m _identify(src/soccer_interfaces/soccer_geometry_msgs) by extensions ['ros']
[0.735s] [34mcolcon.colcon_core.package_identification[0m [1;30mLevel 1[0m _identify(src/soccer_interfaces/soccer_geometry_msgs) by extension 'ros'
[0.736s] [34mcolcon.colcon_core.package_identification[0m [1;30mDEBUG[0m [32mPackage 'src/soccer_interfaces/soccer_geometry_msgs' with type 'ros.ament_cmake' and name 'soccer_geometry_msgs'[0m
[0.736s] [34mcolcon.colcon_core.package_identification[0m [1;30mLevel 1[0m _identify(src/soccer_interfaces/soccer_interfaces) by extensions ['ignore', 'ignore_ament_install']
[0.736s] [34mcolcon.colcon_core.package_identification[0m [1;30mLevel 1[0m _identify(src/soccer_interfaces/soccer_interfaces) by extension 'ignore'
[0.737s] [34mcolcon.colcon_core.package_identification[0m [1;30mLevel 1[0m _identify(src/soccer_interfaces/soccer_interfaces) by extension 'ignore_ament_install'
[0.737s] [34mcolcon.colcon_core.package_identification[0m [1;30mLevel 1[0m _identify(src/soccer_interfaces/soccer_interfaces) by extensions ['colcon_pkg']
[0.737s] [34mcolcon.colcon_core.package_identification[0m [1;30mLevel 1[0m _identify(src/soccer_interfaces/soccer_interfaces) by extension 'colcon_pkg'
[0.737s] [34mcolcon.colcon_core.package_identification[0m [1;30mLevel 1[0m _identify(src/soccer_interfaces/soccer_interfaces) by extensions ['colcon_meta']
[0.737s] [34mcolcon.colcon_core.package_identification[0m [1;30mLevel 1[0m _identify(src/soccer_interfaces/soccer_interfaces) by extension 'colcon_meta'
[0.737s] [34mcolcon.colcon_core.package_identification[0m [1;30mLevel 1[0m _identify(src/soccer_interfaces/soccer_interfaces) by extensions ['ros']
[0.737s] [34mcolcon.colcon_core.package_identification[0m [1;30mLevel 1[0m _identify(src/soccer_interfaces/soccer_interfaces) by extension 'ros'
[0.738s] [34mcolcon.colcon_core.package_identification[0m [1;30mDEBUG[0m [32mPackage 'src/soccer_interfaces/soccer_interfaces' with type 'ros.ament_cmake' and name 'soccer_interfaces'[0m
[0.738s] [34mcolcon.colcon_core.package_identification[0m [1;30mLevel 1[0m _identify(src/soccer_interfaces/soccer_model_msgs) by extensions ['ignore', 'ignore_ament_install']
[0.738s] [34mcolcon.colcon_core.package_identification[0m [1;30mLevel 1[0m _identify(src/soccer_interfaces/soccer_model_msgs) by extension 'ignore'
[0.738s] [34mcolcon.colcon_core.package_identification[0m [1;30mLevel 1[0m _identify(src/soccer_interfaces/soccer_model_msgs) by extension 'ignore_ament_install'
[0.738s] [34mcolcon.colcon_core.package_identification[0m [1;30mLevel 1[0m _identify(src/soccer_interfaces/soccer_model_msgs) by extensions ['colcon_pkg']
[0.738s] [34mcolcon.colcon_core.package_identification[0m [1;30mLevel 1[0m _identify(src/soccer_interfaces/soccer_model_msgs) by extension 'colcon_pkg'
[0.738s] [34mcolcon.colcon_core.package_identification[0m [1;30mLevel 1[0m _identify(src/soccer_interfaces/soccer_model_msgs) by extensions ['colcon_meta']
[0.738s] [34mcolcon.colcon_core.package_identification[0m [1;30mLevel 1[0m _identify(src/soccer_interfaces/soccer_model_msgs) by extension 'colcon_meta'
[0.738s] [34mcolcon.colcon_core.package_identification[0m [1;30mLevel 1[0m _identify(src/soccer_interfaces/soccer_model_msgs) by extensions ['ros']
[0.738s] [34mcolcon.colcon_core.package_identification[0m [1;30mLevel 1[0m _identify(src/soccer_interfaces/soccer_model_msgs) by extension 'ros'
[0.740s] [34mcolcon.colcon_core.package_identification[0m [1;30mDEBUG[0m [32mPackage 'src/soccer_interfaces/soccer_model_msgs' with type 'ros.ament_cmake' and name 'soccer_model_msgs'[0m
[0.740s] [34mcolcon.colcon_core.package_identification[0m [1;30mLevel 1[0m _identify(src/soccer_interfaces/soccer_vision_2d_msgs) by extensions ['ignore', 'ignore_ament_install']
[0.740s] [34mcolcon.colcon_core.package_identification[0m [1;30mLevel 1[0m _identify(src/soccer_interfaces/soccer_vision_2d_msgs) by extension 'ignore'
[0.740s] [34mcolcon.colcon_core.package_identification[0m [1;30mLevel 1[0m _identify(src/soccer_interfaces/soccer_vision_2d_msgs) by extension 'ignore_ament_install'
[0.740s] [34mcolcon.colcon_core.package_identification[0m [1;30mLevel 1[0m _identify(src/soccer_interfaces/soccer_vision_2d_msgs) by extensions ['colcon_pkg']
[0.740s] [34mcolcon.colcon_core.package_identification[0m [1;30mLevel 1[0m _identify(src/soccer_interfaces/soccer_vision_2d_msgs) by extension 'colcon_pkg'
[0.740s] [34mcolcon.colcon_core.package_identification[0m [1;30mLevel 1[0m _identify(src/soccer_interfaces/soccer_vision_2d_msgs) by extensions ['colcon_meta']
[0.740s] [34mcolcon.colcon_core.package_identification[0m [1;30mLevel 1[0m _identify(src/soccer_interfaces/soccer_vision_2d_msgs) by extension 'colcon_meta'
[0.740s] [34mcolcon.colcon_core.package_identification[0m [1;30mLevel 1[0m _identify(src/soccer_interfaces/soccer_vision_2d_msgs) by extensions ['ros']
[0.740s] [34mcolcon.colcon_core.package_identification[0m [1;30mLevel 1[0m _identify(src/soccer_interfaces/soccer_vision_2d_msgs) by extension 'ros'
[0.741s] [34mcolcon.colcon_core.package_identification[0m [1;30mDEBUG[0m [32mPackage 'src/soccer_interfaces/soccer_vision_2d_msgs' with type 'ros.ament_cmake' and name 'soccer_vision_2d_msgs'[0m
[0.742s] [34mcolcon.colcon_core.package_identification[0m [1;30mLevel 1[0m _identify(src/soccer_interfaces/soccer_vision_3d_msgs) by extensions ['ignore', 'ignore_ament_install']
[0.742s] [34mcolcon.colcon_core.package_identification[0m [1;30mLevel 1[0m _identify(src/soccer_interfaces/soccer_vision_3d_msgs) by extension 'ignore'
[0.742s] [34mcolcon.colcon_core.package_identification[0m [1;30mLevel 1[0m _identify(src/soccer_interfaces/soccer_vision_3d_msgs) by extension 'ignore_ament_install'
[0.742s] [34mcolcon.colcon_core.package_identification[0m [1;30mLevel 1[0m _identify(src/soccer_interfaces/soccer_vision_3d_msgs) by extensions ['colcon_pkg']
[0.742s] [34mcolcon.colcon_core.package_identification[0m [1;30mLevel 1[0m _identify(src/soccer_interfaces/soccer_vision_3d_msgs) by extension 'colcon_pkg'
[0.742s] [34mcolcon.colcon_core.package_identification[0m [1;30mLevel 1[0m _identify(src/soccer_interfaces/soccer_vision_3d_msgs) by extensions ['colcon_meta']
[0.742s] [34mcolcon.colcon_core.package_identification[0m [1;30mLevel 1[0m _identify(src/soccer_interfaces/soccer_vision_3d_msgs) by extension 'colcon_meta'
[0.742s] [34mcolcon.colcon_core.package_identification[0m [1;30mLevel 1[0m _identify(src/soccer_interfaces/soccer_vision_3d_msgs) by extensions ['ros']
[0.742s] [34mcolcon.colcon_core.package_identification[0m [1;30mLevel 1[0m _identify(src/soccer_interfaces/soccer_vision_3d_msgs) by extension 'ros'
[0.743s] [34mcolcon.colcon_core.package_identification[0m [1;30mDEBUG[0m [32mPackage 'src/soccer_interfaces/soccer_vision_3d_msgs' with type 'ros.ament_cmake' and name 'soccer_vision_3d_msgs'[0m
[0.744s] [34mcolcon.colcon_core.package_identification[0m [1;30mLevel 1[0m _identify(src/soccer_interfaces/soccer_vision_attribute_msgs) by extensions ['ignore', 'ignore_ament_install']
[0.744s] [34mcolcon.colcon_core.package_identification[0m [1;30mLevel 1[0m _identify(src/soccer_interfaces/soccer_vision_attribute_msgs) by extension 'ignore'
[0.744s] [34mcolcon.colcon_core.package_identification[0m [1;30mLevel 1[0m _identify(src/soccer_interfaces/soccer_vision_attribute_msgs) by extension 'ignore_ament_install'
[0.744s] [34mcolcon.colcon_core.package_identification[0m [1;30mLevel 1[0m _identify(src/soccer_interfaces/soccer_vision_attribute_msgs) by extensions ['colcon_pkg']
[0.744s] [34mcolcon.colcon_core.package_identification[0m [1;30mLevel 1[0m _identify(src/soccer_interfaces/soccer_vision_attribute_msgs) by extension 'colcon_pkg'
[0.744s] [34mcolcon.colcon_core.package_identification[0m [1;30mLevel 1[0m _identify(src/soccer_interfaces/soccer_vision_attribute_msgs) by extensions ['colcon_meta']
[0.744s] [34mcolcon.colcon_core.package_identification[0m [1;30mLevel 1[0m _identify(src/soccer_interfaces/soccer_vision_attribute_msgs) by extension 'colcon_meta'
[0.744s] [34mcolcon.colcon_core.package_identification[0m [1;30mLevel 1[0m _identify(src/soccer_interfaces/soccer_vision_attribute_msgs) by extensions ['ros']
[0.744s] [34mcolcon.colcon_core.package_identification[0m [1;30mLevel 1[0m _identify(src/soccer_interfaces/soccer_vision_attribute_msgs) by extension 'ros'
[0.745s] [34mcolcon.colcon_core.package_identification[0m [1;30mDEBUG[0m [32mPackage 'src/soccer_interfaces/soccer_vision_attribute_msgs' with type 'ros.ament_cmake' and name 'soccer_vision_attribute_msgs'[0m
[0.745s] [34mcolcon.colcon_core.package_identification[0m [1;30mLevel 1[0m _identify(src/soccer_ipm) by extensions ['ignore', 'ignore_ament_install']
[0.745s] [34mcolcon.colcon_core.package_identification[0m [1;30mLevel 1[0m _identify(src/soccer_ipm) by extension 'ignore'
[0.745s] [34mcolcon.colcon_core.package_identification[0m [1;30mLevel 1[0m _identify(src/soccer_ipm) by extension 'ignore_ament_install'
[0.745s] [34mcolcon.colcon_core.package_identification[0m [1;30mLevel 1[0m _identify(src/soccer_ipm) by extensions ['colcon_pkg']
[0.745s] [34mcolcon.colcon_core.package_identification[0m [1;30mLevel 1[0m _identify(src/soccer_ipm) by extension 'colcon_pkg'
[0.745s] [34mcolcon.colcon_core.package_identification[0m [1;30mLevel 1[0m _identify(src/soccer_ipm) by extensions ['colcon_meta']
[0.745s] [34mcolcon.colcon_core.package_identification[0m [1;30mLevel 1[0m _identify(src/soccer_ipm) by extension 'colcon_meta'
[0.745s] [34mcolcon.colcon_core.package_identification[0m [1;30mLevel 1[0m _identify(src/soccer_ipm) by extensions ['ros']
[0.745s] [34mcolcon.colcon_core.package_identification[0m [1;30mLevel 1[0m _identify(src/soccer_ipm) by extension 'ros'
[0.746s] [34mcolcon.colcon_core.package_identification[0m [1;30mLevel 1[0m _identify(src/soccer_ipm) by extensions ['cmake', 'python']
[0.746s] [34mcolcon.colcon_core.package_identification[0m [1;30mLevel 1[0m _identify(src/soccer_ipm) by extension 'cmake'
[0.746s] [34mcolcon.colcon_core.package_identification[0m [1;30mLevel 1[0m _identify(src/soccer_ipm) by extension 'python'
[0.746s] [34mcolcon.colcon_core.package_identification[0m [1;30mLevel 1[0m _identify(src/soccer_ipm) by extensions ['python_setup_py']
[0.746s] [34mcolcon.colcon_core.package_identification[0m [1;30mLevel 1[0m _identify(src/soccer_ipm) by extension 'python_setup_py'
[0.746s] [34mcolcon.colcon_core.package_identification[0m [1;30mLevel 1[0m _identify(src/soccer_ipm/soccer_ipm) by extensions ['ignore', 'ignore_ament_install']
[0.746s] [34mcolcon.colcon_core.package_identification[0m [1;30mLevel 1[0m _identify(src/soccer_ipm/soccer_ipm) by extension 'ignore'
[0.746s] [34mcolcon.colcon_core.package_identification[0m [1;30mLevel 1[0m _identify(src/soccer_ipm/soccer_ipm) by extension 'ignore_ament_install'
[0.746s] [34mcolcon.colcon_core.package_identification[0m [1;30mLevel 1[0m _identify(src/soccer_ipm/soccer_ipm) by extensions ['colcon_pkg']
[0.746s] [34mcolcon.colcon_core.package_identification[0m [1;30mLevel 1[0m _identify(src/soccer_ipm/soccer_ipm) by extension 'colcon_pkg'
[0.746s] [34mcolcon.colcon_core.package_identification[0m [1;30mLevel 1[0m _identify(src/soccer_ipm/soccer_ipm) by extensions ['colcon_meta']
[0.746s] [34mcolcon.colcon_core.package_identification[0m [1;30mLevel 1[0m _identify(src/soccer_ipm/soccer_ipm) by extension 'colcon_meta'
[0.746s] [34mcolcon.colcon_core.package_identification[0m [1;30mLevel 1[0m _identify(src/soccer_ipm/soccer_ipm) by extensions ['ros']
[0.746s] [34mcolcon.colcon_core.package_identification[0m [1;30mLevel 1[0m _identify(src/soccer_ipm/soccer_ipm) by extension 'ros'
[0.747s] [34mcolcon.colcon_core.package_identification[0m [1;30mDEBUG[0m [32mPackage 'src/soccer_ipm/soccer_ipm' with type 'ros.ament_python' and name 'soccer_ipm'[0m
[0.747s] [34mcolcon.colcon_core.package_discovery[0m [1;30mLevel 1[0m discover_packages(recursive) using defaults
[0.747s] [34mcolcon.colcon_core.package_discovery[0m [1;30mLevel 1[0m discover_packages(ignore) discover
[0.747s] [34mcolcon.colcon_core.package_discovery[0m [1;30mLevel 1[0m discover_packages(ignore) using defaults
[0.747s] [34mcolcon.colcon_core.package_discovery[0m [1;30mLevel 1[0m discover_packages(path) discover
[0.747s] [34mcolcon.colcon_core.package_discovery[0m [1;30mLevel 1[0m discover_packages(path) using defaults
[0.780s] [34mcolcon.colcon_core.package_discovery[0m [1;30mLevel 1[0m discover_packages(prefix_path) check parameters
[0.780s] [34mcolcon.colcon_core.package_discovery[0m [1;30mLevel 1[0m discover_packages(prefix_path) discover
[0.785s] [34mcolcon.colcon_installed_package_information.package_discovery[0m [1;30mDEBUG[0m [32mFound 13 installed packages in /home/ivan/Webots_YOLOv8/install[0m
[0.786s] [34mcolcon.colcon_installed_package_information.package_discovery[0m [1;30mDEBUG[0m [32mFound 5 installed packages in /home/ivan/ros2_ws/install[0m
[0.789s] [34mcolcon.colcon_installed_package_information.package_discovery[0m [1;30mDEBUG[0m [32mFound 317 installed packages in /opt/ros/humble[0m
[0.792s] [34mcolcon.colcon_core.package_discovery[0m [1;30mLevel 1[0m discover_packages(prefix_path) using defaults
[0.886s] [34mcolcon.colcon_core.verb[0m [1;30mLevel 5[0m set package 'ipm_interfaces' build argument 'cmake_args' from command line to 'None'
[0.886s] [34mcolcon.colcon_core.verb[0m [1;30mLevel 5[0m set package 'ipm_interfaces' build argument 'cmake_target' from command line to 'None'
[0.886s] [34mcolcon.colcon_core.verb[0m [1;30mLevel 5[0m set package 'ipm_interfaces' build argument 'cmake_target_skip_unavailable' from command line to 'False'
[0.886s] [34mcolcon.colcon_core.verb[0m [1;30mLevel 5[0m set package 'ipm_interfaces' build argument 'cmake_clean_cache' from command line to 'False'
[0.886s] [34mcolcon.colcon_core.verb[0m [1;30mLevel 5[0m set package 'ipm_interfaces' build argument 'cmake_clean_first' from command line to 'False'
[0.886s] [34mcolcon.colcon_core.verb[0m [1;30mLevel 5[0m set package 'ipm_interfaces' build argument 'cmake_force_configure' from command line to 'False'
[0.886s] [34mcolcon.colcon_core.verb[0m [1;30mLevel 5[0m set package 'ipm_interfaces' build argument 'ament_cmake_args' from command line to 'None'
[0.886s] [34mcolcon.colcon_core.verb[0m [1;30mLevel 5[0m set package 'ipm_interfaces' build argument 'catkin_cmake_args' from command line to 'None'
[0.886s] [34mcolcon.colcon_core.verb[0m [1;30mLevel 5[0m set package 'ipm_interfaces' build argument 'catkin_skip_building_tests' from command line to 'False'
[0.886s] [34mcolcon.colcon_core.verb[0m [1;30mDEBUG[0m [32mBuilding package 'ipm_interfaces' with the following arguments: {'ament_cmake_args': None, 'build_base': '/home/ivan/Webots_YOLOv8/build/ipm_interfaces', 'catkin_cmake_args': None, 'catkin_skip_building_tests': False, 'cmake_args': None, 'cmake_clean_cache': False, 'cmake_clean_first': False, 'cmake_force_configure': False, 'cmake_target': None, 'cmake_target_skip_unavailable': False, 'install_base': '/home/ivan/Webots_YOLOv8/install/ipm_interfaces', 'merge_install': False, 'path': '/home/ivan/Webots_YOLOv8/src/ipm/ipm_interfaces', 'symlink_install': False, 'test_result_base': None}[0m
[0.887s] [34mcolcon.colcon_core.verb[0m [1;30mLevel 5[0m set package 'my_package' build argument 'cmake_args' from command line to 'None'
[0.887s] [34mcolcon.colcon_core.verb[0m [1;30mLevel 5[0m set package 'my_package' build argument 'cmake_target' from command line to 'None'
[0.887s] [34mcolcon.colcon_core.verb[0m [1;30mLevel 5[0m set package 'my_package' build argument 'cmake_target_skip_unavailable' from command line to 'False'
[0.887s] [34mcolcon.colcon_core.verb[0m [1;30mLevel 5[0m set package 'my_package' build argument 'cmake_clean_cache' from command line to 'False'
[0.887s] [34mcolcon.colcon_core.verb[0m [1;30mLevel 5[0m set package 'my_package' build argument 'cmake_clean_first' from command line to 'False'
[0.887s] [34mcolcon.colcon_core.verb[0m [1;30mLevel 5[0m set package 'my_package' build argument 'cmake_force_configure' from command line to 'False'
[0.887s] [34mcolcon.colcon_core.verb[0m [1;30mLevel 5[0m set package 'my_package' build argument 'ament_cmake_args' from command line to 'None'
[0.887s] [34mcolcon.colcon_core.verb[0m [1;30mLevel 5[0m set package 'my_package' build argument 'catkin_cmake_args' from command line to 'None'
[0.887s] [34mcolcon.colcon_core.verb[0m [1;30mLevel 5[0m set package 'my_package' build argument 'catkin_skip_building_tests' from command line to 'False'
[0.887s] [34mcolcon.colcon_core.verb[0m [1;30mDEBUG[0m [32mBuilding package 'my_package' with the following arguments: {'ament_cmake_args': None, 'build_base': '/home/ivan/Webots_YOLOv8/build/my_package', 'catkin_cmake_args': None, 'catkin_skip_building_tests': False, 'cmake_args': None, 'cmake_clean_cache': False, 'cmake_clean_first': False, 'cmake_force_configure': False, 'cmake_target': None, 'cmake_target_skip_unavailable': False, 'install_base': '/home/ivan/Webots_YOLOv8/install/my_package', 'merge_install': False, 'path': '/home/ivan/Webots_YOLOv8/src/my_package', 'symlink_install': False, 'test_result_base': None}[0m
[0.888s] [34mcolcon.colcon_core.verb[0m [1;30mLevel 5[0m set package 'soccer_geometry_msgs' build argument 'cmake_args' from command line to 'None'
[0.888s] [34mcolcon.colcon_core.verb[0m [1;30mLevel 5[0m set package 'soccer_geometry_msgs' build argument 'cmake_target' from command line to 'None'
[0.888s] [34mcolcon.colcon_core.verb[0m [1;30mLevel 5[0m set package 'soccer_geometry_msgs' build argument 'cmake_target_skip_unavailable' from command line to 'False'
[0.888s] [34mcolcon.colcon_core.verb[0m [1;30mLevel 5[0m set package 'soccer_geometry_msgs' build argument 'cmake_clean_cache' from command line to 'False'
[0.888s] [34mcolcon.colcon_core.verb[0m [1;30mLevel 5[0m set package 'soccer_geometry_msgs' build argument 'cmake_clean_first' from command line to 'False'
[0.888s] [34mcolcon.colcon_core.verb[0m [1;30mLevel 5[0m set package 'soccer_geometry_msgs' build argument 'cmake_force_configure' from command line to 'False'
[0.888s] [34mcolcon.colcon_core.verb[0m [1;30mLevel 5[0m set package 'soccer_geometry_msgs' build argument 'ament_cmake_args' from command line to 'None'
[0.888s] [34mcolcon.colcon_core.verb[0m [1;30mLevel 5[0m set package 'soccer_geometry_msgs' build argument 'catkin_cmake_args' from command line to 'None'
[0.888s] [34mcolcon.colcon_core.verb[0m [1;30mLevel 5[0m set package 'soccer_geometry_msgs' build argument 'catkin_skip_building_tests' from command line to 'False'
[0.888s] [34mcolcon.colcon_core.verb[0m [1;30mDEBUG[0m [32mBuilding package 'soccer_geometry_msgs' with the following arguments: {'ament_cmake_args': None, 'build_base': '/home/ivan/Webots_YOLOv8/build/soccer_geometry_msgs', 'catkin_cmake_args': None, 'catkin_skip_building_tests': False, 'cmake_args': None, 'cmake_clean_cache': False, 'cmake_clean_first': False, 'cmake_force_configure': False, 'cmake_target': None, 'cmake_target_skip_unavailable': False, 'install_base': '/home/ivan/Webots_YOLOv8/install/soccer_geometry_msgs', 'merge_install': False, 'path': '/home/ivan/Webots_YOLOv8/src/soccer_interfaces/soccer_geometry_msgs', 'symlink_install': False, 'test_result_base': None}[0m
[0.888s] [34mcolcon.colcon_core.verb[0m [1;30mLevel 5[0m set package 'soccer_vision_attribute_msgs' build argument 'cmake_args' from command line to 'None'
[0.888s] [34mcolcon.colcon_core.verb[0m [1;30mLevel 5[0m set package 'soccer_vision_attribute_msgs' build argument 'cmake_target' from command line to 'None'
[0.888s] [34mcolcon.colcon_core.verb[0m [1;30mLevel 5[0m set package 'soccer_vision_attribute_msgs' build argument 'cmake_target_skip_unavailable' from command line to 'False'
[0.888s] [34mcolcon.colcon_core.verb[0m [1;30mLevel 5[0m set package 'soccer_vision_attribute_msgs' build argument 'cmake_clean_cache' from command line to 'False'
[0.888s] [34mcolcon.colcon_core.verb[0m [1;30mLevel 5[0m set package 'soccer_vision_attribute_msgs' build argument 'cmake_clean_first' from command line to 'False'
[0.888s] [34mcolcon.colcon_core.verb[0m [1;30mLevel 5[0m set package 'soccer_vision_attribute_msgs' build argument 'cmake_force_configure' from command line to 'False'
[0.888s] [34mcolcon.colcon_core.verb[0m [1;30mLevel 5[0m set package 'soccer_vision_attribute_msgs' build argument 'ament_cmake_args' from command line to 'None'
[0.889s] [34mcolcon.colcon_core.verb[0m [1;30mLevel 5[0m set package 'soccer_vision_attribute_msgs' build argument 'catkin_cmake_args' from command line to 'None'
[0.889s] [34mcolcon.colcon_core.verb[0m [1;30mLevel 5[0m set package 'soccer_vision_attribute_msgs' build argument 'catkin_skip_building_tests' from command line to 'False'
[0.889s] [34mcolcon.colcon_core.verb[0m [1;30mDEBUG[0m [32mBuilding package 'soccer_vision_attribute_msgs' with the following arguments: {'ament_cmake_args': None, 'build_base': '/home/ivan/Webots_YOLOv8/build/soccer_vision_attribute_msgs', 'catkin_cmake_args': None, 'catkin_skip_building_tests': False, 'cmake_args': None, 'cmake_clean_cache': False, 'cmake_clean_first': False, 'cmake_force_configure': False, 'cmake_target': None, 'cmake_target_skip_unavailable': False, 'install_base': '/home/ivan/Webots_YOLOv8/install/soccer_vision_attribute_msgs', 'merge_install': False, 'path': '/home/ivan/Webots_YOLOv8/src/soccer_interfaces/soccer_vision_attribute_msgs', 'symlink_install': False, 'test_result_base': None}[0m
[0.889s] [34mcolcon.colcon_core.verb[0m [1;30mLevel 5[0m set package 'ipm_library' build argument 'cmake_args' from command line to 'None'
[0.889s] [34mcolcon.colcon_core.verb[0m [1;30mLevel 5[0m set package 'ipm_library' build argument 'cmake_target' from command line to 'None'
[0.889s] [34mcolcon.colcon_core.verb[0m [1;30mLevel 5[0m set package 'ipm_library' build argument 'cmake_target_skip_unavailable' from command line to 'False'
[0.889s] [34mcolcon.colcon_core.verb[0m [1;30mLevel 5[0m set package 'ipm_library' build argument 'cmake_clean_cache' from command line to 'False'
[0.889s] [34mcolcon.colcon_core.verb[0m [1;30mLevel 5[0m set package 'ipm_library' build argument 'cmake_clean_first' from command line to 'False'
[0.889s] [34mcolcon.colcon_core.verb[0m [1;30mLevel 5[0m set package 'ipm_library' build argument 'cmake_force_configure' from command line to 'False'
[0.889s] [34mcolcon.colcon_core.verb[0m [1;30mLevel 5[0m set package 'ipm_library' build argument 'ament_cmake_args' from command line to 'None'
[0.889s] [34mcolcon.colcon_core.verb[0m [1;30mLevel 5[0m set package 'ipm_library' build argument 'catkin_cmake_args' from command line to 'None'
[0.889s] [34mcolcon.colcon_core.verb[0m [1;30mLevel 5[0m set package 'ipm_library' build argument 'catkin_skip_building_tests' from command line to 'False'
[0.889s] [34mcolcon.colcon_core.verb[0m [1;30mDEBUG[0m [32mBuilding package 'ipm_library' with the following arguments: {'ament_cmake_args': None, 'build_base': '/home/ivan/Webots_YOLOv8/build/ipm_library', 'catkin_cmake_args': None, 'catkin_skip_building_tests': False, 'cmake_args': None, 'cmake_clean_cache': False, 'cmake_clean_first': False, 'cmake_force_configure': False, 'cmake_target': None, 'cmake_target_skip_unavailable': False, 'install_base': '/home/ivan/Webots_YOLOv8/install/ipm_library', 'merge_install': False, 'path': '/home/ivan/Webots_YOLOv8/src/ipm/ipm_library', 'symlink_install': False, 'test_result_base': None}[0m
[0.890s] [34mcolcon.colcon_core.verb[0m [1;30mLevel 5[0m set package 'soccer_model_msgs' build argument 'cmake_args' from command line to 'None'
[0.890s] [34mcolcon.colcon_core.verb[0m [1;30mLevel 5[0m set package 'soccer_model_msgs' build argument 'cmake_target' from command line to 'None'
[0.890s] [34mcolcon.colcon_core.verb[0m [1;30mLevel 5[0m set package 'soccer_model_msgs' build argument 'cmake_target_skip_unavailable' from command line to 'False'
[0.890s] [34mcolcon.colcon_core.verb[0m [1;30mLevel 5[0m set package 'soccer_model_msgs' build argument 'cmake_clean_cache' from command line to 'False'
[0.890s] [34mcolcon.colcon_core.verb[0m [1;30mLevel 5[0m set package 'soccer_model_msgs' build argument 'cmake_clean_first' from command line to 'False'
[0.890s] [34mcolcon.colcon_core.verb[0m [1;30mLevel 5[0m set package 'soccer_model_msgs' build argument 'cmake_force_configure' from command line to 'False'
[0.890s] [34mcolcon.colcon_core.verb[0m [1;30mLevel 5[0m set package 'soccer_model_msgs' build argument 'ament_cmake_args' from command line to 'None'
[0.890s] [34mcolcon.colcon_core.verb[0m [1;30mLevel 5[0m set package 'soccer_model_msgs' build argument 'catkin_cmake_args' from command line to 'None'
[0.890s] [34mcolcon.colcon_core.verb[0m [1;30mLevel 5[0m set package 'soccer_model_msgs' build argument 'catkin_skip_building_tests' from command line to 'False'
[0.890s] [34mcolcon.colcon_core.verb[0m [1;30mDEBUG[0m [32mBuilding package 'soccer_model_msgs' with the following arguments: {'ament_cmake_args': None, 'build_base': '/home/ivan/Webots_YOLOv8/build/soccer_model_msgs', 'catkin_cmake_args': None, 'catkin_skip_building_tests': False, 'cmake_args': None, 'cmake_clean_cache': False, 'cmake_clean_first': False, 'cmake_force_configure': False, 'cmake_target': None, 'cmake_target_skip_unavailable': False, 'install_base': '/home/ivan/Webots_YOLOv8/install/soccer_model_msgs', 'merge_install': False, 'path': '/home/ivan/Webots_YOLOv8/src/soccer_interfaces/soccer_model_msgs', 'symlink_install': False, 'test_result_base': None}[0m
[0.890s] [34mcolcon.colcon_core.verb[0m [1;30mLevel 5[0m set package 'soccer_vision_2d_msgs' build argument 'cmake_args' from command line to 'None'
[0.890s] [34mcolcon.colcon_core.verb[0m [1;30mLevel 5[0m set package 'soccer_vision_2d_msgs' build argument 'cmake_target' from command line to 'None'
[0.890s] [34mcolcon.colcon_core.verb[0m [1;30mLevel 5[0m set package 'soccer_vision_2d_msgs' build argument 'cmake_target_skip_unavailable' from command line to 'False'
[0.890s] [34mcolcon.colcon_core.verb[0m [1;30mLevel 5[0m set package 'soccer_vision_2d_msgs' build argument 'cmake_clean_cache' from command line to 'False'
[0.890s] [34mcolcon.colcon_core.verb[0m [1;30mLevel 5[0m set package 'soccer_vision_2d_msgs' build argument 'cmake_clean_first' from command line to 'False'
[0.891s] [34mcolcon.colcon_core.verb[0m [1;30mLevel 5[0m set package 'soccer_vision_2d_msgs' build argument 'cmake_force_configure' from command line to 'False'
[0.891s] [34mcolcon.colcon_core.verb[0m [1;30mLevel 5[0m set package 'soccer_vision_2d_msgs' build argument 'ament_cmake_args' from command line to 'None'
[0.891s] [34mcolcon.colcon_core.verb[0m [1;30mLevel 5[0m set package 'soccer_vision_2d_msgs' build argument 'catkin_cmake_args' from command line to 'None'
[0.891s] [34mcolcon.colcon_core.verb[0m [1;30mLevel 5[0m set package 'soccer_vision_2d_msgs' build argument 'catkin_skip_building_tests' from command line to 'False'
[0.891s] [34mcolcon.colcon_core.verb[0m [1;30mDEBUG[0m [32mBuilding package 'soccer_vision_2d_msgs' with the following arguments: {'ament_cmake_args': None, 'build_base': '/home/ivan/Webots_YOLOv8/build/soccer_vision_2d_msgs', 'catkin_cmake_args': None, 'catkin_skip_building_tests': False, 'cmake_args': None, 'cmake_clean_cache': False, 'cmake_clean_first': False, 'cmake_force_configure': False, 'cmake_target': None, 'cmake_target_skip_unavailable': False, 'install_base': '/home/ivan/Webots_YOLOv8/install/soccer_vision_2d_msgs', 'merge_install': False, 'path': '/home/ivan/Webots_YOLOv8/src/soccer_interfaces/soccer_vision_2d_msgs', 'symlink_install': False, 'test_result_base': None}[0m
[0.891s] [34mcolcon.colcon_core.verb[0m [1;30mLevel 5[0m set package 'soccer_vision_3d_msgs' build argument 'cmake_args' from command line to 'None'
[0.891s] [34mcolcon.colcon_core.verb[0m [1;30mLevel 5[0m set package 'soccer_vision_3d_msgs' build argument 'cmake_target' from command line to 'None'
[0.891s] [34mcolcon.colcon_core.verb[0m [1;30mLevel 5[0m set package 'soccer_vision_3d_msgs' build argument 'cmake_target_skip_unavailable' from command line to 'False'
[0.891s] [34mcolcon.colcon_core.verb[0m [1;30mLevel 5[0m set package 'soccer_vision_3d_msgs' build argument 'cmake_clean_cache' from command line to 'False'
[0.891s] [34mcolcon.colcon_core.verb[0m [1;30mLevel 5[0m set package 'soccer_vision_3d_msgs' build argument 'cmake_clean_first' from command line to 'False'
[0.891s] [34mcolcon.colcon_core.verb[0m [1;30mLevel 5[0m set package 'soccer_vision_3d_msgs' build argument 'cmake_force_configure' from command line to 'False'
[0.891s] [34mcolcon.colcon_core.verb[0m [1;30mLevel 5[0m set package 'soccer_vision_3d_msgs' build argument 'ament_cmake_args' from command line to 'None'
[0.891s] [34mcolcon.colcon_core.verb[0m [1;30mLevel 5[0m set package 'soccer_vision_3d_msgs' build argument 'catkin_cmake_args' from command line to 'None'
[0.891s] [34mcolcon.colcon_core.verb[0m [1;30mLevel 5[0m set package 'soccer_vision_3d_msgs' build argument 'catkin_skip_building_tests' from command line to 'False'
[0.891s] [34mcolcon.colcon_core.verb[0m [1;30mDEBUG[0m [32mBuilding package 'soccer_vision_3d_msgs' with the following arguments: {'ament_cmake_args': None, 'build_base': '/home/ivan/Webots_YOLOv8/build/soccer_vision_3d_msgs', 'catkin_cmake_args': None, 'catkin_skip_building_tests': False, 'cmake_args': None, 'cmake_clean_cache': False, 'cmake_clean_first': False, 'cmake_force_configure': False, 'cmake_target': None, 'cmake_target_skip_unavailable': False, 'install_base': '/home/ivan/Webots_YOLOv8/install/soccer_vision_3d_msgs', 'merge_install': False, 'path': '/home/ivan/Webots_YOLOv8/src/soccer_interfaces/soccer_vision_3d_msgs', 'symlink_install': False, 'test_result_base': None}[0m
[0.892s] [34mcolcon.colcon_core.verb[0m [1;30mLevel 5[0m set package 'ipm_image_node' build argument 'cmake_args' from command line to 'None'
[0.892s] [34mcolcon.colcon_core.verb[0m [1;30mLevel 5[0m set package 'ipm_image_node' build argument 'cmake_target' from command line to 'None'
[0.892s] [34mcolcon.colcon_core.verb[0m [1;30mLevel 5[0m set package 'ipm_image_node' build argument 'cmake_target_skip_unavailable' from command line to 'False'
[0.892s] [34mcolcon.colcon_core.verb[0m [1;30mLevel 5[0m set package 'ipm_image_node' build argument 'cmake_clean_cache' from command line to 'False'
[0.892s] [34mcolcon.colcon_core.verb[0m [1;30mLevel 5[0m set package 'ipm_image_node' build argument 'cmake_clean_first' from command line to 'False'
[0.892s] [34mcolcon.colcon_core.verb[0m [1;30mLevel 5[0m set package 'ipm_image_node' build argument 'cmake_force_configure' from command line to 'False'
[0.892s] [34mcolcon.colcon_core.verb[0m [1;30mLevel 5[0m set package 'ipm_image_node' build argument 'ament_cmake_args' from command line to 'None'
[0.892s] [34mcolcon.colcon_core.verb[0m [1;30mLevel 5[0m set package 'ipm_image_node' build argument 'catkin_cmake_args' from command line to 'None'
[0.892s] [34mcolcon.colcon_core.verb[0m [1;30mLevel 5[0m set package 'ipm_image_node' build argument 'catkin_skip_building_tests' from command line to 'False'
[0.892s] [34mcolcon.colcon_core.verb[0m [1;30mDEBUG[0m [32mBuilding package 'ipm_image_node' with the following arguments: {'ament_cmake_args': None, 'build_base': '/home/ivan/Webots_YOLOv8/build/ipm_image_node', 'catkin_cmake_args': None, 'catkin_skip_building_tests': False, 'cmake_args': None, 'cmake_clean_cache': False, 'cmake_clean_first': False, 'cmake_force_configure': False, 'cmake_target': None, 'cmake_target_skip_unavailable': False, 'install_base': '/home/ivan/Webots_YOLOv8/install/ipm_image_node', 'merge_install': False, 'path': '/home/ivan/Webots_YOLOv8/src/ipm/ipm_image_node', 'symlink_install': False, 'test_result_base': None}[0m
[0.892s] [34mcolcon.colcon_core.verb[0m [1;30mLevel 5[0m set package 'ipm_service' build argument 'cmake_args' from command line to 'None'
[0.892s] [34mcolcon.colcon_core.verb[0m [1;30mLevel 5[0m set package 'ipm_service' build argument 'cmake_target' from command line to 'None'
[0.893s] [34mcolcon.colcon_core.verb[0m [1;30mLevel 5[0m set package 'ipm_service' build argument 'cmake_target_skip_unavailable' from command line to 'False'
[0.893s] [34mcolcon.colcon_core.verb[0m [1;30mLevel 5[0m set package 'ipm_service' build argument 'cmake_clean_cache' from command line to 'False'
[0.893s] [34mcolcon.colcon_core.verb[0m [1;30mLevel 5[0m set package 'ipm_service' build argument 'cmake_clean_first' from command line to 'False'
[0.893s] [34mcolcon.colcon_core.verb[0m [1;30mLevel 5[0m set package 'ipm_service' build argument 'cmake_force_configure' from command line to 'False'
[0.893s] [34mcolcon.colcon_core.verb[0m [1;30mLevel 5[0m set package 'ipm_service' build argument 'ament_cmake_args' from command line to 'None'
[0.893s] [34mcolcon.colcon_core.verb[0m [1;30mLevel 5[0m set package 'ipm_service' build argument 'catkin_cmake_args' from command line to 'None'
[0.893s] [34mcolcon.colcon_core.verb[0m [1;30mLevel 5[0m set package 'ipm_service' build argument 'catkin_skip_building_tests' from command line to 'False'
[0.893s] [34mcolcon.colcon_core.verb[0m [1;30mDEBUG[0m [32mBuilding package 'ipm_service' with the following arguments: {'ament_cmake_args': None, 'build_base': '/home/ivan/Webots_YOLOv8/build/ipm_service', 'catkin_cmake_args': None, 'catkin_skip_building_tests': False, 'cmake_args': None, 'cmake_clean_cache': False, 'cmake_clean_first': False, 'cmake_force_configure': False, 'cmake_target': None, 'cmake_target_skip_unavailable': False, 'install_base': '/home/ivan/Webots_YOLOv8/install/ipm_service', 'merge_install': False, 'path': '/home/ivan/Webots_YOLOv8/src/ipm/ipm_service', 'symlink_install': False, 'test_result_base': None}[0m
[0.893s] [34mcolcon.colcon_core.verb[0m [1;30mLevel 5[0m set package 'soccer_interfaces' build argument 'cmake_args' from command line to 'None'
[0.893s] [34mcolcon.colcon_core.verb[0m [1;30mLevel 5[0m set package 'soccer_interfaces' build argument 'cmake_target' from command line to 'None'
[0.893s] [34mcolcon.colcon_core.verb[0m [1;30mLevel 5[0m set package 'soccer_interfaces' build argument 'cmake_target_skip_unavailable' from command line to 'False'
[0.893s] [34mcolcon.colcon_core.verb[0m [1;30mLevel 5[0m set package 'soccer_interfaces' build argument 'cmake_clean_cache' from command line to 'False'
[0.893s] [34mcolcon.colcon_core.verb[0m [1;30mLevel 5[0m set package 'soccer_interfaces' build argument 'cmake_clean_first' from command line to 'False'
[0.893s] [34mcolcon.colcon_core.verb[0m [1;30mLevel 5[0m set package 'soccer_interfaces' build argument 'cmake_force_configure' from command line to 'False'
[0.893s] [34mcolcon.colcon_core.verb[0m [1;30mLevel 5[0m set package 'soccer_interfaces' build argument 'ament_cmake_args' from command line to 'None'
[0.893s] [34mcolcon.colcon_core.verb[0m [1;30mLevel 5[0m set package 'soccer_interfaces' build argument 'catkin_cmake_args' from command line to 'None'
[0.893s] [34mcolcon.colcon_core.verb[0m [1;30mLevel 5[0m set package 'soccer_interfaces' build argument 'catkin_skip_building_tests' from command line to 'False'
[0.893s] [34mcolcon.colcon_core.verb[0m [1;30mDEBUG[0m [32mBuilding package 'soccer_interfaces' with the following arguments: {'ament_cmake_args': None, 'build_base': '/home/ivan/Webots_YOLOv8/build/soccer_interfaces', 'catkin_cmake_args': None, 'catkin_skip_building_tests': False, 'cmake_args': None, 'cmake_clean_cache': False, 'cmake_clean_first': False, 'cmake_force_configure': False, 'cmake_target': None, 'cmake_target_skip_unavailable': False, 'install_base': '/home/ivan/Webots_YOLOv8/install/soccer_interfaces', 'merge_install': False, 'path': '/home/ivan/Webots_YOLOv8/src/soccer_interfaces/soccer_interfaces', 'symlink_install': False, 'test_result_base': None}[0m
[0.894s] [34mcolcon.colcon_core.verb[0m [1;30mLevel 5[0m set package 'soccer_ipm' build argument 'cmake_args' from command line to 'None'
[0.894s] [34mcolcon.colcon_core.verb[0m [1;30mLevel 5[0m set package 'soccer_ipm' build argument 'cmake_target' from command line to 'None'
[0.894s] [34mcolcon.colcon_core.verb[0m [1;30mLevel 5[0m set package 'soccer_ipm' build argument 'cmake_target_skip_unavailable' from command line to 'False'
[0.894s] [34mcolcon.colcon_core.verb[0m [1;30mLevel 5[0m set package 'soccer_ipm' build argument 'cmake_clean_cache' from command line to 'False'
[0.894s] [34mcolcon.colcon_core.verb[0m [1;30mLevel 5[0m set package 'soccer_ipm' build argument 'cmake_clean_first' from command line to 'False'
[0.894s] [34mcolcon.colcon_core.verb[0m [1;30mLevel 5[0m set package 'soccer_ipm' build argument 'cmake_force_configure' from command line to 'False'
[0.894s] [34mcolcon.colcon_core.verb[0m [1;30mLevel 5[0m set package 'soccer_ipm' build argument 'ament_cmake_args' from command line to 'None'
[0.894s] [34mcolcon.colcon_core.verb[0m [1;30mLevel 5[0m set package 'soccer_ipm' build argument 'catkin_cmake_args' from command line to 'None'
[0.894s] [34mcolcon.colcon_core.verb[0m [1;30mLevel 5[0m set package 'soccer_ipm' build argument 'catkin_skip_building_tests' from command line to 'False'
[0.894s] [34mcolcon.colcon_core.verb[0m [1;30mDEBUG[0m [32mBuilding package 'soccer_ipm' with the following arguments: {'ament_cmake_args': None, 'build_base': '/home/ivan/Webots_YOLOv8/build/soccer_ipm', 'catkin_cmake_args': None, 'catkin_skip_building_tests': False, 'cmake_args': None, 'cmake_clean_cache': False, 'cmake_clean_first': False, 'cmake_force_configure': False, 'cmake_target': None, 'cmake_target_skip_unavailable': False, 'install_base': '/home/ivan/Webots_YOLOv8/install/soccer_ipm', 'merge_install': False, 'path': '/home/ivan/Webots_YOLOv8/src/soccer_ipm/soccer_ipm', 'symlink_install': False, 'test_result_base': None}[0m
[0.895s] [34mcolcon.colcon_core.verb[0m [1;30mLevel 5[0m set package 'Webots_YOLOv8' build argument 'cmake_args' from command line to 'None'
[0.895s] [34mcolcon.colcon_core.verb[0m [1;30mLevel 5[0m set package 'Webots_YOLOv8' build argument 'cmake_target' from command line to 'None'
[0.895s] [34mcolcon.colcon_core.verb[0m [1;30mLevel 5[0m set package 'Webots_YOLOv8' build argument 'cmake_target_skip_unavailable' from command line to 'False'
[0.895s] [34mcolcon.colcon_core.verb[0m [1;30mLevel 5[0m set package 'Webots_YOLOv8' build argument 'cmake_clean_cache' from command line to 'False'
[0.895s] [34mcolcon.colcon_core.verb[0m [1;30mLevel 5[0m set package 'Webots_YOLOv8' build argument 'cmake_clean_first' from command line to 'False'
[0.895s] [34mcolcon.colcon_core.verb[0m [1;30mLevel 5[0m set package 'Webots_YOLOv8' build argument 'cmake_force_configure' from command line to 'False'
[0.895s] [34mcolcon.colcon_core.verb[0m [1;30mLevel 5[0m set package 'Webots_YOLOv8' build argument 'ament_cmake_args' from command line to 'None'
[0.895s] [34mcolcon.colcon_core.verb[0m [1;30mLevel 5[0m set package 'Webots_YOLOv8' build argument 'catkin_cmake_args' from command line to 'None'
[0.895s] [34mcolcon.colcon_core.verb[0m [1;30mLevel 5[0m set package 'Webots_YOLOv8' build argument 'catkin_skip_building_tests' from command line to 'False'
[0.895s] [34mcolcon.colcon_core.verb[0m [1;30mDEBUG[0m [32mBuilding package 'Webots_YOLOv8' with the following arguments: {'ament_cmake_args': None, 'build_base': '/home/ivan/Webots_YOLOv8/build/Webots_YOLOv8', 'catkin_cmake_args': None, 'catkin_skip_building_tests': False, 'cmake_args': None, 'cmake_clean_cache': False, 'cmake_clean_first': False, 'cmake_force_configure': False, 'cmake_target': None, 'cmake_target_skip_unavailable': False, 'install_base': '/home/ivan/Webots_YOLOv8/install/Webots_YOLOv8', 'merge_install': False, 'path': '/home/ivan/Webots_YOLOv8/src/Webots_YOLOv8', 'symlink_install': False, 'test_result_base': None}[0m
[0.895s] [34mcolcon.colcon_core.executor[0m [1;30mINFO[0m Executing jobs using 'parallel' executor
[0.897s] [34mcolcon.colcon_parallel_executor.executor.parallel[0m [1;30mDEBUG[0m [32mrun_until_complete[0m
[0.897s] [34mcolcon.colcon_ros.task.ament_cmake.build[0m [1;30mINFO[0m Building ROS package in '/home/ivan/Webots_YOLOv8/src/soccer_interfaces/soccer_vision_attribute_msgs' with build type 'ament_cmake'
[0.897s] [34mcolcon.colcon_cmake.task.cmake.build[0m [1;30mINFO[0m Building CMake package in '/home/ivan/Webots_YOLOv8/src/soccer_interfaces/soccer_vision_attribute_msgs'
[0.902s] [34mcolcon.colcon_core.plugin_system[0m [1;30mINFO[0m Skipping extension 'colcon_core.shell.bat': Not used on non-Windows systems
[0.903s] [34mcolcon.colcon_core.shell[0m [1;30mINFO[0m Skip shell extension 'powershell' for command environment: Not usable outside of PowerShell
[0.903s] [34mcolcon.colcon_core.shell[0m [1;30mDEBUG[0m [32mSkip shell extension 'dsv' for command environment[0m
[0.911s] [34mcolcon.colcon_ros.task.ament_cmake.build[0m [1;30mINFO[0m Building ROS package in '/home/ivan/Webots_YOLOv8/src/ipm/ipm_interfaces' with build type 'ament_cmake'
[0.911s] [34mcolcon.colcon_cmake.task.cmake.build[0m [1;30mINFO[0m Building CMake package in '/home/ivan/Webots_YOLOv8/src/ipm/ipm_interfaces'
[0.911s] [34mcolcon.colcon_core.shell[0m [1;30mINFO[0m Skip shell extension 'powershell' for command environment: Not usable outside of PowerShell
[0.911s] [34mcolcon.colcon_core.shell[0m [1;30mDEBUG[0m [32mSkip shell extension 'dsv' for command environment[0m
[0.918s] [34mcolcon.colcon_ros.task.ament_cmake.build[0m [1;30mINFO[0m Building ROS package in '/home/ivan/Webots_YOLOv8/src/soccer_interfaces/soccer_geometry_msgs' with build type 'ament_cmake'
[0.918s] [34mcolcon.colcon_cmake.task.cmake.build[0m [1;30mINFO[0m Building CMake package in '/home/ivan/Webots_YOLOv8/src/soccer_interfaces/soccer_geometry_msgs'
[0.918s] [34mcolcon.colcon_core.shell[0m [1;30mINFO[0m Skip shell extension 'powershell' for command environment: Not usable outside of PowerShell
[0.918s] [34mcolcon.colcon_core.shell[0m [1;30mDEBUG[0m [32mSkip shell extension 'dsv' for command environment[0m
[0.927s] [34mcolcon.colcon_ros.task.ament_python.build[0m [1;30mINFO[0m Building ROS package in '/home/ivan/Webots_YOLOv8/src/my_package' with build type 'ament_python'
[0.927s] [34mcolcon.colcon_core.shell[0m [1;30mLevel 1[0m create_environment_hook('my_package', 'ament_prefix_path')
[0.927s] [34mcolcon.colcon_core.shell[0m [1;30mINFO[0m Creating environment hook '/home/ivan/Webots_YOLOv8/install/my_package/share/my_package/hook/ament_prefix_path.ps1'
[0.929s] [34mcolcon.colcon_core.shell[0m [1;30mINFO[0m Creating environment descriptor '/home/ivan/Webots_YOLOv8/install/my_package/share/my_package/hook/ament_prefix_path.dsv'
[0.931s] [34mcolcon.colcon_core.shell[0m [1;30mINFO[0m Creating environment hook '/home/ivan/Webots_YOLOv8/install/my_package/share/my_package/hook/ament_prefix_path.sh'
[0.934s] [34mcolcon.colcon_core.shell[0m [1;30mINFO[0m Skip shell extension 'powershell' for command environment: Not usable outside of PowerShell
[0.934s] [34mcolcon.colcon_core.shell[0m [1;30mDEBUG[0m [32mSkip shell extension 'dsv' for command environment[0m
[0.947s] [34mcolcon.colcon_core.event_handler.log_command[0m [1;30mDEBUG[0m [32mInvoking command in '/home/ivan/Webots_YOLOv8/build/soccer_vision_attribute_msgs': CMAKE_PREFIX_PATH=${CMAKE_PREFIX_PATH}:/home/ivan/Webots_YOLOv8/install/soccer_ipm:/home/ivan/Webots_YOLOv8/install/Webots_YOLOv8:/home/ivan/Webots_YOLOv8/install/my_package:/home/ivan/Webots_YOLOv8/install/ipm_service:/home/ivan/Webots_YOLOv8/install/ipm_image_node:/home/ivan/Webots_YOLOv8/install/ipm_library:/home/ivan/ros2_ws/install/object_finder_onnx:/home/ivan/ros2_ws/install/object_finder:/home/ivan/ros2_ws/install/my_package:/home/ivan/ros2_ws/install/Webots_YOLOv8:/opt/ros/humble /usr/bin/cmake --build /home/ivan/Webots_YOLOv8/build/soccer_vision_attribute_msgs -- -j12 -l12[0m
[0.957s] [34mcolcon.colcon_core.event_handler.log_command[0m [1;30mDEBUG[0m [32mInvoking command in '/home/ivan/Webots_YOLOv8/build/ipm_interfaces': CMAKE_PREFIX_PATH=${CMAKE_PREFIX_PATH}:/home/ivan/Webots_YOLOv8/install/soccer_ipm:/home/ivan/Webots_YOLOv8/install/Webots_YOLOv8:/home/ivan/Webots_YOLOv8/install/my_package:/home/ivan/Webots_YOLOv8/install/ipm_service:/home/ivan/Webots_YOLOv8/install/ipm_image_node:/home/ivan/Webots_YOLOv8/install/ipm_library:/home/ivan/ros2_ws/install/object_finder_onnx:/home/ivan/ros2_ws/install/object_finder:/home/ivan/ros2_ws/install/my_package:/home/ivan/ros2_ws/install/Webots_YOLOv8:/opt/ros/humble /usr/bin/cmake --build /home/ivan/Webots_YOLOv8/build/ipm_interfaces -- -j12 -l12[0m
[0.965s] [34mcolcon.colcon_core.event_handler.log_command[0m [1;30mDEBUG[0m [32mInvoking command in '/home/ivan/Webots_YOLOv8/build/soccer_geometry_msgs': CMAKE_PREFIX_PATH=${CMAKE_PREFIX_PATH}:/home/ivan/Webots_YOLOv8/install/soccer_ipm:/home/ivan/Webots_YOLOv8/install/Webots_YOLOv8:/home/ivan/Webots_YOLOv8/install/my_package:/home/ivan/Webots_YOLOv8/install/ipm_service:/home/ivan/Webots_YOLOv8/install/ipm_image_node:/home/ivan/Webots_YOLOv8/install/ipm_library:/home/ivan/ros2_ws/install/object_finder_onnx:/home/ivan/ros2_ws/install/object_finder:/home/ivan/ros2_ws/install/my_package:/home/ivan/ros2_ws/install/Webots_YOLOv8:/opt/ros/humble /usr/bin/cmake --build /home/ivan/Webots_YOLOv8/build/soccer_geometry_msgs -- -j12 -l12[0m
[1.531s] [34mcolcon.colcon_core.task.python.build[0m [1;30mINFO[0m Building Python package in '/home/ivan/Webots_YOLOv8/src/my_package'
[1.532s] [34mcolcon.colcon_core.shell[0m [1;30mINFO[0m Skip shell extension 'powershell' for command environment: Not usable outside of PowerShell
[1.532s] [34mcolcon.colcon_core.shell[0m [1;30mDEBUG[0m [32mSkip shell extension 'dsv' for command environment[0m
[1.733s] [34mcolcon.colcon_core.event_handler.log_command[0m [1;30mDEBUG[0m [32mInvoked command in '/home/ivan/Webots_YOLOv8/build/soccer_vision_attribute_msgs' returned '0': CMAKE_PREFIX_PATH=${CMAKE_PREFIX_PATH}:/home/ivan/Webots_YOLOv8/install/soccer_ipm:/home/ivan/Webots_YOLOv8/install/Webots_YOLOv8:/home/ivan/Webots_YOLOv8/install/my_package:/home/ivan/Webots_YOLOv8/install/ipm_service:/home/ivan/Webots_YOLOv8/install/ipm_image_node:/home/ivan/Webots_YOLOv8/install/ipm_library:/home/ivan/ros2_ws/install/object_finder_onnx:/home/ivan/ros2_ws/install/object_finder:/home/ivan/ros2_ws/install/my_package:/home/ivan/ros2_ws/install/Webots_YOLOv8:/opt/ros/humble /usr/bin/cmake --build /home/ivan/Webots_YOLOv8/build/soccer_vision_attribute_msgs -- -j12 -l12[0m
[1.756s] [34mcolcon.colcon_core.event_handler.log_command[0m [1;30mDEBUG[0m [32mInvoking command in '/home/ivan/Webots_YOLOv8/build/soccer_vision_attribute_msgs': CMAKE_PREFIX_PATH=${CMAKE_PREFIX_PATH}:/home/ivan/Webots_YOLOv8/install/soccer_ipm:/home/ivan/Webots_YOLOv8/install/Webots_YOLOv8:/home/ivan/Webots_YOLOv8/install/my_package:/home/ivan/Webots_YOLOv8/install/ipm_service:/home/ivan/Webots_YOLOv8/install/ipm_image_node:/home/ivan/Webots_YOLOv8/install/ipm_library:/home/ivan/ros2_ws/install/object_finder_onnx:/home/ivan/ros2_ws/install/object_finder:/home/ivan/ros2_ws/install/my_package:/home/ivan/ros2_ws/install/Webots_YOLOv8:/opt/ros/humble /usr/bin/cmake --install /home/ivan/Webots_YOLOv8/build/soccer_vision_attribute_msgs[0m
[1.756s] [34mcolcon.colcon_core.event_handler.log_command[0m [1;30mDEBUG[0m [32mInvoked command in '/home/ivan/Webots_YOLOv8/build/ipm_interfaces' returned '0': CMAKE_PREFIX_PATH=${CMAKE_PREFIX_PATH}:/home/ivan/Webots_YOLOv8/install/soccer_ipm:/home/ivan/Webots_YOLOv8/install/Webots_YOLOv8:/home/ivan/Webots_YOLOv8/install/my_package:/home/ivan/Webots_YOLOv8/install/ipm_service:/home/ivan/Webots_YOLOv8/install/ipm_image_node:/home/ivan/Webots_YOLOv8/install/ipm_library:/home/ivan/ros2_ws/install/object_finder_onnx:/home/ivan/ros2_ws/install/object_finder:/home/ivan/ros2_ws/install/my_package:/home/ivan/ros2_ws/install/Webots_YOLOv8:/opt/ros/humble /usr/bin/cmake --build /home/ivan/Webots_YOLOv8/build/ipm_interfaces -- -j12 -l12[0m
[1.760s] [34mcolcon.colcon_core.event_handler.log_command[0m [1;30mDEBUG[0m [32mInvoking command in '/home/ivan/Webots_YOLOv8/build/ipm_interfaces': CMAKE_PREFIX_PATH=${CMAKE_PREFIX_PATH}:/home/ivan/Webots_YOLOv8/install/soccer_ipm:/home/ivan/Webots_YOLOv8/install/Webots_YOLOv8:/home/ivan/Webots_YOLOv8/install/my_package:/home/ivan/Webots_YOLOv8/install/ipm_service:/home/ivan/Webots_YOLOv8/install/ipm_image_node:/home/ivan/Webots_YOLOv8/install/ipm_library:/home/ivan/ros2_ws/install/object_finder_onnx:/home/ivan/ros2_ws/install/object_finder:/home/ivan/ros2_ws/install/my_package:/home/ivan/ros2_ws/install/Webots_YOLOv8:/opt/ros/humble /usr/bin/cmake --install /home/ivan/Webots_YOLOv8/build/ipm_interfaces[0m
[1.761s] [34mcolcon.colcon_core.event_handler.log_command[0m [1;30mDEBUG[0m [32mInvoked command in '/home/ivan/Webots_YOLOv8/build/soccer_geometry_msgs' returned '0': CMAKE_PREFIX_PATH=${CMAKE_PREFIX_PATH}:/home/ivan/Webots_YOLOv8/install/soccer_ipm:/home/ivan/Webots_YOLOv8/install/Webots_YOLOv8:/home/ivan/Webots_YOLOv8/install/my_package:/home/ivan/Webots_YOLOv8/install/ipm_service:/home/ivan/Webots_YOLOv8/install/ipm_image_node:/home/ivan/Webots_YOLOv8/install/ipm_library:/home/ivan/ros2_ws/install/object_finder_onnx:/home/ivan/ros2_ws/install/object_finder:/home/ivan/ros2_ws/install/my_package:/home/ivan/ros2_ws/install/Webots_YOLOv8:/opt/ros/humble /usr/bin/cmake --build /home/ivan/Webots_YOLOv8/build/soccer_geometry_msgs -- -j12 -l12[0m
[1.764s] [34mcolcon.colcon_core.event_handler.log_command[0m [1;30mDEBUG[0m [32mInvoking command in '/home/ivan/Webots_YOLOv8/build/soccer_geometry_msgs': CMAKE_PREFIX_PATH=${CMAKE_PREFIX_PATH}:/home/ivan/Webots_YOLOv8/install/soccer_ipm:/home/ivan/Webots_YOLOv8/install/Webots_YOLOv8:/home/ivan/Webots_YOLOv8/install/my_package:/home/ivan/Webots_YOLOv8/install/ipm_service:/home/ivan/Webots_YOLOv8/install/ipm_image_node:/home/ivan/Webots_YOLOv8/install/ipm_library:/home/ivan/ros2_ws/install/object_finder_onnx:/home/ivan/ros2_ws/install/object_finder:/home/ivan/ros2_ws/install/my_package:/home/ivan/ros2_ws/install/Webots_YOLOv8:/opt/ros/humble /usr/bin/cmake --install /home/ivan/Webots_YOLOv8/build/soccer_geometry_msgs[0m
[1.880s] [34mcolcon.colcon_core.environment[0m [1;30mLevel 1[0m create_environment_scripts_only(soccer_geometry_msgs)
[1.882s] [34mcolcon.colcon_core.event_handler.log_command[0m [1;30mDEBUG[0m [32mInvoked command in '/home/ivan/Webots_YOLOv8/build/soccer_geometry_msgs' returned '0': CMAKE_PREFIX_PATH=${CMAKE_PREFIX_PATH}:/home/ivan/Webots_YOLOv8/install/soccer_ipm:/home/ivan/Webots_YOLOv8/install/Webots_YOLOv8:/home/ivan/Webots_YOLOv8/install/my_package:/home/ivan/Webots_YOLOv8/install/ipm_service:/home/ivan/Webots_YOLOv8/install/ipm_image_node:/home/ivan/Webots_YOLOv8/install/ipm_library:/home/ivan/ros2_ws/install/object_finder_onnx:/home/ivan/ros2_ws/install/object_finder:/home/ivan/ros2_ws/install/my_package:/home/ivan/ros2_ws/install/Webots_YOLOv8:/opt/ros/humble /usr/bin/cmake --install /home/ivan/Webots_YOLOv8/build/soccer_geometry_msgs[0m
[1.887s] [34mcolcon.colcon_core.environment[0m [1;30mLevel 1[0m checking '/home/ivan/Webots_YOLOv8/install/soccer_geometry_msgs' for CMake module files
[1.888s] [34mcolcon.colcon_core.environment[0m [1;30mLevel 1[0m checking '/home/ivan/Webots_YOLOv8/install/soccer_geometry_msgs' for CMake config files
[1.888s] [34mcolcon.colcon_core.shell[0m [1;30mLevel 1[0m create_environment_hook('soccer_geometry_msgs', 'cmake_prefix_path')
[1.889s] [34mcolcon.colcon_core.shell[0m [1;30mINFO[0m Creating environment hook '/home/ivan/Webots_YOLOv8/install/soccer_geometry_msgs/share/soccer_geometry_msgs/hook/cmake_prefix_path.ps1'
[1.889s] [34mcolcon.colcon_core.shell[0m [1;30mINFO[0m Creating environment descriptor '/home/ivan/Webots_YOLOv8/install/soccer_geometry_msgs/share/soccer_geometry_msgs/hook/cmake_prefix_path.dsv'
[1.890s] [34mcolcon.colcon_core.shell[0m [1;30mINFO[0m Creating environment hook '/home/ivan/Webots_YOLOv8/install/soccer_geometry_msgs/share/soccer_geometry_msgs/hook/cmake_prefix_path.sh'
[1.891s] [34mcolcon.colcon_core.environment[0m [1;30mLevel 1[0m checking '/home/ivan/Webots_YOLOv8/install/soccer_geometry_msgs/lib'
[1.891s] [34mcolcon.colcon_core.shell[0m [1;30mLevel 1[0m create_environment_hook('soccer_geometry_msgs', 'ld_library_path_lib')
[1.891s] [34mcolcon.colcon_core.shell[0m [1;30mINFO[0m Creating environment hook '/home/ivan/Webots_YOLOv8/install/soccer_geometry_msgs/share/soccer_geometry_msgs/hook/ld_library_path_lib.ps1'
[1.892s] [34mcolcon.colcon_core.shell[0m [1;30mINFO[0m Creating environment descriptor '/home/ivan/Webots_YOLOv8/install/soccer_geometry_msgs/share/soccer_geometry_msgs/hook/ld_library_path_lib.dsv'
[1.893s] [34mcolcon.colcon_core.shell[0m [1;30mINFO[0m Creating environment hook '/home/ivan/Webots_YOLOv8/install/soccer_geometry_msgs/share/soccer_geometry_msgs/hook/ld_library_path_lib.sh'
[1.893s] [34mcolcon.colcon_core.environment[0m [1;30mLevel 1[0m checking '/home/ivan/Webots_YOLOv8/install/soccer_geometry_msgs/bin'
[1.893s] [34mcolcon.colcon_core.environment[0m [1;30mLevel 1[0m checking '/home/ivan/Webots_YOLOv8/install/soccer_geometry_msgs/lib/pkgconfig/soccer_geometry_msgs.pc'
[1.893s] [34mcolcon.colcon_core.environment[0m [1;30mLevel 1[0m checking '/home/ivan/Webots_YOLOv8/install/soccer_geometry_msgs/lib/python3.10/site-packages'
[1.894s] [34mcolcon.colcon_core.environment[0m [1;30mLevel 1[0m checking '/home/ivan/Webots_YOLOv8/install/soccer_geometry_msgs/bin'
[1.894s] [34mcolcon.colcon_core.shell[0m [1;30mINFO[0m Creating package script '/home/ivan/Webots_YOLOv8/install/soccer_geometry_msgs/share/soccer_geometry_msgs/package.ps1'
[1.896s] [34mcolcon.colcon_core.shell[0m [1;30mINFO[0m Creating package descriptor '/home/ivan/Webots_YOLOv8/install/soccer_geometry_msgs/share/soccer_geometry_msgs/package.dsv'
[1.897s] [34mcolcon.colcon_core.shell[0m [1;30mINFO[0m Creating package script '/home/ivan/Webots_YOLOv8/install/soccer_geometry_msgs/share/soccer_geometry_msgs/package.sh'
[1.899s] [34mcolcon.colcon_core.shell[0m [1;30mINFO[0m Creating package script '/home/ivan/Webots_YOLOv8/install/soccer_geometry_msgs/share/soccer_geometry_msgs/package.bash'
[1.900s] [34mcolcon.colcon_core.shell[0m [1;30mINFO[0m Creating package script '/home/ivan/Webots_YOLOv8/install/soccer_geometry_msgs/share/soccer_geometry_msgs/package.zsh'
[1.902s] [34mcolcon.colcon_core.environment[0m [1;30mLevel 1[0m create_file_with_runtime_dependencies(/home/ivan/Webots_YOLOv8/install/soccer_geometry_msgs/share/colcon-core/packages/soccer_geometry_msgs)
[1.904s] [34mcolcon.colcon_core.environment[0m [1;30mLevel 1[0m create_environment_scripts_only(soccer_geometry_msgs)
[1.904s] [34mcolcon.colcon_core.environment[0m [1;30mLevel 1[0m checking '/home/ivan/Webots_YOLOv8/install/soccer_geometry_msgs' for CMake module files
[1.905s] [34mcolcon.colcon_core.environment[0m [1;30mLevel 1[0m checking '/home/ivan/Webots_YOLOv8/install/soccer_geometry_msgs' for CMake config files
[1.906s] [34mcolcon.colcon_core.shell[0m [1;30mLevel 1[0m create_environment_hook('soccer_geometry_msgs', 'cmake_prefix_path')
[1.906s] [34mcolcon.colcon_core.shell[0m [1;30mINFO[0m Creating environment hook '/home/ivan/Webots_YOLOv8/install/soccer_geometry_msgs/share/soccer_geometry_msgs/hook/cmake_prefix_path.ps1'
[1.907s] [34mcolcon.colcon_core.shell[0m [1;30mINFO[0m Creating environment descriptor '/home/ivan/Webots_YOLOv8/install/soccer_geometry_msgs/share/soccer_geometry_msgs/hook/cmake_prefix_path.dsv'
[1.907s] [34mcolcon.colcon_core.shell[0m [1;30mINFO[0m Creating environment hook '/home/ivan/Webots_YOLOv8/install/soccer_geometry_msgs/share/soccer_geometry_msgs/hook/cmake_prefix_path.sh'
[1.908s] [34mcolcon.colcon_core.environment[0m [1;30mLevel 1[0m checking '/home/ivan/Webots_YOLOv8/install/soccer_geometry_msgs/lib'
[1.908s] [34mcolcon.colcon_core.shell[0m [1;30mLevel 1[0m create_environment_hook('soccer_geometry_msgs', 'ld_library_path_lib')
[1.908s] [34mcolcon.colcon_core.shell[0m [1;30mINFO[0m Creating environment hook '/home/ivan/Webots_YOLOv8/install/soccer_geometry_msgs/share/soccer_geometry_msgs/hook/ld_library_path_lib.ps1'
[1.909s] [34mcolcon.colcon_core.shell[0m [1;30mINFO[0m Creating environment descriptor '/home/ivan/Webots_YOLOv8/install/soccer_geometry_msgs/share/soccer_geometry_msgs/hook/ld_library_path_lib.dsv'
[1.909s] [34mcolcon.colcon_core.shell[0m [1;30mINFO[0m Creating environment hook '/home/ivan/Webots_YOLOv8/install/soccer_geometry_msgs/share/soccer_geometry_msgs/hook/ld_library_path_lib.sh'
[1.910s] [34mcolcon.colcon_core.environment[0m [1;30mLevel 1[0m checking '/home/ivan/Webots_YOLOv8/install/soccer_geometry_msgs/bin'
[1.910s] [34mcolcon.colcon_core.environment[0m [1;30mLevel 1[0m checking '/home/ivan/Webots_YOLOv8/install/soccer_geometry_msgs/lib/pkgconfig/soccer_geometry_msgs.pc'
[1.910s] [34mcolcon.colcon_core.environment[0m [1;30mLevel 1[0m checking '/home/ivan/Webots_YOLOv8/install/soccer_geometry_msgs/lib/python3.10/site-packages'
[1.910s] [34mcolcon.colcon_core.environment[0m [1;30mLevel 1[0m checking '/home/ivan/Webots_YOLOv8/install/soccer_geometry_msgs/bin'
[1.911s] [34mcolcon.colcon_core.shell[0m [1;30mINFO[0m Creating package script '/home/ivan/Webots_YOLOv8/install/soccer_geometry_msgs/share/soccer_geometry_msgs/package.ps1'
[1.911s] [34mcolcon.colcon_core.shell[0m [1;30mINFO[0m Creating package descriptor '/home/ivan/Webots_YOLOv8/install/soccer_geometry_msgs/share/soccer_geometry_msgs/package.dsv'
[1.912s] [34mcolcon.colcon_core.shell[0m [1;30mINFO[0m Creating package script '/home/ivan/Webots_YOLOv8/install/soccer_geometry_msgs/share/soccer_geometry_msgs/package.sh'
[1.913s] [34mcolcon.colcon_core.shell[0m [1;30mINFO[0m Creating package script '/home/ivan/Webots_YOLOv8/install/soccer_geometry_msgs/share/soccer_geometry_msgs/package.bash'
[1.913s] [34mcolcon.colcon_core.shell[0m [1;30mINFO[0m Creating package script '/home/ivan/Webots_YOLOv8/install/soccer_geometry_msgs/share/soccer_geometry_msgs/package.zsh'
[1.913s] [34mcolcon.colcon_core.environment[0m [1;30mLevel 1[0m create_file_with_runtime_dependencies(/home/ivan/Webots_YOLOv8/install/soccer_geometry_msgs/share/colcon-core/packages/soccer_geometry_msgs)
[1.914s] [34mcolcon.colcon_core.environment[0m [1;30mLevel 1[0m create_environment_scripts_only(ipm_interfaces)
[1.914s] [34mcolcon.colcon_core.environment[0m [1;30mLevel 1[0m checking '/home/ivan/Webots_YOLOv8/install/ipm_interfaces' for CMake module files
[1.916s] [34mcolcon.colcon_core.environment[0m [1;30mLevel 1[0m checking '/home/ivan/Webots_YOLOv8/install/ipm_interfaces' for CMake config files
[1.916s] [34mcolcon.colcon_core.shell[0m [1;30mLevel 1[0m create_environment_hook('ipm_interfaces', 'cmake_prefix_path')
[1.917s] [34mcolcon.colcon_core.shell[0m [1;30mINFO[0m Creating environment hook '/home/ivan/Webots_YOLOv8/install/ipm_interfaces/share/ipm_interfaces/hook/cmake_prefix_path.ps1'
[1.918s] [34mcolcon.colcon_core.shell[0m [1;30mINFO[0m Creating environment descriptor '/home/ivan/Webots_YOLOv8/install/ipm_interfaces/share/ipm_interfaces/hook/cmake_prefix_path.dsv'
[1.918s] [34mcolcon.colcon_core.event_handler.log_command[0m [1;30mDEBUG[0m [32mInvoked command in '/home/ivan/Webots_YOLOv8/build/ipm_interfaces' returned '0': CMAKE_PREFIX_PATH=${CMAKE_PREFIX_PATH}:/home/ivan/Webots_YOLOv8/install/soccer_ipm:/home/ivan/Webots_YOLOv8/install/Webots_YOLOv8:/home/ivan/Webots_YOLOv8/install/my_package:/home/ivan/Webots_YOLOv8/install/ipm_service:/home/ivan/Webots_YOLOv8/install/ipm_image_node:/home/ivan/Webots_YOLOv8/install/ipm_library:/home/ivan/ros2_ws/install/object_finder_onnx:/home/ivan/ros2_ws/install/object_finder:/home/ivan/ros2_ws/install/my_package:/home/ivan/ros2_ws/install/Webots_YOLOv8:/opt/ros/humble /usr/bin/cmake --install /home/ivan/Webots_YOLOv8/build/ipm_interfaces[0m
[1.919s] [34mcolcon.colcon_core.shell[0m [1;30mINFO[0m Creating environment hook '/home/ivan/Webots_YOLOv8/install/ipm_interfaces/share/ipm_interfaces/hook/cmake_prefix_path.sh'
[1.920s] [34mcolcon.colcon_core.environment[0m [1;30mLevel 1[0m checking '/home/ivan/Webots_YOLOv8/install/ipm_interfaces/lib'
[1.920s] [34mcolcon.colcon_core.shell[0m [1;30mLevel 1[0m create_environment_hook('ipm_interfaces', 'ld_library_path_lib')
[1.920s] [34mcolcon.colcon_core.shell[0m [1;30mINFO[0m Creating environment hook '/home/ivan/Webots_YOLOv8/install/ipm_interfaces/share/ipm_interfaces/hook/ld_library_path_lib.ps1'
[1.921s] [34mcolcon.colcon_core.shell[0m [1;30mINFO[0m Creating environment descriptor '/home/ivan/Webots_YOLOv8/install/ipm_interfaces/share/ipm_interfaces/hook/ld_library_path_lib.dsv'
[1.921s] [34mcolcon.colcon_core.shell[0m [1;30mINFO[0m Creating environment hook '/home/ivan/Webots_YOLOv8/install/ipm_interfaces/share/ipm_interfaces/hook/ld_library_path_lib.sh'
[1.922s] [34mcolcon.colcon_core.environment[0m [1;30mLevel 1[0m checking '/home/ivan/Webots_YOLOv8/install/ipm_interfaces/bin'
[1.922s] [34mcolcon.colcon_core.environment[0m [1;30mLevel 1[0m checking '/home/ivan/Webots_YOLOv8/install/ipm_interfaces/lib/pkgconfig/ipm_interfaces.pc'
[1.922s] [34mcolcon.colcon_core.environment[0m [1;30mLevel 1[0m checking '/home/ivan/Webots_YOLOv8/install/ipm_interfaces/lib/python3.10/site-packages'
[1.922s] [34mcolcon.colcon_core.environment[0m [1;30mLevel 1[0m checking '/home/ivan/Webots_YOLOv8/install/ipm_interfaces/bin'
[1.923s] [34mcolcon.colcon_core.shell[0m [1;30mINFO[0m Creating package script '/home/ivan/Webots_YOLOv8/install/ipm_interfaces/share/ipm_interfaces/package.ps1'
[1.923s] [34mcolcon.colcon_core.shell[0m [1;30mINFO[0m Creating package descriptor '/home/ivan/Webots_YOLOv8/install/ipm_interfaces/share/ipm_interfaces/package.dsv'
[1.924s] [34mcolcon.colcon_core.shell[0m [1;30mINFO[0m Creating package script '/home/ivan/Webots_YOLOv8/install/ipm_interfaces/share/ipm_interfaces/package.sh'
[1.924s] [34mcolcon.colcon_core.shell[0m [1;30mINFO[0m Creating package script '/home/ivan/Webots_YOLOv8/install/ipm_interfaces/share/ipm_interfaces/package.bash'
[1.925s] [34mcolcon.colcon_core.shell[0m [1;30mINFO[0m Creating package script '/home/ivan/Webots_YOLOv8/install/ipm_interfaces/share/ipm_interfaces/package.zsh'
[1.925s] [34mcolcon.colcon_core.environment[0m [1;30mLevel 1[0m create_file_with_runtime_dependencies(/home/ivan/Webots_YOLOv8/install/ipm_interfaces/share/colcon-core/packages/ipm_interfaces)
[1.927s] [34mcolcon.colcon_core.environment[0m [1;30mLevel 1[0m create_environment_scripts_only(ipm_interfaces)
[1.927s] [34mcolcon.colcon_core.environment[0m [1;30mLevel 1[0m checking '/home/ivan/Webots_YOLOv8/install/ipm_interfaces' for CMake module files
[1.928s] [34mcolcon.colcon_core.environment[0m [1;30mLevel 1[0m checking '/home/ivan/Webots_YOLOv8/install/ipm_interfaces' for CMake config files
[1.929s] [34mcolcon.colcon_core.shell[0m [1;30mLevel 1[0m create_environment_hook('ipm_interfaces', 'cmake_prefix_path')
[1.929s] [34mcolcon.colcon_core.shell[0m [1;30mINFO[0m Creating environment hook '/home/ivan/Webots_YOLOv8/install/ipm_interfaces/share/ipm_interfaces/hook/cmake_prefix_path.ps1'
[1.930s] [34mcolcon.colcon_core.shell[0m [1;30mINFO[0m Creating environment descriptor '/home/ivan/Webots_YOLOv8/install/ipm_interfaces/share/ipm_interfaces/hook/cmake_prefix_path.dsv'
[1.931s] [34mcolcon.colcon_core.shell[0m [1;30mINFO[0m Creating environment hook '/home/ivan/Webots_YOLOv8/install/ipm_interfaces/share/ipm_interfaces/hook/cmake_prefix_path.sh'
[1.931s] [34mcolcon.colcon_core.environment[0m [1;30mLevel 1[0m checking '/home/ivan/Webots_YOLOv8/install/ipm_interfaces/lib'
[1.931s] [34mcolcon.colcon_core.shell[0m [1;30mLevel 1[0m create_environment_hook('ipm_interfaces', 'ld_library_path_lib')
[1.932s] [34mcolcon.colcon_core.shell[0m [1;30mINFO[0m Creating environment hook '/home/ivan/Webots_YOLOv8/install/ipm_interfaces/share/ipm_interfaces/hook/ld_library_path_lib.ps1'
[1.932s] [34mcolcon.colcon_core.shell[0m [1;30mINFO[0m Creating environment descriptor '/home/ivan/Webots_YOLOv8/install/ipm_interfaces/share/ipm_interfaces/hook/ld_library_path_lib.dsv'
[1.933s] [34mcolcon.colcon_core.shell[0m [1;30mINFO[0m Creating environment hook '/home/ivan/Webots_YOLOv8/install/ipm_interfaces/share/ipm_interfaces/hook/ld_library_path_lib.sh'
[1.933s] [34mcolcon.colcon_core.environment[0m [1;30mLevel 1[0m checking '/home/ivan/Webots_YOLOv8/install/ipm_interfaces/bin'
[1.933s] [34mcolcon.colcon_core.environment[0m [1;30mLevel 1[0m checking '/home/ivan/Webots_YOLOv8/install/ipm_interfaces/lib/pkgconfig/ipm_interfaces.pc'
[1.933s] [34mcolcon.colcon_core.environment[0m [1;30mLevel 1[0m checking '/home/ivan/Webots_YOLOv8/install/ipm_interfaces/lib/python3.10/site-packages'
[1.934s] [34mcolcon.colcon_core.environment[0m [1;30mLevel 1[0m checking '/home/ivan/Webots_YOLOv8/install/ipm_interfaces/bin'
[1.934s] [34mcolcon.colcon_core.shell[0m [1;30mINFO[0m Creating package script '/home/ivan/Webots_YOLOv8/install/ipm_interfaces/share/ipm_interfaces/package.ps1'
[1.935s] [34mcolcon.colcon_core.shell[0m [1;30mINFO[0m Creating package descriptor '/home/ivan/Webots_YOLOv8/install/ipm_interfaces/share/ipm_interfaces/package.dsv'
[1.936s] [34mcolcon.colcon_core.shell[0m [1;30mINFO[0m Creating package script '/home/ivan/Webots_YOLOv8/install/ipm_interfaces/share/ipm_interfaces/package.sh'
[1.936s] [34mcolcon.colcon_core.shell[0m [1;30mINFO[0m Creating package script '/home/ivan/Webots_YOLOv8/install/ipm_interfaces/share/ipm_interfaces/package.bash'
[1.937s] [34mcolcon.colcon_core.shell[0m [1;30mINFO[0m Creating package script '/home/ivan/Webots_YOLOv8/install/ipm_interfaces/share/ipm_interfaces/package.zsh'
[1.937s] [34mcolcon.colcon_core.environment[0m [1;30mLevel 1[0m create_file_with_runtime_dependencies(/home/ivan/Webots_YOLOv8/install/ipm_interfaces/share/colcon-core/packages/ipm_interfaces)
[1.938s] [34mcolcon.colcon_ros.task.ament_python.build[0m [1;30mINFO[0m Building ROS package in '/home/ivan/Webots_YOLOv8/src/ipm/ipm_library' with build type 'ament_python'
[1.938s] [34mcolcon.colcon_core.shell[0m [1;30mLevel 1[0m create_environment_hook('ipm_library', 'ament_prefix_path')
[1.939s] [34mcolcon.colcon_core.shell[0m [1;30mINFO[0m Creating environment hook '/home/ivan/Webots_YOLOv8/install/ipm_library/share/ipm_library/hook/ament_prefix_path.ps1'
[1.940s] [34mcolcon.colcon_core.shell[0m [1;30mINFO[0m Creating environment descriptor '/home/ivan/Webots_YOLOv8/install/ipm_library/share/ipm_library/hook/ament_prefix_path.dsv'
[1.940s] [34mcolcon.colcon_core.shell[0m [1;30mINFO[0m Creating environment hook '/home/ivan/Webots_YOLOv8/install/ipm_library/share/ipm_library/hook/ament_prefix_path.sh'
[1.941s] [34mcolcon.colcon_core.shell[0m [1;30mINFO[0m Skip shell extension 'powershell' for command environment: Not usable outside of PowerShell
[1.941s] [34mcolcon.colcon_core.shell[0m [1;30mDEBUG[0m [32mSkip shell extension 'dsv' for command environment[0m
[1.948s] [34mcolcon.colcon_core.environment[0m [1;30mLevel 1[0m create_environment_scripts_only(soccer_vision_attribute_msgs)
[1.949s] [34mcolcon.colcon_core.environment[0m [1;30mLevel 1[0m checking '/home/ivan/Webots_YOLOv8/install/soccer_vision_attribute_msgs' for CMake module files
[1.950s] [34mcolcon.colcon_core.event_handler.log_command[0m [1;30mDEBUG[0m [32mInvoked command in '/home/ivan/Webots_YOLOv8/build/soccer_vision_attribute_msgs' returned '0': CMAKE_PREFIX_PATH=${CMAKE_PREFIX_PATH}:/home/ivan/Webots_YOLOv8/install/soccer_ipm:/home/ivan/Webots_YOLOv8/install/Webots_YOLOv8:/home/ivan/Webots_YOLOv8/install/my_package:/home/ivan/Webots_YOLOv8/install/ipm_service:/home/ivan/Webots_YOLOv8/install/ipm_image_node:/home/ivan/Webots_YOLOv8/install/ipm_library:/home/ivan/ros2_ws/install/object_finder_onnx:/home/ivan/ros2_ws/install/object_finder:/home/ivan/ros2_ws/install/my_package:/home/ivan/ros2_ws/install/Webots_YOLOv8:/opt/ros/humble /usr/bin/cmake --install /home/ivan/Webots_YOLOv8/build/soccer_vision_attribute_msgs[0m
[1.950s] [34mcolcon.colcon_core.environment[0m [1;30mLevel 1[0m checking '/home/ivan/Webots_YOLOv8/install/soccer_vision_attribute_msgs' for CMake config files
[1.951s] [34mcolcon.colcon_core.shell[0m [1;30mLevel 1[0m create_environment_hook('soccer_vision_attribute_msgs', 'cmake_prefix_path')
[1.952s] [34mcolcon.colcon_core.shell[0m [1;30mINFO[0m Creating environment hook '/home/ivan/Webots_YOLOv8/install/soccer_vision_attribute_msgs/share/soccer_vision_attribute_msgs/hook/cmake_prefix_path.ps1'
[1.952s] [34mcolcon.colcon_core.shell[0m [1;30mINFO[0m Creating environment descriptor '/home/ivan/Webots_YOLOv8/install/soccer_vision_attribute_msgs/share/soccer_vision_attribute_msgs/hook/cmake_prefix_path.dsv'
[1.953s] [34mcolcon.colcon_core.shell[0m [1;30mINFO[0m Creating environment hook '/home/ivan/Webots_YOLOv8/install/soccer_vision_attribute_msgs/share/soccer_vision_attribute_msgs/hook/cmake_prefix_path.sh'
[1.954s] [34mcolcon.colcon_core.environment[0m [1;30mLevel 1[0m checking '/home/ivan/Webots_YOLOv8/install/soccer_vision_attribute_msgs/lib'
[1.954s] [34mcolcon.colcon_core.shell[0m [1;30mLevel 1[0m create_environment_hook('soccer_vision_attribute_msgs', 'ld_library_path_lib')
[1.954s] [34mcolcon.colcon_core.shell[0m [1;30mINFO[0m Creating environment hook '/home/ivan/Webots_YOLOv8/install/soccer_vision_attribute_msgs/share/soccer_vision_attribute_msgs/hook/ld_library_path_lib.ps1'
[1.955s] [34mcolcon.colcon_core.shell[0m [1;30mINFO[0m Creating environment descriptor '/home/ivan/Webots_YOLOv8/install/soccer_vision_attribute_msgs/share/soccer_vision_attribute_msgs/hook/ld_library_path_lib.dsv'
[1.955s] [34mcolcon.colcon_core.shell[0m [1;30mINFO[0m Creating environment hook '/home/ivan/Webots_YOLOv8/install/soccer_vision_attribute_msgs/share/soccer_vision_attribute_msgs/hook/ld_library_path_lib.sh'
[1.955s] [34mcolcon.colcon_core.environment[0m [1;30mLevel 1[0m checking '/home/ivan/Webots_YOLOv8/install/soccer_vision_attribute_msgs/bin'
[1.956s] [34mcolcon.colcon_core.environment[0m [1;30mLevel 1[0m checking '/home/ivan/Webots_YOLOv8/install/soccer_vision_attribute_msgs/lib/pkgconfig/soccer_vision_attribute_msgs.pc'
[1.956s] [34mcolcon.colcon_core.environment[0m [1;30mLevel 1[0m checking '/home/ivan/Webots_YOLOv8/install/soccer_vision_attribute_msgs/lib/python3.10/site-packages'
[1.956s] [34mcolcon.colcon_core.environment[0m [1;30mLevel 1[0m checking '/home/ivan/Webots_YOLOv8/install/soccer_vision_attribute_msgs/bin'
[1.957s] [34mcolcon.colcon_core.shell[0m [1;30mINFO[0m Creating package script '/home/ivan/Webots_YOLOv8/install/soccer_vision_attribute_msgs/share/soccer_vision_attribute_msgs/package.ps1'
[1.957s] [34mcolcon.colcon_core.shell[0m [1;30mINFO[0m Creating package descriptor '/home/ivan/Webots_YOLOv8/install/soccer_vision_attribute_msgs/share/soccer_vision_attribute_msgs/package.dsv'
[1.958s] [34mcolcon.colcon_core.shell[0m [1;30mINFO[0m Creating package script '/home/ivan/Webots_YOLOv8/install/soccer_vision_attribute_msgs/share/soccer_vision_attribute_msgs/package.sh'
[1.958s] [34mcolcon.colcon_core.shell[0m [1;30mINFO[0m Creating package script '/home/ivan/Webots_YOLOv8/install/soccer_vision_attribute_msgs/share/soccer_vision_attribute_msgs/package.bash'
[1.959s] [34mcolcon.colcon_core.shell[0m [1;30mINFO[0m Creating package script '/home/ivan/Webots_YOLOv8/install/soccer_vision_attribute_msgs/share/soccer_vision_attribute_msgs/package.zsh'
[1.959s] [34mcolcon.colcon_core.environment[0m [1;30mLevel 1[0m create_file_with_runtime_dependencies(/home/ivan/Webots_YOLOv8/install/soccer_vision_attribute_msgs/share/colcon-core/packages/soccer_vision_attribute_msgs)
[1.961s] [34mcolcon.colcon_core.environment[0m [1;30mLevel 1[0m create_environment_scripts_only(soccer_vision_attribute_msgs)
[1.961s] [34mcolcon.colcon_core.environment[0m [1;30mLevel 1[0m checking '/home/ivan/Webots_YOLOv8/install/soccer_vision_attribute_msgs' for CMake module files
[1.962s] [34mcolcon.colcon_core.environment[0m [1;30mLevel 1[0m checking '/home/ivan/Webots_YOLOv8/install/soccer_vision_attribute_msgs' for CMake config files
[1.963s] [34mcolcon.colcon_core.shell[0m [1;30mLevel 1[0m create_environment_hook('soccer_vision_attribute_msgs', 'cmake_prefix_path')
[1.963s] [34mcolcon.colcon_core.shell[0m [1;30mINFO[0m Creating environment hook '/home/ivan/Webots_YOLOv8/install/soccer_vision_attribute_msgs/share/soccer_vision_attribute_msgs/hook/cmake_prefix_path.ps1'
[1.964s] [34mcolcon.colcon_core.shell[0m [1;30mINFO[0m Creating environment descriptor '/home/ivan/Webots_YOLOv8/install/soccer_vision_attribute_msgs/share/soccer_vision_attribute_msgs/hook/cmake_prefix_path.dsv'
[1.965s] [34mcolcon.colcon_core.shell[0m [1;30mINFO[0m Creating environment hook '/home/ivan/Webots_YOLOv8/install/soccer_vision_attribute_msgs/share/soccer_vision_attribute_msgs/hook/cmake_prefix_path.sh'
[1.966s] [34mcolcon.colcon_core.environment[0m [1;30mLevel 1[0m checking '/home/ivan/Webots_YOLOv8/install/soccer_vision_attribute_msgs/lib'
[1.966s] [34mcolcon.colcon_core.shell[0m [1;30mLevel 1[0m create_environment_hook('soccer_vision_attribute_msgs', 'ld_library_path_lib')
[1.966s] [34mcolcon.colcon_core.shell[0m [1;30mINFO[0m Creating environment hook '/home/ivan/Webots_YOLOv8/install/soccer_vision_attribute_msgs/share/soccer_vision_attribute_msgs/hook/ld_library_path_lib.ps1'
[1.967s] [34mcolcon.colcon_core.shell[0m [1;30mINFO[0m Creating environment descriptor '/home/ivan/Webots_YOLOv8/install/soccer_vision_attribute_msgs/share/soccer_vision_attribute_msgs/hook/ld_library_path_lib.dsv'
[1.967s] [34mcolcon.colcon_core.shell[0m [1;30mINFO[0m Creating environment hook '/home/ivan/Webots_YOLOv8/install/soccer_vision_attribute_msgs/share/soccer_vision_attribute_msgs/hook/ld_library_path_lib.sh'
[1.968s] [34mcolcon.colcon_core.environment[0m [1;30mLevel 1[0m checking '/home/ivan/Webots_YOLOv8/install/soccer_vision_attribute_msgs/bin'
[1.968s] [34mcolcon.colcon_core.environment[0m [1;30mLevel 1[0m checking '/home/ivan/Webots_YOLOv8/install/soccer_vision_attribute_msgs/lib/pkgconfig/soccer_vision_attribute_msgs.pc'
[1.968s] [34mcolcon.colcon_core.environment[0m [1;30mLevel 1[0m checking '/home/ivan/Webots_YOLOv8/install/soccer_vision_attribute_msgs/lib/python3.10/site-packages'
[1.968s] [34mcolcon.colcon_core.environment[0m [1;30mLevel 1[0m checking '/home/ivan/Webots_YOLOv8/install/soccer_vision_attribute_msgs/bin'
[1.969s] [34mcolcon.colcon_core.shell[0m [1;30mINFO[0m Creating package script '/home/ivan/Webots_YOLOv8/install/soccer_vision_attribute_msgs/share/soccer_vision_attribute_msgs/package.ps1'
[1.970s] [34mcolcon.colcon_core.shell[0m [1;30mINFO[0m Creating package descriptor '/home/ivan/Webots_YOLOv8/install/soccer_vision_attribute_msgs/share/soccer_vision_attribute_msgs/package.dsv'
[1.970s] [34mcolcon.colcon_core.shell[0m [1;30mINFO[0m Creating package script '/home/ivan/Webots_YOLOv8/install/soccer_vision_attribute_msgs/share/soccer_vision_attribute_msgs/package.sh'
[1.971s] [34mcolcon.colcon_core.shell[0m [1;30mINFO[0m Creating package script '/home/ivan/Webots_YOLOv8/install/soccer_vision_attribute_msgs/share/soccer_vision_attribute_msgs/package.bash'
[1.971s] [34mcolcon.colcon_core.shell[0m [1;30mINFO[0m Creating package script '/home/ivan/Webots_YOLOv8/install/soccer_vision_attribute_msgs/share/soccer_vision_attribute_msgs/package.zsh'
[1.972s] [34mcolcon.colcon_core.environment[0m [1;30mLevel 1[0m create_file_with_runtime_dependencies(/home/ivan/Webots_YOLOv8/install/soccer_vision_attribute_msgs/share/colcon-core/packages/soccer_vision_attribute_msgs)
[1.973s] [34mcolcon.colcon_ros.task.ament_cmake.build[0m [1;30mINFO[0m Building ROS package in '/home/ivan/Webots_YOLOv8/src/soccer_interfaces/soccer_vision_2d_msgs' with build type 'ament_cmake'
[1.973s] [34mcolcon.colcon_cmake.task.cmake.build[0m [1;30mINFO[0m Building CMake package in '/home/ivan/Webots_YOLOv8/src/soccer_interfaces/soccer_vision_2d_msgs'
[1.974s] [34mcolcon.colcon_core.shell[0m [1;30mINFO[0m Skip shell extension 'powershell' for command environment: Not usable outside of PowerShell
[1.974s] [34mcolcon.colcon_core.shell[0m [1;30mDEBUG[0m [32mSkip shell extension 'dsv' for command environment[0m
[1.981s] [34mcolcon.colcon_ros.task.ament_cmake.build[0m [1;30mINFO[0m Building ROS package in '/home/ivan/Webots_YOLOv8/src/soccer_interfaces/soccer_vision_3d_msgs' with build type 'ament_cmake'
[1.981s] [34mcolcon.colcon_cmake.task.cmake.build[0m [1;30mINFO[0m Building CMake package in '/home/ivan/Webots_YOLOv8/src/soccer_interfaces/soccer_vision_3d_msgs'
[1.982s] [34mcolcon.colcon_core.shell[0m [1;30mINFO[0m Skip shell extension 'powershell' for command environment: Not usable outside of PowerShell
[1.982s] [34mcolcon.colcon_core.shell[0m [1;30mDEBUG[0m [32mSkip shell extension 'dsv' for command environment[0m
[1.988s] [34mcolcon.colcon_ros.task.ament_cmake.build[0m [1;30mINFO[0m Building ROS package in '/home/ivan/Webots_YOLOv8/src/soccer_interfaces/soccer_model_msgs' with build type 'ament_cmake'
[1.989s] [34mcolcon.colcon_cmake.task.cmake.build[0m [1;30mINFO[0m Building CMake package in '/home/ivan/Webots_YOLOv8/src/soccer_interfaces/soccer_model_msgs'
[1.989s] [34mcolcon.colcon_core.shell[0m [1;30mINFO[0m Skip shell extension 'powershell' for command environment: Not usable outside of PowerShell
[1.989s] [34mcolcon.colcon_core.shell[0m [1;30mDEBUG[0m [32mSkip shell extension 'dsv' for command environment[0m
[2.391s] [34mcolcon.colcon_core.task.python.build[0m [1;30mINFO[0m Building Python package in '/home/ivan/Webots_YOLOv8/src/ipm/ipm_library'
[2.391s] [34mcolcon.colcon_core.shell[0m [1;30mINFO[0m Skip shell extension 'powershell' for command environment: Not usable outside of PowerShell
[2.392s] [34mcolcon.colcon_core.shell[0m [1;30mDEBUG[0m [32mSkip shell extension 'dsv' for command environment[0m
[2.404s] [34mcolcon.colcon_core.event_handler.log_command[0m [1;30mDEBUG[0m [32mInvoking command in '/home/ivan/Webots_YOLOv8/build/soccer_vision_2d_msgs': CMAKE_PREFIX_PATH=/home/ivan/Webots_YOLOv8/install/soccer_vision_attribute_msgs:/home/ivan/Webots_YOLOv8/install/soccer_interfaces:/home/ivan/Webots_YOLOv8/install/soccer_vision_3d_msgs:/home/ivan/Webots_YOLOv8/install/soccer_vision_2d_msgs:/home/ivan/Webots_YOLOv8/install/soccer_model_msgs:/home/ivan/Webots_YOLOv8/install/soccer_geometry_msgs:/home/ivan/Webots_YOLOv8/install/ipm_interfaces:/home/ivan/ros2_ws/install/edrom_msgs:/home/ivan/Webots_YOLOv8/install/soccer_ipm:/home/ivan/Webots_YOLOv8/install/Webots_YOLOv8:/home/ivan/Webots_YOLOv8/install/my_package:/home/ivan/Webots_YOLOv8/install/ipm_service:/home/ivan/Webots_YOLOv8/install/ipm_image_node:/home/ivan/Webots_YOLOv8/install/ipm_library:/home/ivan/ros2_ws/install/object_finder_onnx:/home/ivan/ros2_ws/install/object_finder:/home/ivan/ros2_ws/install/my_package:/home/ivan/ros2_ws/install/Webots_YOLOv8:/opt/ros/humble LD_LIBRARY_PATH=/home/ivan/Webots_YOLOv8/install/soccer_vision_attribute_msgs/lib:/home/ivan/Webots_YOLOv8/install/soccer_vision_3d_msgs/lib:/home/ivan/Webots_YOLOv8/install/soccer_vision_2d_msgs/lib:/home/ivan/Webots_YOLOv8/install/soccer_model_msgs/lib:/home/ivan/Webots_YOLOv8/install/soccer_geometry_msgs/lib:/home/ivan/Webots_YOLOv8/install/ipm_interfaces/lib:/home/ivan/ros2_ws/install/edrom_msgs/lib:/opt/ros/humble/opt/rviz_ogre_vendor/lib:/opt/ros/humble/lib/x86_64-linux-gnu:/opt/ros/humble/lib /usr/bin/cmake --build /home/ivan/Webots_YOLOv8/build/soccer_vision_2d_msgs -- -j12 -l12[0m
[2.409s] [34mcolcon.colcon_core.event_handler.log_command[0m [1;30mDEBUG[0m [32mInvoking command in '/home/ivan/Webots_YOLOv8/build/soccer_vision_3d_msgs': CMAKE_PREFIX_PATH=/home/ivan/Webots_YOLOv8/install/soccer_vision_attribute_msgs:/home/ivan/Webots_YOLOv8/install/soccer_interfaces:/home/ivan/Webots_YOLOv8/install/soccer_vision_3d_msgs:/home/ivan/Webots_YOLOv8/install/soccer_vision_2d_msgs:/home/ivan/Webots_YOLOv8/install/soccer_model_msgs:/home/ivan/Webots_YOLOv8/install/soccer_geometry_msgs:/home/ivan/Webots_YOLOv8/install/ipm_interfaces:/home/ivan/ros2_ws/install/edrom_msgs:/home/ivan/Webots_YOLOv8/install/soccer_ipm:/home/ivan/Webots_YOLOv8/install/Webots_YOLOv8:/home/ivan/Webots_YOLOv8/install/my_package:/home/ivan/Webots_YOLOv8/install/ipm_service:/home/ivan/Webots_YOLOv8/install/ipm_image_node:/home/ivan/Webots_YOLOv8/install/ipm_library:/home/ivan/ros2_ws/install/object_finder_onnx:/home/ivan/ros2_ws/install/object_finder:/home/ivan/ros2_ws/install/my_package:/home/ivan/ros2_ws/install/Webots_YOLOv8:/opt/ros/humble LD_LIBRARY_PATH=/home/ivan/Webots_YOLOv8/install/soccer_vision_attribute_msgs/lib:/home/ivan/Webots_YOLOv8/install/soccer_vision_3d_msgs/lib:/home/ivan/Webots_YOLOv8/install/soccer_vision_2d_msgs/lib:/home/ivan/Webots_YOLOv8/install/soccer_model_msgs/lib:/home/ivan/Webots_YOLOv8/install/soccer_geometry_msgs/lib:/home/ivan/Webots_YOLOv8/install/ipm_interfaces/lib:/home/ivan/ros2_ws/install/edrom_msgs/lib:/opt/ros/humble/opt/rviz_ogre_vendor/lib:/opt/ros/humble/lib/x86_64-linux-gnu:/opt/ros/humble/lib /usr/bin/cmake --build /home/ivan/Webots_YOLOv8/build/soccer_vision_3d_msgs -- -j12 -l12[0m
[2.416s] [34mcolcon.colcon_core.event_handler.log_command[0m [1;30mDEBUG[0m [32mInvoking command in '/home/ivan/Webots_YOLOv8/build/soccer_model_msgs': CMAKE_PREFIX_PATH=/home/ivan/Webots_YOLOv8/install/soccer_vision_attribute_msgs:/home/ivan/Webots_YOLOv8/install/soccer_geometry_msgs:/home/ivan/Webots_YOLOv8/install/soccer_interfaces:/home/ivan/Webots_YOLOv8/install/soccer_vision_3d_msgs:/home/ivan/Webots_YOLOv8/install/soccer_vision_2d_msgs:/home/ivan/Webots_YOLOv8/install/soccer_model_msgs:/home/ivan/Webots_YOLOv8/install/ipm_interfaces:/home/ivan/ros2_ws/install/edrom_msgs:/home/ivan/Webots_YOLOv8/install/soccer_ipm:/home/ivan/Webots_YOLOv8/install/Webots_YOLOv8:/home/ivan/Webots_YOLOv8/install/my_package:/home/ivan/Webots_YOLOv8/install/ipm_service:/home/ivan/Webots_YOLOv8/install/ipm_image_node:/home/ivan/Webots_YOLOv8/install/ipm_library:/home/ivan/ros2_ws/install/object_finder_onnx:/home/ivan/ros2_ws/install/object_finder:/home/ivan/ros2_ws/install/my_package:/home/ivan/ros2_ws/install/Webots_YOLOv8:/opt/ros/humble LD_LIBRARY_PATH=/home/ivan/Webots_YOLOv8/install/soccer_vision_attribute_msgs/lib:/home/ivan/Webots_YOLOv8/install/soccer_geometry_msgs/lib:/home/ivan/Webots_YOLOv8/install/soccer_vision_3d_msgs/lib:/home/ivan/Webots_YOLOv8/install/soccer_vision_2d_msgs/lib:/home/ivan/Webots_YOLOv8/install/soccer_model_msgs/lib:/home/ivan/Webots_YOLOv8/install/ipm_interfaces/lib:/home/ivan/ros2_ws/install/edrom_msgs/lib:/opt/ros/humble/opt/rviz_ogre_vendor/lib:/opt/ros/humble/lib/x86_64-linux-gnu:/opt/ros/humble/lib /usr/bin/cmake --build /home/ivan/Webots_YOLOv8/build/soccer_model_msgs -- -j12 -l12[0m
[2.418s] [34mcolcon.colcon_core.event_handler.log_command[0m [1;30mDEBUG[0m [32mInvoking command in '/home/ivan/Webots_YOLOv8/src/my_package': PYTHONPATH=/home/ivan/Webots_YOLOv8/build/my_package/prefix_override:/usr/lib/python3/dist-packages/colcon_core/task/python/colcon_distutils_commands:/home/ivan/Webots_YOLOv8/install/my_package/lib/python3.10/site-packages:${PYTHONPATH} /usr/bin/python3 -W ignore:setup.py install is deprecated -W ignore:easy_install command is deprecated setup.py egg_info --egg-base ../../build/my_package build --build-base /home/ivan/Webots_YOLOv8/build/my_package/build install --record /home/ivan/Webots_YOLOv8/build/my_package/install.log --single-version-externally-managed install_data[0m
[3.036s] [34mcolcon.colcon_core.environment[0m [1;30mLevel 1[0m checking '/home/ivan/Webots_YOLOv8/install/my_package' for CMake module files
[3.037s] [34mcolcon.colcon_core.event_handler.log_command[0m [1;30mDEBUG[0m [32mInvoked command in '/home/ivan/Webots_YOLOv8/src/my_package' returned '0': PYTHONPATH=/home/ivan/Webots_YOLOv8/build/my_package/prefix_override:/usr/lib/python3/dist-packages/colcon_core/task/python/colcon_distutils_commands:/home/ivan/Webots_YOLOv8/install/my_package/lib/python3.10/site-packages:${PYTHONPATH} /usr/bin/python3 -W ignore:setup.py install is deprecated -W ignore:easy_install command is deprecated setup.py egg_info --egg-base ../../build/my_package build --build-base /home/ivan/Webots_YOLOv8/build/my_package/build install --record /home/ivan/Webots_YOLOv8/build/my_package/install.log --single-version-externally-managed install_data[0m
[3.039s] [34mcolcon.colcon_core.environment[0m [1;30mLevel 1[0m checking '/home/ivan/Webots_YOLOv8/install/my_package' for CMake config files
[3.040s] [34mcolcon.colcon_core.environment[0m [1;30mLevel 1[0m checking '/home/ivan/Webots_YOLOv8/install/my_package/lib'
[3.040s] [34mcolcon.colcon_core.environment[0m [1;30mLevel 1[0m checking '/home/ivan/Webots_YOLOv8/install/my_package/bin'
[3.040s] [34mcolcon.colcon_core.environment[0m [1;30mLevel 1[0m checking '/home/ivan/Webots_YOLOv8/install/my_package/lib/pkgconfig/my_package.pc'
[3.040s] [34mcolcon.colcon_core.environment[0m [1;30mLevel 1[0m checking '/home/ivan/Webots_YOLOv8/install/my_package/lib/python3.10/site-packages'
[3.040s] [34mcolcon.colcon_core.shell[0m [1;30mLevel 1[0m create_environment_hook('my_package', 'pythonpath')
[3.041s] [34mcolcon.colcon_core.shell[0m [1;30mINFO[0m Creating environment hook '/home/ivan/Webots_YOLOv8/install/my_package/share/my_package/hook/pythonpath.ps1'
[3.041s] [34mcolcon.colcon_core.shell[0m [1;30mINFO[0m Creating environment descriptor '/home/ivan/Webots_YOLOv8/install/my_package/share/my_package/hook/pythonpath.dsv'
[3.042s] [34mcolcon.colcon_core.shell[0m [1;30mINFO[0m Creating environment hook '/home/ivan/Webots_YOLOv8/install/my_package/share/my_package/hook/pythonpath.sh'
[3.043s] [34mcolcon.colcon_core.environment[0m [1;30mLevel 1[0m checking '/home/ivan/Webots_YOLOv8/install/my_package/bin'
[3.044s] [34mcolcon.colcon_core.environment[0m [1;30mLevel 1[0m create_environment_scripts_only(my_package)
[3.044s] [34mcolcon.colcon_core.shell[0m [1;30mINFO[0m Creating package script '/home/ivan/Webots_YOLOv8/install/my_package/share/my_package/package.ps1'
[3.045s] [34mcolcon.colcon_core.shell[0m [1;30mINFO[0m Creating package descriptor '/home/ivan/Webots_YOLOv8/install/my_package/share/my_package/package.dsv'
[3.046s] [34mcolcon.colcon_core.shell[0m [1;30mINFO[0m Creating package script '/home/ivan/Webots_YOLOv8/install/my_package/share/my_package/package.sh'
[3.047s] [34mcolcon.colcon_core.shell[0m [1;30mINFO[0m Creating package script '/home/ivan/Webots_YOLOv8/install/my_package/share/my_package/package.bash'
[3.048s] [34mcolcon.colcon_core.shell[0m [1;30mINFO[0m Creating package script '/home/ivan/Webots_YOLOv8/install/my_package/share/my_package/package.zsh'
[3.048s] [34mcolcon.colcon_core.environment[0m [1;30mLevel 1[0m create_file_with_runtime_dependencies(/home/ivan/Webots_YOLOv8/install/my_package/share/colcon-core/packages/my_package)
[3.067s] [34mcolcon.colcon_core.event_handler.log_command[0m [1;30mDEBUG[0m [32mInvoking command in '/home/ivan/Webots_YOLOv8/src/ipm/ipm_library': CMAKE_PREFIX_PATH=/home/ivan/Webots_YOLOv8/install/ipm_interfaces:/home/ivan/Webots_YOLOv8/install/soccer_interfaces:/home/ivan/Webots_YOLOv8/install/soccer_vision_3d_msgs:/home/ivan/Webots_YOLOv8/install/soccer_vision_2d_msgs:/home/ivan/Webots_YOLOv8/install/soccer_model_msgs:/home/ivan/Webots_YOLOv8/install/soccer_vision_attribute_msgs:/home/ivan/Webots_YOLOv8/install/soccer_geometry_msgs:/home/ivan/ros2_ws/install/edrom_msgs LD_LIBRARY_PATH=/home/ivan/Webots_YOLOv8/install/ipm_interfaces/lib:/home/ivan/Webots_YOLOv8/install/soccer_vision_3d_msgs/lib:/home/ivan/Webots_YOLOv8/install/soccer_vision_2d_msgs/lib:/home/ivan/Webots_YOLOv8/install/soccer_model_msgs/lib:/home/ivan/Webots_YOLOv8/install/soccer_vision_attribute_msgs/lib:/home/ivan/Webots_YOLOv8/install/soccer_geometry_msgs/lib:/home/ivan/ros2_ws/install/edrom_msgs/lib:/opt/ros/humble/opt/rviz_ogre_vendor/lib:/opt/ros/humble/lib/x86_64-linux-gnu:/opt/ros/humble/lib PYTHONPATH=/home/ivan/Webots_YOLOv8/build/ipm_library/prefix_override:/usr/lib/python3/dist-packages/colcon_core/task/python/colcon_distutils_commands:/home/ivan/Webots_YOLOv8/install/ipm_library/lib/python3.10/site-packages:${PYTHONPATH} /usr/bin/python3 -W ignore:setup.py install is deprecated -W ignore:easy_install command is deprecated setup.py egg_info --egg-base ../../../build/ipm_library build --build-base /home/ivan/Webots_YOLOv8/build/ipm_library/build install --record /home/ivan/Webots_YOLOv8/build/ipm_library/install.log --single-version-externally-managed install_data[0m
[3.111s] [34mcolcon.colcon_core.event_handler.log_command[0m [1;30mDEBUG[0m [32mInvoked command in '/home/ivan/Webots_YOLOv8/build/soccer_vision_2d_msgs' returned '0': CMAKE_PREFIX_PATH=/home/ivan/Webots_YOLOv8/install/soccer_vision_attribute_msgs:/home/ivan/Webots_YOLOv8/install/soccer_interfaces:/home/ivan/Webots_YOLOv8/install/soccer_vision_3d_msgs:/home/ivan/Webots_YOLOv8/install/soccer_vision_2d_msgs:/home/ivan/Webots_YOLOv8/install/soccer_model_msgs:/home/ivan/Webots_YOLOv8/install/soccer_geometry_msgs:/home/ivan/Webots_YOLOv8/install/ipm_interfaces:/home/ivan/ros2_ws/install/edrom_msgs:/home/ivan/Webots_YOLOv8/install/soccer_ipm:/home/ivan/Webots_YOLOv8/install/Webots_YOLOv8:/home/ivan/Webots_YOLOv8/install/my_package:/home/ivan/Webots_YOLOv8/install/ipm_service:/home/ivan/Webots_YOLOv8/install/ipm_image_node:/home/ivan/Webots_YOLOv8/install/ipm_library:/home/ivan/ros2_ws/install/object_finder_onnx:/home/ivan/ros2_ws/install/object_finder:/home/ivan/ros2_ws/install/my_package:/home/ivan/ros2_ws/install/Webots_YOLOv8:/opt/ros/humble LD_LIBRARY_PATH=/home/ivan/Webots_YOLOv8/install/soccer_vision_attribute_msgs/lib:/home/ivan/Webots_YOLOv8/install/soccer_vision_3d_msgs/lib:/home/ivan/Webots_YOLOv8/install/soccer_vision_2d_msgs/lib:/home/ivan/Webots_YOLOv8/install/soccer_model_msgs/lib:/home/ivan/Webots_YOLOv8/install/soccer_geometry_msgs/lib:/home/ivan/Webots_YOLOv8/install/ipm_interfaces/lib:/home/ivan/ros2_ws/install/edrom_msgs/lib:/opt/ros/humble/opt/rviz_ogre_vendor/lib:/opt/ros/humble/lib/x86_64-linux-gnu:/opt/ros/humble/lib /usr/bin/cmake --build /home/ivan/Webots_YOLOv8/build/soccer_vision_2d_msgs -- -j12 -l12[0m
[3.114s] [34mcolcon.colcon_core.event_handler.log_command[0m [1;30mDEBUG[0m [32mInvoking command in '/home/ivan/Webots_YOLOv8/build/soccer_vision_2d_msgs': CMAKE_PREFIX_PATH=/home/ivan/Webots_YOLOv8/install/soccer_vision_attribute_msgs:/home/ivan/Webots_YOLOv8/install/soccer_interfaces:/home/ivan/Webots_YOLOv8/install/soccer_vision_3d_msgs:/home/ivan/Webots_YOLOv8/install/soccer_vision_2d_msgs:/home/ivan/Webots_YOLOv8/install/soccer_model_msgs:/home/ivan/Webots_YOLOv8/install/soccer_geometry_msgs:/home/ivan/Webots_YOLOv8/install/ipm_interfaces:/home/ivan/ros2_ws/install/edrom_msgs:/home/ivan/Webots_YOLOv8/install/soccer_ipm:/home/ivan/Webots_YOLOv8/install/Webots_YOLOv8:/home/ivan/Webots_YOLOv8/install/my_package:/home/ivan/Webots_YOLOv8/install/ipm_service:/home/ivan/Webots_YOLOv8/install/ipm_image_node:/home/ivan/Webots_YOLOv8/install/ipm_library:/home/ivan/ros2_ws/install/object_finder_onnx:/home/ivan/ros2_ws/install/object_finder:/home/ivan/ros2_ws/install/my_package:/home/ivan/ros2_ws/install/Webots_YOLOv8:/opt/ros/humble LD_LIBRARY_PATH=/home/ivan/Webots_YOLOv8/install/soccer_vision_attribute_msgs/lib:/home/ivan/Webots_YOLOv8/install/soccer_vision_3d_msgs/lib:/home/ivan/Webots_YOLOv8/install/soccer_vision_2d_msgs/lib:/home/ivan/Webots_YOLOv8/install/soccer_model_msgs/lib:/home/ivan/Webots_YOLOv8/install/soccer_geometry_msgs/lib:/home/ivan/Webots_YOLOv8/install/ipm_interfaces/lib:/home/ivan/ros2_ws/install/edrom_msgs/lib:/opt/ros/humble/opt/rviz_ogre_vendor/lib:/opt/ros/humble/lib/x86_64-linux-gnu:/opt/ros/humble/lib /usr/bin/cmake --install /home/ivan/Webots_YOLOv8/build/soccer_vision_2d_msgs[0m
[3.121s] [34mcolcon.colcon_core.event_handler.log_command[0m [1;30mDEBUG[0m [32mInvoked command in '/home/ivan/Webots_YOLOv8/build/soccer_vision_3d_msgs' returned '0': CMAKE_PREFIX_PATH=/home/ivan/Webots_YOLOv8/install/soccer_vision_attribute_msgs:/home/ivan/Webots_YOLOv8/install/soccer_interfaces:/home/ivan/Webots_YOLOv8/install/soccer_vision_3d_msgs:/home/ivan/Webots_YOLOv8/install/soccer_vision_2d_msgs:/home/ivan/Webots_YOLOv8/install/soccer_model_msgs:/home/ivan/Webots_YOLOv8/install/soccer_geometry_msgs:/home/ivan/Webots_YOLOv8/install/ipm_interfaces:/home/ivan/ros2_ws/install/edrom_msgs:/home/ivan/Webots_YOLOv8/install/soccer_ipm:/home/ivan/Webots_YOLOv8/install/Webots_YOLOv8:/home/ivan/Webots_YOLOv8/install/my_package:/home/ivan/Webots_YOLOv8/install/ipm_service:/home/ivan/Webots_YOLOv8/install/ipm_image_node:/home/ivan/Webots_YOLOv8/install/ipm_library:/home/ivan/ros2_ws/install/object_finder_onnx:/home/ivan/ros2_ws/install/object_finder:/home/ivan/ros2_ws/install/my_package:/home/ivan/ros2_ws/install/Webots_YOLOv8:/opt/ros/humble LD_LIBRARY_PATH=/home/ivan/Webots_YOLOv8/install/soccer_vision_attribute_msgs/lib:/home/ivan/Webots_YOLOv8/install/soccer_vision_3d_msgs/lib:/home/ivan/Webots_YOLOv8/install/soccer_vision_2d_msgs/lib:/home/ivan/Webots_YOLOv8/install/soccer_model_msgs/lib:/home/ivan/Webots_YOLOv8/install/soccer_geometry_msgs/lib:/home/ivan/Webots_YOLOv8/install/ipm_interfaces/lib:/home/ivan/ros2_ws/install/edrom_msgs/lib:/opt/ros/humble/opt/rviz_ogre_vendor/lib:/opt/ros/humble/lib/x86_64-linux-gnu:/opt/ros/humble/lib /usr/bin/cmake --build /home/ivan/Webots_YOLOv8/build/soccer_vision_3d_msgs -- -j12 -l12[0m
[3.124s] [34mcolcon.colcon_core.event_handler.log_command[0m [1;30mDEBUG[0m [32mInvoking command in '/home/ivan/Webots_YOLOv8/build/soccer_vision_3d_msgs': CMAKE_PREFIX_PATH=/home/ivan/Webots_YOLOv8/install/soccer_vision_attribute_msgs:/home/ivan/Webots_YOLOv8/install/soccer_interfaces:/home/ivan/Webots_YOLOv8/install/soccer_vision_3d_msgs:/home/ivan/Webots_YOLOv8/install/soccer_vision_2d_msgs:/home/ivan/Webots_YOLOv8/install/soccer_model_msgs:/home/ivan/Webots_YOLOv8/install/soccer_geometry_msgs:/home/ivan/Webots_YOLOv8/install/ipm_interfaces:/home/ivan/ros2_ws/install/edrom_msgs:/home/ivan/Webots_YOLOv8/install/soccer_ipm:/home/ivan/Webots_YOLOv8/install/Webots_YOLOv8:/home/ivan/Webots_YOLOv8/install/my_package:/home/ivan/Webots_YOLOv8/install/ipm_service:/home/ivan/Webots_YOLOv8/install/ipm_image_node:/home/ivan/Webots_YOLOv8/install/ipm_library:/home/ivan/ros2_ws/install/object_finder_onnx:/home/ivan/ros2_ws/install/object_finder:/home/ivan/ros2_ws/install/my_package:/home/ivan/ros2_ws/install/Webots_YOLOv8:/opt/ros/humble LD_LIBRARY_PATH=/home/ivan/Webots_YOLOv8/install/soccer_vision_attribute_msgs/lib:/home/ivan/Webots_YOLOv8/install/soccer_vision_3d_msgs/lib:/home/ivan/Webots_YOLOv8/install/soccer_vision_2d_msgs/lib:/home/ivan/Webots_YOLOv8/install/soccer_model_msgs/lib:/home/ivan/Webots_YOLOv8/install/soccer_geometry_msgs/lib:/home/ivan/Webots_YOLOv8/install/ipm_interfaces/lib:/home/ivan/ros2_ws/install/edrom_msgs/lib:/opt/ros/humble/opt/rviz_ogre_vendor/lib:/opt/ros/humble/lib/x86_64-linux-gnu:/opt/ros/humble/lib /usr/bin/cmake --install /home/ivan/Webots_YOLOv8/build/soccer_vision_3d_msgs[0m
[3.188s] [34mcolcon.colcon_core.event_handler.log_command[0m [1;30mDEBUG[0m [32mInvoked command in '/home/ivan/Webots_YOLOv8/build/soccer_model_msgs' returned '0': CMAKE_PREFIX_PATH=/home/ivan/Webots_YOLOv8/install/soccer_vision_attribute_msgs:/home/ivan/Webots_YOLOv8/install/soccer_geometry_msgs:/home/ivan/Webots_YOLOv8/install/soccer_interfaces:/home/ivan/Webots_YOLOv8/install/soccer_vision_3d_msgs:/home/ivan/Webots_YOLOv8/install/soccer_vision_2d_msgs:/home/ivan/Webots_YOLOv8/install/soccer_model_msgs:/home/ivan/Webots_YOLOv8/install/ipm_interfaces:/home/ivan/ros2_ws/install/edrom_msgs:/home/ivan/Webots_YOLOv8/install/soccer_ipm:/home/ivan/Webots_YOLOv8/install/Webots_YOLOv8:/home/ivan/Webots_YOLOv8/install/my_package:/home/ivan/Webots_YOLOv8/install/ipm_service:/home/ivan/Webots_YOLOv8/install/ipm_image_node:/home/ivan/Webots_YOLOv8/install/ipm_library:/home/ivan/ros2_ws/install/object_finder_onnx:/home/ivan/ros2_ws/install/object_finder:/home/ivan/ros2_ws/install/my_package:/home/ivan/ros2_ws/install/Webots_YOLOv8:/opt/ros/humble LD_LIBRARY_PATH=/home/ivan/Webots_YOLOv8/install/soccer_vision_attribute_msgs/lib:/home/ivan/Webots_YOLOv8/install/soccer_geometry_msgs/lib:/home/ivan/Webots_YOLOv8/install/soccer_vision_3d_msgs/lib:/home/ivan/Webots_YOLOv8/install/soccer_vision_2d_msgs/lib:/home/ivan/Webots_YOLOv8/install/soccer_model_msgs/lib:/home/ivan/Webots_YOLOv8/install/ipm_interfaces/lib:/home/ivan/ros2_ws/install/edrom_msgs/lib:/opt/ros/humble/opt/rviz_ogre_vendor/lib:/opt/ros/humble/lib/x86_64-linux-gnu:/opt/ros/humble/lib /usr/bin/cmake --build /home/ivan/Webots_YOLOv8/build/soccer_model_msgs -- -j12 -l12[0m
[3.191s] [34mcolcon.colcon_core.event_handler.log_command[0m [1;30mDEBUG[0m [32mInvoking command in '/home/ivan/Webots_YOLOv8/build/soccer_model_msgs': CMAKE_PREFIX_PATH=/home/ivan/Webots_YOLOv8/install/soccer_vision_attribute_msgs:/home/ivan/Webots_YOLOv8/install/soccer_geometry_msgs:/home/ivan/Webots_YOLOv8/install/soccer_interfaces:/home/ivan/Webots_YOLOv8/install/soccer_vision_3d_msgs:/home/ivan/Webots_YOLOv8/install/soccer_vision_2d_msgs:/home/ivan/Webots_YOLOv8/install/soccer_model_msgs:/home/ivan/Webots_YOLOv8/install/ipm_interfaces:/home/ivan/ros2_ws/install/edrom_msgs:/home/ivan/Webots_YOLOv8/install/soccer_ipm:/home/ivan/Webots_YOLOv8/install/Webots_YOLOv8:/home/ivan/Webots_YOLOv8/install/my_package:/home/ivan/Webots_YOLOv8/install/ipm_service:/home/ivan/Webots_YOLOv8/install/ipm_image_node:/home/ivan/Webots_YOLOv8/install/ipm_library:/home/ivan/ros2_ws/install/object_finder_onnx:/home/ivan/ros2_ws/install/object_finder:/home/ivan/ros2_ws/install/my_package:/home/ivan/ros2_ws/install/Webots_YOLOv8:/opt/ros/humble LD_LIBRARY_PATH=/home/ivan/Webots_YOLOv8/install/soccer_vision_attribute_msgs/lib:/home/ivan/Webots_YOLOv8/install/soccer_geometry_msgs/lib:/home/ivan/Webots_YOLOv8/install/soccer_vision_3d_msgs/lib:/home/ivan/Webots_YOLOv8/install/soccer_vision_2d_msgs/lib:/home/ivan/Webots_YOLOv8/install/soccer_model_msgs/lib:/home/ivan/Webots_YOLOv8/install/ipm_interfaces/lib:/home/ivan/ros2_ws/install/edrom_msgs/lib:/opt/ros/humble/opt/rviz_ogre_vendor/lib:/opt/ros/humble/lib/x86_64-linux-gnu:/opt/ros/humble/lib /usr/bin/cmake --install /home/ivan/Webots_YOLOv8/build/soccer_model_msgs[0m
[3.240s] [34mcolcon.colcon_core.environment[0m [1;30mLevel 1[0m create_environment_scripts_only(soccer_vision_3d_msgs)
[3.240s] [34mcolcon.colcon_core.environment[0m [1;30mLevel 1[0m checking '/home/ivan/Webots_YOLOv8/install/soccer_vision_3d_msgs' for CMake module files
[3.241s] [34mcolcon.colcon_core.event_handler.log_command[0m [1;30mDEBUG[0m [32mInvoked command in '/home/ivan/Webots_YOLOv8/build/soccer_vision_3d_msgs' returned '0': CMAKE_PREFIX_PATH=/home/ivan/Webots_YOLOv8/install/soccer_vision_attribute_msgs:/home/ivan/Webots_YOLOv8/install/soccer_interfaces:/home/ivan/Webots_YOLOv8/install/soccer_vision_3d_msgs:/home/ivan/Webots_YOLOv8/install/soccer_vision_2d_msgs:/home/ivan/Webots_YOLOv8/install/soccer_model_msgs:/home/ivan/Webots_YOLOv8/install/soccer_geometry_msgs:/home/ivan/Webots_YOLOv8/install/ipm_interfaces:/home/ivan/ros2_ws/install/edrom_msgs:/home/ivan/Webots_YOLOv8/install/soccer_ipm:/home/ivan/Webots_YOLOv8/install/Webots_YOLOv8:/home/ivan/Webots_YOLOv8/install/my_package:/home/ivan/Webots_YOLOv8/install/ipm_service:/home/ivan/Webots_YOLOv8/install/ipm_image_node:/home/ivan/Webots_YOLOv8/install/ipm_library:/home/ivan/ros2_ws/install/object_finder_onnx:/home/ivan/ros2_ws/install/object_finder:/home/ivan/ros2_ws/install/my_package:/home/ivan/ros2_ws/install/Webots_YOLOv8:/opt/ros/humble LD_LIBRARY_PATH=/home/ivan/Webots_YOLOv8/install/soccer_vision_attribute_msgs/lib:/home/ivan/Webots_YOLOv8/install/soccer_vision_3d_msgs/lib:/home/ivan/Webots_YOLOv8/install/soccer_vision_2d_msgs/lib:/home/ivan/Webots_YOLOv8/install/soccer_model_msgs/lib:/home/ivan/Webots_YOLOv8/install/soccer_geometry_msgs/lib:/home/ivan/Webots_YOLOv8/install/ipm_interfaces/lib:/home/ivan/ros2_ws/install/edrom_msgs/lib:/opt/ros/humble/opt/rviz_ogre_vendor/lib:/opt/ros/humble/lib/x86_64-linux-gnu:/opt/ros/humble/lib /usr/bin/cmake --install /home/ivan/Webots_YOLOv8/build/soccer_vision_3d_msgs[0m
[3.241s] [34mcolcon.colcon_core.environment[0m [1;30mLevel 1[0m checking '/home/ivan/Webots_YOLOv8/install/soccer_vision_3d_msgs' for CMake config files
[3.243s] [34mcolcon.colcon_core.shell[0m [1;30mLevel 1[0m create_environment_hook('soccer_vision_3d_msgs', 'cmake_prefix_path')
[3.243s] [34mcolcon.colcon_core.shell[0m [1;30mINFO[0m Creating environment hook '/home/ivan/Webots_YOLOv8/install/soccer_vision_3d_msgs/share/soccer_vision_3d_msgs/hook/cmake_prefix_path.ps1'
[3.243s] [34mcolcon.colcon_core.shell[0m [1;30mINFO[0m Creating environment descriptor '/home/ivan/Webots_YOLOv8/install/soccer_vision_3d_msgs/share/soccer_vision_3d_msgs/hook/cmake_prefix_path.dsv'
[3.244s] [34mcolcon.colcon_core.shell[0m [1;30mINFO[0m Creating environment hook '/home/ivan/Webots_YOLOv8/install/soccer_vision_3d_msgs/share/soccer_vision_3d_msgs/hook/cmake_prefix_path.sh'
[3.244s] [34mcolcon.colcon_core.environment[0m [1;30mLevel 1[0m checking '/home/ivan/Webots_YOLOv8/install/soccer_vision_3d_msgs/lib'
[3.245s] [34mcolcon.colcon_core.shell[0m [1;30mLevel 1[0m create_environment_hook('soccer_vision_3d_msgs', 'ld_library_path_lib')
[3.245s] [34mcolcon.colcon_core.shell[0m [1;30mINFO[0m Creating environment hook '/home/ivan/Webots_YOLOv8/install/soccer_vision_3d_msgs/share/soccer_vision_3d_msgs/hook/ld_library_path_lib.ps1'
[3.245s] [34mcolcon.colcon_core.shell[0m [1;30mINFO[0m Creating environment descriptor '/home/ivan/Webots_YOLOv8/install/soccer_vision_3d_msgs/share/soccer_vision_3d_msgs/hook/ld_library_path_lib.dsv'
[3.246s] [34mcolcon.colcon_core.shell[0m [1;30mINFO[0m Creating environment hook '/home/ivan/Webots_YOLOv8/install/soccer_vision_3d_msgs/share/soccer_vision_3d_msgs/hook/ld_library_path_lib.sh'
[3.246s] [34mcolcon.colcon_core.environment[0m [1;30mLevel 1[0m checking '/home/ivan/Webots_YOLOv8/install/soccer_vision_3d_msgs/bin'
[3.247s] [34mcolcon.colcon_core.environment[0m [1;30mLevel 1[0m checking '/home/ivan/Webots_YOLOv8/install/soccer_vision_3d_msgs/lib/pkgconfig/soccer_vision_3d_msgs.pc'
[3.247s] [34mcolcon.colcon_core.environment[0m [1;30mLevel 1[0m checking '/home/ivan/Webots_YOLOv8/install/soccer_vision_3d_msgs/lib/python3.10/site-packages'
[3.247s] [34mcolcon.colcon_core.environment[0m [1;30mLevel 1[0m checking '/home/ivan/Webots_YOLOv8/install/soccer_vision_3d_msgs/bin'
[3.248s] [34mcolcon.colcon_core.shell[0m [1;30mINFO[0m Creating package script '/home/ivan/Webots_YOLOv8/install/soccer_vision_3d_msgs/share/soccer_vision_3d_msgs/package.ps1'
[3.248s] [34mcolcon.colcon_core.shell[0m [1;30mINFO[0m Creating package descriptor '/home/ivan/Webots_YOLOv8/install/soccer_vision_3d_msgs/share/soccer_vision_3d_msgs/package.dsv'
[3.249s] [34mcolcon.colcon_core.shell[0m [1;30mINFO[0m Creating package script '/home/ivan/Webots_YOLOv8/install/soccer_vision_3d_msgs/share/soccer_vision_3d_msgs/package.sh'
[3.249s] [34mcolcon.colcon_core.shell[0m [1;30mINFO[0m Creating package script '/home/ivan/Webots_YOLOv8/install/soccer_vision_3d_msgs/share/soccer_vision_3d_msgs/package.bash'
[3.250s] [34mcolcon.colcon_core.shell[0m [1;30mINFO[0m Creating package script '/home/ivan/Webots_YOLOv8/install/soccer_vision_3d_msgs/share/soccer_vision_3d_msgs/package.zsh'
[3.250s] [34mcolcon.colcon_core.environment[0m [1;30mLevel 1[0m create_file_with_runtime_dependencies(/home/ivan/Webots_YOLOv8/install/soccer_vision_3d_msgs/share/colcon-core/packages/soccer_vision_3d_msgs)
[3.251s] [34mcolcon.colcon_core.environment[0m [1;30mLevel 1[0m create_environment_scripts_only(soccer_vision_3d_msgs)
[3.251s] [34mcolcon.colcon_core.environment[0m [1;30mLevel 1[0m checking '/home/ivan/Webots_YOLOv8/install/soccer_vision_3d_msgs' for CMake module files
[3.252s] [34mcolcon.colcon_core.environment[0m [1;30mLevel 1[0m checking '/home/ivan/Webots_YOLOv8/install/soccer_vision_3d_msgs' for CMake config files
[3.253s] [34mcolcon.colcon_core.shell[0m [1;30mLevel 1[0m create_environment_hook('soccer_vision_3d_msgs', 'cmake_prefix_path')
[3.253s] [34mcolcon.colcon_core.shell[0m [1;30mINFO[0m Creating environment hook '/home/ivan/Webots_YOLOv8/install/soccer_vision_3d_msgs/share/soccer_vision_3d_msgs/hook/cmake_prefix_path.ps1'
[3.254s] [34mcolcon.colcon_core.shell[0m [1;30mINFO[0m Creating environment descriptor '/home/ivan/Webots_YOLOv8/install/soccer_vision_3d_msgs/share/soccer_vision_3d_msgs/hook/cmake_prefix_path.dsv'
[3.254s] [34mcolcon.colcon_core.shell[0m [1;30mINFO[0m Creating environment hook '/home/ivan/Webots_YOLOv8/install/soccer_vision_3d_msgs/share/soccer_vision_3d_msgs/hook/cmake_prefix_path.sh'
[3.255s] [34mcolcon.colcon_core.environment[0m [1;30mLevel 1[0m checking '/home/ivan/Webots_YOLOv8/install/soccer_vision_3d_msgs/lib'
[3.255s] [34mcolcon.colcon_core.shell[0m [1;30mLevel 1[0m create_environment_hook('soccer_vision_3d_msgs', 'ld_library_path_lib')
[3.255s] [34mcolcon.colcon_core.shell[0m [1;30mINFO[0m Creating environment hook '/home/ivan/Webots_YOLOv8/install/soccer_vision_3d_msgs/share/soccer_vision_3d_msgs/hook/ld_library_path_lib.ps1'
[3.255s] [34mcolcon.colcon_core.shell[0m [1;30mINFO[0m Creating environment descriptor '/home/ivan/Webots_YOLOv8/install/soccer_vision_3d_msgs/share/soccer_vision_3d_msgs/hook/ld_library_path_lib.dsv'
[3.256s] [34mcolcon.colcon_core.shell[0m [1;30mINFO[0m Creating environment hook '/home/ivan/Webots_YOLOv8/install/soccer_vision_3d_msgs/share/soccer_vision_3d_msgs/hook/ld_library_path_lib.sh'
[3.256s] [34mcolcon.colcon_core.environment[0m [1;30mLevel 1[0m checking '/home/ivan/Webots_YOLOv8/install/soccer_vision_3d_msgs/bin'
[3.256s] [34mcolcon.colcon_core.environment[0m [1;30mLevel 1[0m checking '/home/ivan/Webots_YOLOv8/install/soccer_vision_3d_msgs/lib/pkgconfig/soccer_vision_3d_msgs.pc'
[3.257s] [34mcolcon.colcon_core.environment[0m [1;30mLevel 1[0m checking '/home/ivan/Webots_YOLOv8/install/soccer_vision_3d_msgs/lib/python3.10/site-packages'
[3.257s] [34mcolcon.colcon_core.environment[0m [1;30mLevel 1[0m checking '/home/ivan/Webots_YOLOv8/install/soccer_vision_3d_msgs/bin'
[3.257s] [34mcolcon.colcon_core.shell[0m [1;30mINFO[0m Creating package script '/home/ivan/Webots_YOLOv8/install/soccer_vision_3d_msgs/share/soccer_vision_3d_msgs/package.ps1'
[3.258s] [34mcolcon.colcon_core.shell[0m [1;30mINFO[0m Creating package descriptor '/home/ivan/Webots_YOLOv8/install/soccer_vision_3d_msgs/share/soccer_vision_3d_msgs/package.dsv'
[3.259s] [34mcolcon.colcon_core.shell[0m [1;30mINFO[0m Creating package script '/home/ivan/Webots_YOLOv8/install/soccer_vision_3d_msgs/share/soccer_vision_3d_msgs/package.sh'
[3.259s] [34mcolcon.colcon_core.shell[0m [1;30mINFO[0m Creating package script '/home/ivan/Webots_YOLOv8/install/soccer_vision_3d_msgs/share/soccer_vision_3d_msgs/package.bash'
[3.260s] [34mcolcon.colcon_core.shell[0m [1;30mINFO[0m Creating package script '/home/ivan/Webots_YOLOv8/install/soccer_vision_3d_msgs/share/soccer_vision_3d_msgs/package.zsh'
[3.260s] [34mcolcon.colcon_core.environment[0m [1;30mLevel 1[0m create_file_with_runtime_dependencies(/home/ivan/Webots_YOLOv8/install/soccer_vision_3d_msgs/share/colcon-core/packages/soccer_vision_3d_msgs)
[3.261s] [34mcolcon.colcon_core.environment[0m [1;30mLevel 1[0m create_environment_scripts_only(soccer_vision_2d_msgs)
[3.261s] [34mcolcon.colcon_core.environment[0m [1;30mLevel 1[0m checking '/home/ivan/Webots_YOLOv8/install/soccer_vision_2d_msgs' for CMake module files
[3.262s] [34mcolcon.colcon_core.event_handler.log_command[0m [1;30mDEBUG[0m [32mInvoked command in '/home/ivan/Webots_YOLOv8/build/soccer_vision_2d_msgs' returned '0': CMAKE_PREFIX_PATH=/home/ivan/Webots_YOLOv8/install/soccer_vision_attribute_msgs:/home/ivan/Webots_YOLOv8/install/soccer_interfaces:/home/ivan/Webots_YOLOv8/install/soccer_vision_3d_msgs:/home/ivan/Webots_YOLOv8/install/soccer_vision_2d_msgs:/home/ivan/Webots_YOLOv8/install/soccer_model_msgs:/home/ivan/Webots_YOLOv8/install/soccer_geometry_msgs:/home/ivan/Webots_YOLOv8/install/ipm_interfaces:/home/ivan/ros2_ws/install/edrom_msgs:/home/ivan/Webots_YOLOv8/install/soccer_ipm:/home/ivan/Webots_YOLOv8/install/Webots_YOLOv8:/home/ivan/Webots_YOLOv8/install/my_package:/home/ivan/Webots_YOLOv8/install/ipm_service:/home/ivan/Webots_YOLOv8/install/ipm_image_node:/home/ivan/Webots_YOLOv8/install/ipm_library:/home/ivan/ros2_ws/install/object_finder_onnx:/home/ivan/ros2_ws/install/object_finder:/home/ivan/ros2_ws/install/my_package:/home/ivan/ros2_ws/install/Webots_YOLOv8:/opt/ros/humble LD_LIBRARY_PATH=/home/ivan/Webots_YOLOv8/install/soccer_vision_attribute_msgs/lib:/home/ivan/Webots_YOLOv8/install/soccer_vision_3d_msgs/lib:/home/ivan/Webots_YOLOv8/install/soccer_vision_2d_msgs/lib:/home/ivan/Webots_YOLOv8/install/soccer_model_msgs/lib:/home/ivan/Webots_YOLOv8/install/soccer_geometry_msgs/lib:/home/ivan/Webots_YOLOv8/install/ipm_interfaces/lib:/home/ivan/ros2_ws/install/edrom_msgs/lib:/opt/ros/humble/opt/rviz_ogre_vendor/lib:/opt/ros/humble/lib/x86_64-linux-gnu:/opt/ros/humble/lib /usr/bin/cmake --install /home/ivan/Webots_YOLOv8/build/soccer_vision_2d_msgs[0m
[3.263s] [34mcolcon.colcon_core.environment[0m [1;30mLevel 1[0m checking '/home/ivan/Webots_YOLOv8/install/soccer_vision_2d_msgs' for CMake config files
[3.264s] [34mcolcon.colcon_core.shell[0m [1;30mLevel 1[0m create_environment_hook('soccer_vision_2d_msgs', 'cmake_prefix_path')
[3.265s] [34mcolcon.colcon_core.shell[0m [1;30mINFO[0m Creating environment hook '/home/ivan/Webots_YOLOv8/install/soccer_vision_2d_msgs/share/soccer_vision_2d_msgs/hook/cmake_prefix_path.ps1'
[3.265s] [34mcolcon.colcon_core.shell[0m [1;30mINFO[0m Creating environment descriptor '/home/ivan/Webots_YOLOv8/install/soccer_vision_2d_msgs/share/soccer_vision_2d_msgs/hook/cmake_prefix_path.dsv'
[3.266s] [34mcolcon.colcon_core.shell[0m [1;30mINFO[0m Creating environment hook '/home/ivan/Webots_YOLOv8/install/soccer_vision_2d_msgs/share/soccer_vision_2d_msgs/hook/cmake_prefix_path.sh'
[3.266s] [34mcolcon.colcon_core.environment[0m [1;30mLevel 1[0m checking '/home/ivan/Webots_YOLOv8/install/soccer_vision_2d_msgs/lib'
[3.266s] [34mcolcon.colcon_core.shell[0m [1;30mLevel 1[0m create_environment_hook('soccer_vision_2d_msgs', 'ld_library_path_lib')
[3.267s] [34mcolcon.colcon_core.shell[0m [1;30mINFO[0m Creating environment hook '/home/ivan/Webots_YOLOv8/install/soccer_vision_2d_msgs/share/soccer_vision_2d_msgs/hook/ld_library_path_lib.ps1'
[3.267s] [34mcolcon.colcon_core.shell[0m [1;30mINFO[0m Creating environment descriptor '/home/ivan/Webots_YOLOv8/install/soccer_vision_2d_msgs/share/soccer_vision_2d_msgs/hook/ld_library_path_lib.dsv'
[3.267s] [34mcolcon.colcon_core.shell[0m [1;30mINFO[0m Creating environment hook '/home/ivan/Webots_YOLOv8/install/soccer_vision_2d_msgs/share/soccer_vision_2d_msgs/hook/ld_library_path_lib.sh'
[3.268s] [34mcolcon.colcon_core.environment[0m [1;30mLevel 1[0m checking '/home/ivan/Webots_YOLOv8/install/soccer_vision_2d_msgs/bin'
[3.268s] [34mcolcon.colcon_core.environment[0m [1;30mLevel 1[0m checking '/home/ivan/Webots_YOLOv8/install/soccer_vision_2d_msgs/lib/pkgconfig/soccer_vision_2d_msgs.pc'
[3.268s] [34mcolcon.colcon_core.environment[0m [1;30mLevel 1[0m checking '/home/ivan/Webots_YOLOv8/install/soccer_vision_2d_msgs/lib/python3.10/site-packages'
[3.268s] [34mcolcon.colcon_core.environment[0m [1;30mLevel 1[0m checking '/home/ivan/Webots_YOLOv8/install/soccer_vision_2d_msgs/bin'
[3.269s] [34mcolcon.colcon_core.shell[0m [1;30mINFO[0m Creating package script '/home/ivan/Webots_YOLOv8/install/soccer_vision_2d_msgs/share/soccer_vision_2d_msgs/package.ps1'
[3.269s] [34mcolcon.colcon_core.shell[0m [1;30mINFO[0m Creating package descriptor '/home/ivan/Webots_YOLOv8/install/soccer_vision_2d_msgs/share/soccer_vision_2d_msgs/package.dsv'
[3.270s] [34mcolcon.colcon_core.shell[0m [1;30mINFO[0m Creating package script '/home/ivan/Webots_YOLOv8/install/soccer_vision_2d_msgs/share/soccer_vision_2d_msgs/package.sh'
[3.270s] [34mcolcon.colcon_core.shell[0m [1;30mINFO[0m Creating package script '/home/ivan/Webots_YOLOv8/install/soccer_vision_2d_msgs/share/soccer_vision_2d_msgs/package.bash'
[3.271s] [34mcolcon.colcon_core.shell[0m [1;30mINFO[0m Creating package script '/home/ivan/Webots_YOLOv8/install/soccer_vision_2d_msgs/share/soccer_vision_2d_msgs/package.zsh'
[3.271s] [34mcolcon.colcon_core.environment[0m [1;30mLevel 1[0m create_file_with_runtime_dependencies(/home/ivan/Webots_YOLOv8/install/soccer_vision_2d_msgs/share/colcon-core/packages/soccer_vision_2d_msgs)
[3.272s] [34mcolcon.colcon_core.environment[0m [1;30mLevel 1[0m create_environment_scripts_only(soccer_vision_2d_msgs)
[3.272s] [34mcolcon.colcon_core.environment[0m [1;30mLevel 1[0m checking '/home/ivan/Webots_YOLOv8/install/soccer_vision_2d_msgs' for CMake module files
[3.273s] [34mcolcon.colcon_core.environment[0m [1;30mLevel 1[0m checking '/home/ivan/Webots_YOLOv8/install/soccer_vision_2d_msgs' for CMake config files
[3.274s] [34mcolcon.colcon_core.shell[0m [1;30mLevel 1[0m create_environment_hook('soccer_vision_2d_msgs', 'cmake_prefix_path')
[3.275s] [34mcolcon.colcon_core.shell[0m [1;30mINFO[0m Creating environment hook '/home/ivan/Webots_YOLOv8/install/soccer_vision_2d_msgs/share/soccer_vision_2d_msgs/hook/cmake_prefix_path.ps1'
[3.275s] [34mcolcon.colcon_core.shell[0m [1;30mINFO[0m Creating environment descriptor '/home/ivan/Webots_YOLOv8/install/soccer_vision_2d_msgs/share/soccer_vision_2d_msgs/hook/cmake_prefix_path.dsv'
[3.276s] [34mcolcon.colcon_core.shell[0m [1;30mINFO[0m Creating environment hook '/home/ivan/Webots_YOLOv8/install/soccer_vision_2d_msgs/share/soccer_vision_2d_msgs/hook/cmake_prefix_path.sh'
[3.277s] [34mcolcon.colcon_core.environment[0m [1;30mLevel 1[0m checking '/home/ivan/Webots_YOLOv8/install/soccer_vision_2d_msgs/lib'
[3.277s] [34mcolcon.colcon_core.shell[0m [1;30mLevel 1[0m create_environment_hook('soccer_vision_2d_msgs', 'ld_library_path_lib')
[3.277s] [34mcolcon.colcon_core.shell[0m [1;30mINFO[0m Creating environment hook '/home/ivan/Webots_YOLOv8/install/soccer_vision_2d_msgs/share/soccer_vision_2d_msgs/hook/ld_library_path_lib.ps1'
[3.278s] [34mcolcon.colcon_core.shell[0m [1;30mINFO[0m Creating environment descriptor '/home/ivan/Webots_YOLOv8/install/soccer_vision_2d_msgs/share/soccer_vision_2d_msgs/hook/ld_library_path_lib.dsv'
[3.278s] [34mcolcon.colcon_core.shell[0m [1;30mINFO[0m Creating environment hook '/home/ivan/Webots_YOLOv8/install/soccer_vision_2d_msgs/share/soccer_vision_2d_msgs/hook/ld_library_path_lib.sh'
[3.279s] [34mcolcon.colcon_core.environment[0m [1;30mLevel 1[0m checking '/home/ivan/Webots_YOLOv8/install/soccer_vision_2d_msgs/bin'
[3.279s] [34mcolcon.colcon_core.environment[0m [1;30mLevel 1[0m checking '/home/ivan/Webots_YOLOv8/install/soccer_vision_2d_msgs/lib/pkgconfig/soccer_vision_2d_msgs.pc'
[3.279s] [34mcolcon.colcon_core.environment[0m [1;30mLevel 1[0m checking '/home/ivan/Webots_YOLOv8/install/soccer_vision_2d_msgs/lib/python3.10/site-packages'
[3.279s] [34mcolcon.colcon_core.environment[0m [1;30mLevel 1[0m checking '/home/ivan/Webots_YOLOv8/install/soccer_vision_2d_msgs/bin'
[3.280s] [34mcolcon.colcon_core.shell[0m [1;30mINFO[0m Creating package script '/home/ivan/Webots_YOLOv8/install/soccer_vision_2d_msgs/share/soccer_vision_2d_msgs/package.ps1'
[3.281s] [34mcolcon.colcon_core.shell[0m [1;30mINFO[0m Creating package descriptor '/home/ivan/Webots_YOLOv8/install/soccer_vision_2d_msgs/share/soccer_vision_2d_msgs/package.dsv'
[3.281s] [34mcolcon.colcon_core.shell[0m [1;30mINFO[0m Creating package script '/home/ivan/Webots_YOLOv8/install/soccer_vision_2d_msgs/share/soccer_vision_2d_msgs/package.sh'
[3.282s] [34mcolcon.colcon_core.shell[0m [1;30mINFO[0m Creating package script '/home/ivan/Webots_YOLOv8/install/soccer_vision_2d_msgs/share/soccer_vision_2d_msgs/package.bash'
[3.282s] [34mcolcon.colcon_core.shell[0m [1;30mINFO[0m Creating package script '/home/ivan/Webots_YOLOv8/install/soccer_vision_2d_msgs/share/soccer_vision_2d_msgs/package.zsh'
[3.283s] [34mcolcon.colcon_core.environment[0m [1;30mLevel 1[0m create_file_with_runtime_dependencies(/home/ivan/Webots_YOLOv8/install/soccer_vision_2d_msgs/share/colcon-core/packages/soccer_vision_2d_msgs)
[3.283s] [34mcolcon.colcon_ros.task.ament_cmake.build[0m [1;30mINFO[0m Building ROS package in '/home/ivan/Webots_YOLOv8/src/soccer_interfaces/soccer_interfaces' with build type 'ament_cmake'
[3.283s] [34mcolcon.colcon_cmake.task.cmake.build[0m [1;30mINFO[0m Building CMake package in '/home/ivan/Webots_YOLOv8/src/soccer_interfaces/soccer_interfaces'
[3.284s] [34mcolcon.colcon_core.shell[0m [1;30mINFO[0m Skip shell extension 'powershell' for command environment: Not usable outside of PowerShell
[3.284s] [34mcolcon.colcon_core.shell[0m [1;30mDEBUG[0m [32mSkip shell extension 'dsv' for command environment[0m
[3.299s] [34mcolcon.colcon_core.environment[0m [1;30mLevel 1[0m create_environment_scripts_only(soccer_model_msgs)
[3.300s] [34mcolcon.colcon_core.environment[0m [1;30mLevel 1[0m checking '/home/ivan/Webots_YOLOv8/install/soccer_model_msgs' for CMake module files
[3.300s] [34mcolcon.colcon_core.event_handler.log_command[0m [1;30mDEBUG[0m [32mInvoked command in '/home/ivan/Webots_YOLOv8/build/soccer_model_msgs' returned '0': CMAKE_PREFIX_PATH=/home/ivan/Webots_YOLOv8/install/soccer_vision_attribute_msgs:/home/ivan/Webots_YOLOv8/install/soccer_geometry_msgs:/home/ivan/Webots_YOLOv8/install/soccer_interfaces:/home/ivan/Webots_YOLOv8/install/soccer_vision_3d_msgs:/home/ivan/Webots_YOLOv8/install/soccer_vision_2d_msgs:/home/ivan/Webots_YOLOv8/install/soccer_model_msgs:/home/ivan/Webots_YOLOv8/install/ipm_interfaces:/home/ivan/ros2_ws/install/edrom_msgs:/home/ivan/Webots_YOLOv8/install/soccer_ipm:/home/ivan/Webots_YOLOv8/install/Webots_YOLOv8:/home/ivan/Webots_YOLOv8/install/my_package:/home/ivan/Webots_YOLOv8/install/ipm_service:/home/ivan/Webots_YOLOv8/install/ipm_image_node:/home/ivan/Webots_YOLOv8/install/ipm_library:/home/ivan/ros2_ws/install/object_finder_onnx:/home/ivan/ros2_ws/install/object_finder:/home/ivan/ros2_ws/install/my_package:/home/ivan/ros2_ws/install/Webots_YOLOv8:/opt/ros/humble LD_LIBRARY_PATH=/home/ivan/Webots_YOLOv8/install/soccer_vision_attribute_msgs/lib:/home/ivan/Webots_YOLOv8/install/soccer_geometry_msgs/lib:/home/ivan/Webots_YOLOv8/install/soccer_vision_3d_msgs/lib:/home/ivan/Webots_YOLOv8/install/soccer_vision_2d_msgs/lib:/home/ivan/Webots_YOLOv8/install/soccer_model_msgs/lib:/home/ivan/Webots_YOLOv8/install/ipm_interfaces/lib:/home/ivan/ros2_ws/install/edrom_msgs/lib:/opt/ros/humble/opt/rviz_ogre_vendor/lib:/opt/ros/humble/lib/x86_64-linux-gnu:/opt/ros/humble/lib /usr/bin/cmake --install /home/ivan/Webots_YOLOv8/build/soccer_model_msgs[0m
[3.301s] [34mcolcon.colcon_core.environment[0m [1;30mLevel 1[0m checking '/home/ivan/Webots_YOLOv8/install/soccer_model_msgs' for CMake config files
[3.302s] [34mcolcon.colcon_core.shell[0m [1;30mLevel 1[0m create_environment_hook('soccer_model_msgs', 'cmake_prefix_path')
[3.302s] [34mcolcon.colcon_core.shell[0m [1;30mINFO[0m Creating environment hook '/home/ivan/Webots_YOLOv8/install/soccer_model_msgs/share/soccer_model_msgs/hook/cmake_prefix_path.ps1'
[3.303s] [34mcolcon.colcon_core.shell[0m [1;30mINFO[0m Creating environment descriptor '/home/ivan/Webots_YOLOv8/install/soccer_model_msgs/share/soccer_model_msgs/hook/cmake_prefix_path.dsv'
[3.303s] [34mcolcon.colcon_core.shell[0m [1;30mINFO[0m Creating environment hook '/home/ivan/Webots_YOLOv8/install/soccer_model_msgs/share/soccer_model_msgs/hook/cmake_prefix_path.sh'
[3.304s] [34mcolcon.colcon_core.environment[0m [1;30mLevel 1[0m checking '/home/ivan/Webots_YOLOv8/install/soccer_model_msgs/lib'
[3.304s] [34mcolcon.colcon_core.shell[0m [1;30mLevel 1[0m create_environment_hook('soccer_model_msgs', 'ld_library_path_lib')
[3.305s] [34mcolcon.colcon_core.shell[0m [1;30mINFO[0m Creating environment hook '/home/ivan/Webots_YOLOv8/install/soccer_model_msgs/share/soccer_model_msgs/hook/ld_library_path_lib.ps1'
[3.305s] [34mcolcon.colcon_core.shell[0m [1;30mINFO[0m Creating environment descriptor '/home/ivan/Webots_YOLOv8/install/soccer_model_msgs/share/soccer_model_msgs/hook/ld_library_path_lib.dsv'
[3.306s] [34mcolcon.colcon_core.shell[0m [1;30mINFO[0m Creating environment hook '/home/ivan/Webots_YOLOv8/install/soccer_model_msgs/share/soccer_model_msgs/hook/ld_library_path_lib.sh'
[3.306s] [34mcolcon.colcon_core.environment[0m [1;30mLevel 1[0m checking '/home/ivan/Webots_YOLOv8/install/soccer_model_msgs/bin'
[3.306s] [34mcolcon.colcon_core.environment[0m [1;30mLevel 1[0m checking '/home/ivan/Webots_YOLOv8/install/soccer_model_msgs/lib/pkgconfig/soccer_model_msgs.pc'
[3.306s] [34mcolcon.colcon_core.environment[0m [1;30mLevel 1[0m checking '/home/ivan/Webots_YOLOv8/install/soccer_model_msgs/lib/python3.10/site-packages'
[3.307s] [34mcolcon.colcon_core.environment[0m [1;30mLevel 1[0m checking '/home/ivan/Webots_YOLOv8/install/soccer_model_msgs/bin'
[3.307s] [34mcolcon.colcon_core.shell[0m [1;30mINFO[0m Creating package script '/home/ivan/Webots_YOLOv8/install/soccer_model_msgs/share/soccer_model_msgs/package.ps1'
[3.308s] [34mcolcon.colcon_core.shell[0m [1;30mINFO[0m Creating package descriptor '/home/ivan/Webots_YOLOv8/install/soccer_model_msgs/share/soccer_model_msgs/package.dsv'
[3.308s] [34mcolcon.colcon_core.shell[0m [1;30mINFO[0m Creating package script '/home/ivan/Webots_YOLOv8/install/soccer_model_msgs/share/soccer_model_msgs/package.sh'
[3.309s] [34mcolcon.colcon_core.shell[0m [1;30mINFO[0m Creating package script '/home/ivan/Webots_YOLOv8/install/soccer_model_msgs/share/soccer_model_msgs/package.bash'
[3.310s] [34mcolcon.colcon_core.shell[0m [1;30mINFO[0m Creating package script '/home/ivan/Webots_YOLOv8/install/soccer_model_msgs/share/soccer_model_msgs/package.zsh'
[3.310s] [34mcolcon.colcon_core.environment[0m [1;30mLevel 1[0m create_file_with_runtime_dependencies(/home/ivan/Webots_YOLOv8/install/soccer_model_msgs/share/colcon-core/packages/soccer_model_msgs)
[3.311s] [34mcolcon.colcon_core.environment[0m [1;30mLevel 1[0m create_environment_scripts_only(soccer_model_msgs)
[3.311s] [34mcolcon.colcon_core.environment[0m [1;30mLevel 1[0m checking '/home/ivan/Webots_YOLOv8/install/soccer_model_msgs' for CMake module files
[3.312s] [34mcolcon.colcon_core.environment[0m [1;30mLevel 1[0m checking '/home/ivan/Webots_YOLOv8/install/soccer_model_msgs' for CMake config files
[3.313s] [34mcolcon.colcon_core.shell[0m [1;30mLevel 1[0m create_environment_hook('soccer_model_msgs', 'cmake_prefix_path')
[3.313s] [34mcolcon.colcon_core.shell[0m [1;30mINFO[0m Creating environment hook '/home/ivan/Webots_YOLOv8/install/soccer_model_msgs/share/soccer_model_msgs/hook/cmake_prefix_path.ps1'
[3.313s] [34mcolcon.colcon_core.shell[0m [1;30mINFO[0m Creating environment descriptor '/home/ivan/Webots_YOLOv8/install/soccer_model_msgs/share/soccer_model_msgs/hook/cmake_prefix_path.dsv'
[3.314s] [34mcolcon.colcon_core.shell[0m [1;30mINFO[0m Creating environment hook '/home/ivan/Webots_YOLOv8/install/soccer_model_msgs/share/soccer_model_msgs/hook/cmake_prefix_path.sh'
[3.314s] [34mcolcon.colcon_core.environment[0m [1;30mLevel 1[0m checking '/home/ivan/Webots_YOLOv8/install/soccer_model_msgs/lib'
[3.315s] [34mcolcon.colcon_core.shell[0m [1;30mLevel 1[0m create_environment_hook('soccer_model_msgs', 'ld_library_path_lib')
[3.315s] [34mcolcon.colcon_core.shell[0m [1;30mINFO[0m Creating environment hook '/home/ivan/Webots_YOLOv8/install/soccer_model_msgs/share/soccer_model_msgs/hook/ld_library_path_lib.ps1'
[3.315s] [34mcolcon.colcon_core.shell[0m [1;30mINFO[0m Creating environment descriptor '/home/ivan/Webots_YOLOv8/install/soccer_model_msgs/share/soccer_model_msgs/hook/ld_library_path_lib.dsv'
[3.316s] [34mcolcon.colcon_core.shell[0m [1;30mINFO[0m Creating environment hook '/home/ivan/Webots_YOLOv8/install/soccer_model_msgs/share/soccer_model_msgs/hook/ld_library_path_lib.sh'
[3.316s] [34mcolcon.colcon_core.environment[0m [1;30mLevel 1[0m checking '/home/ivan/Webots_YOLOv8/install/soccer_model_msgs/bin'
[3.316s] [34mcolcon.colcon_core.environment[0m [1;30mLevel 1[0m checking '/home/ivan/Webots_YOLOv8/install/soccer_model_msgs/lib/pkgconfig/soccer_model_msgs.pc'
[3.317s] [34mcolcon.colcon_core.environment[0m [1;30mLevel 1[0m checking '/home/ivan/Webots_YOLOv8/install/soccer_model_msgs/lib/python3.10/site-packages'
[3.317s] [34mcolcon.colcon_core.environment[0m [1;30mLevel 1[0m checking '/home/ivan/Webots_YOLOv8/install/soccer_model_msgs/bin'
[3.317s] [34mcolcon.colcon_core.shell[0m [1;30mINFO[0m Creating package script '/home/ivan/Webots_YOLOv8/install/soccer_model_msgs/share/soccer_model_msgs/package.ps1'
[3.318s] [34mcolcon.colcon_core.shell[0m [1;30mINFO[0m Creating package descriptor '/home/ivan/Webots_YOLOv8/install/soccer_model_msgs/share/soccer_model_msgs/package.dsv'
[3.318s] [34mcolcon.colcon_core.shell[0m [1;30mINFO[0m Creating package script '/home/ivan/Webots_YOLOv8/install/soccer_model_msgs/share/soccer_model_msgs/package.sh'
[3.319s] [34mcolcon.colcon_core.shell[0m [1;30mINFO[0m Creating package script '/home/ivan/Webots_YOLOv8/install/soccer_model_msgs/share/soccer_model_msgs/package.bash'
[3.320s] [34mcolcon.colcon_core.shell[0m [1;30mINFO[0m Creating package script '/home/ivan/Webots_YOLOv8/install/soccer_model_msgs/share/soccer_model_msgs/package.zsh'
[3.320s] [34mcolcon.colcon_core.environment[0m [1;30mLevel 1[0m create_file_with_runtime_dependencies(/home/ivan/Webots_YOLOv8/install/soccer_model_msgs/share/colcon-core/packages/soccer_model_msgs)
[3.330s] [34mcolcon.colcon_core.event_handler.log_command[0m [1;30mDEBUG[0m [32mInvoking command in '/home/ivan/Webots_YOLOv8/build/soccer_interfaces': CMAKE_PREFIX_PATH=/home/ivan/Webots_YOLOv8/install/soccer_vision_3d_msgs:/home/ivan/Webots_YOLOv8/install/soccer_vision_2d_msgs:/home/ivan/Webots_YOLOv8/install/soccer_vision_attribute_msgs:/home/ivan/Webots_YOLOv8/install/soccer_interfaces:/home/ivan/Webots_YOLOv8/install/soccer_model_msgs:/home/ivan/Webots_YOLOv8/install/soccer_geometry_msgs:/home/ivan/Webots_YOLOv8/install/ipm_interfaces:/home/ivan/ros2_ws/install/edrom_msgs:/home/ivan/Webots_YOLOv8/install/soccer_ipm:/home/ivan/Webots_YOLOv8/install/Webots_YOLOv8:/home/ivan/Webots_YOLOv8/install/my_package:/home/ivan/Webots_YOLOv8/install/ipm_service:/home/ivan/Webots_YOLOv8/install/ipm_image_node:/home/ivan/Webots_YOLOv8/install/ipm_library:/home/ivan/ros2_ws/install/object_finder_onnx:/home/ivan/ros2_ws/install/object_finder:/home/ivan/ros2_ws/install/my_package:/home/ivan/ros2_ws/install/Webots_YOLOv8:/opt/ros/humble LD_LIBRARY_PATH=/home/ivan/Webots_YOLOv8/install/soccer_vision_3d_msgs/lib:/home/ivan/Webots_YOLOv8/install/soccer_vision_2d_msgs/lib:/home/ivan/Webots_YOLOv8/install/soccer_vision_attribute_msgs/lib:/home/ivan/Webots_YOLOv8/install/soccer_model_msgs/lib:/home/ivan/Webots_YOLOv8/install/soccer_geometry_msgs/lib:/home/ivan/Webots_YOLOv8/install/ipm_interfaces/lib:/home/ivan/ros2_ws/install/edrom_msgs/lib:/opt/ros/humble/opt/rviz_ogre_vendor/lib:/opt/ros/humble/lib/x86_64-linux-gnu:/opt/ros/humble/lib /usr/bin/cmake --build /home/ivan/Webots_YOLOv8/build/soccer_interfaces -- -j12 -l12[0m
[3.396s] [34mcolcon.colcon_core.event_handler.log_command[0m [1;30mDEBUG[0m [32mInvoked command in '/home/ivan/Webots_YOLOv8/build/soccer_interfaces' returned '0': CMAKE_PREFIX_PATH=/home/ivan/Webots_YOLOv8/install/soccer_vision_3d_msgs:/home/ivan/Webots_YOLOv8/install/soccer_vision_2d_msgs:/home/ivan/Webots_YOLOv8/install/soccer_vision_attribute_msgs:/home/ivan/Webots_YOLOv8/install/soccer_interfaces:/home/ivan/Webots_YOLOv8/install/soccer_model_msgs:/home/ivan/Webots_YOLOv8/install/soccer_geometry_msgs:/home/ivan/Webots_YOLOv8/install/ipm_interfaces:/home/ivan/ros2_ws/install/edrom_msgs:/home/ivan/Webots_YOLOv8/install/soccer_ipm:/home/ivan/Webots_YOLOv8/install/Webots_YOLOv8:/home/ivan/Webots_YOLOv8/install/my_package:/home/ivan/Webots_YOLOv8/install/ipm_service:/home/ivan/Webots_YOLOv8/install/ipm_image_node:/home/ivan/Webots_YOLOv8/install/ipm_library:/home/ivan/ros2_ws/install/object_finder_onnx:/home/ivan/ros2_ws/install/object_finder:/home/ivan/ros2_ws/install/my_package:/home/ivan/ros2_ws/install/Webots_YOLOv8:/opt/ros/humble LD_LIBRARY_PATH=/home/ivan/Webots_YOLOv8/install/soccer_vision_3d_msgs/lib:/home/ivan/Webots_YOLOv8/install/soccer_vision_2d_msgs/lib:/home/ivan/Webots_YOLOv8/install/soccer_vision_attribute_msgs/lib:/home/ivan/Webots_YOLOv8/install/soccer_model_msgs/lib:/home/ivan/Webots_YOLOv8/install/soccer_geometry_msgs/lib:/home/ivan/Webots_YOLOv8/install/ipm_interfaces/lib:/home/ivan/ros2_ws/install/edrom_msgs/lib:/opt/ros/humble/opt/rviz_ogre_vendor/lib:/opt/ros/humble/lib/x86_64-linux-gnu:/opt/ros/humble/lib /usr/bin/cmake --build /home/ivan/Webots_YOLOv8/build/soccer_interfaces -- -j12 -l12[0m
[3.399s] [34mcolcon.colcon_core.event_handler.log_command[0m [1;30mDEBUG[0m [32mInvoking command in '/home/ivan/Webots_YOLOv8/build/soccer_interfaces': CMAKE_PREFIX_PATH=/home/ivan/Webots_YOLOv8/install/soccer_vision_3d_msgs:/home/ivan/Webots_YOLOv8/install/soccer_vision_2d_msgs:/home/ivan/Webots_YOLOv8/install/soccer_vision_attribute_msgs:/home/ivan/Webots_YOLOv8/install/soccer_interfaces:/home/ivan/Webots_YOLOv8/install/soccer_model_msgs:/home/ivan/Webots_YOLOv8/install/soccer_geometry_msgs:/home/ivan/Webots_YOLOv8/install/ipm_interfaces:/home/ivan/ros2_ws/install/edrom_msgs:/home/ivan/Webots_YOLOv8/install/soccer_ipm:/home/ivan/Webots_YOLOv8/install/Webots_YOLOv8:/home/ivan/Webots_YOLOv8/install/my_package:/home/ivan/Webots_YOLOv8/install/ipm_service:/home/ivan/Webots_YOLOv8/install/ipm_image_node:/home/ivan/Webots_YOLOv8/install/ipm_library:/home/ivan/ros2_ws/install/object_finder_onnx:/home/ivan/ros2_ws/install/object_finder:/home/ivan/ros2_ws/install/my_package:/home/ivan/ros2_ws/install/Webots_YOLOv8:/opt/ros/humble LD_LIBRARY_PATH=/home/ivan/Webots_YOLOv8/install/soccer_vision_3d_msgs/lib:/home/ivan/Webots_YOLOv8/install/soccer_vision_2d_msgs/lib:/home/ivan/Webots_YOLOv8/install/soccer_vision_attribute_msgs/lib:/home/ivan/Webots_YOLOv8/install/soccer_model_msgs/lib:/home/ivan/Webots_YOLOv8/install/soccer_geometry_msgs/lib:/home/ivan/Webots_YOLOv8/install/ipm_interfaces/lib:/home/ivan/ros2_ws/install/edrom_msgs/lib:/opt/ros/humble/opt/rviz_ogre_vendor/lib:/opt/ros/humble/lib/x86_64-linux-gnu:/opt/ros/humble/lib /usr/bin/cmake --install /home/ivan/Webots_YOLOv8/build/soccer_interfaces[0m
[3.414s] [34mcolcon.colcon_core.environment[0m [1;30mLevel 1[0m create_environment_scripts_only(soccer_interfaces)
[3.415s] [34mcolcon.colcon_core.environment[0m [1;30mLevel 1[0m checking '/home/ivan/Webots_YOLOv8/install/soccer_interfaces' for CMake module files
[3.416s] [34mcolcon.colcon_core.event_handler.log_command[0m [1;30mDEBUG[0m [32mInvoked command in '/home/ivan/Webots_YOLOv8/build/soccer_interfaces' returned '0': CMAKE_PREFIX_PATH=/home/ivan/Webots_YOLOv8/install/soccer_vision_3d_msgs:/home/ivan/Webots_YOLOv8/install/soccer_vision_2d_msgs:/home/ivan/Webots_YOLOv8/install/soccer_vision_attribute_msgs:/home/ivan/Webots_YOLOv8/install/soccer_interfaces:/home/ivan/Webots_YOLOv8/install/soccer_model_msgs:/home/ivan/Webots_YOLOv8/install/soccer_geometry_msgs:/home/ivan/Webots_YOLOv8/install/ipm_interfaces:/home/ivan/ros2_ws/install/edrom_msgs:/home/ivan/Webots_YOLOv8/install/soccer_ipm:/home/ivan/Webots_YOLOv8/install/Webots_YOLOv8:/home/ivan/Webots_YOLOv8/install/my_package:/home/ivan/Webots_YOLOv8/install/ipm_service:/home/ivan/Webots_YOLOv8/install/ipm_image_node:/home/ivan/Webots_YOLOv8/install/ipm_library:/home/ivan/ros2_ws/install/object_finder_onnx:/home/ivan/ros2_ws/install/object_finder:/home/ivan/ros2_ws/install/my_package:/home/ivan/ros2_ws/install/Webots_YOLOv8:/opt/ros/humble LD_LIBRARY_PATH=/home/ivan/Webots_YOLOv8/install/soccer_vision_3d_msgs/lib:/home/ivan/Webots_YOLOv8/install/soccer_vision_2d_msgs/lib:/home/ivan/Webots_YOLOv8/install/soccer_vision_attribute_msgs/lib:/home/ivan/Webots_YOLOv8/install/soccer_model_msgs/lib:/home/ivan/Webots_YOLOv8/install/soccer_geometry_msgs/lib:/home/ivan/Webots_YOLOv8/install/ipm_interfaces/lib:/home/ivan/ros2_ws/install/edrom_msgs/lib:/opt/ros/humble/opt/rviz_ogre_vendor/lib:/opt/ros/humble/lib/x86_64-linux-gnu:/opt/ros/humble/lib /usr/bin/cmake --install /home/ivan/Webots_YOLOv8/build/soccer_interfaces[0m
[3.416s] [34mcolcon.colcon_core.environment[0m [1;30mLevel 1[0m checking '/home/ivan/Webots_YOLOv8/install/soccer_interfaces' for CMake config files
[3.417s] [34mcolcon.colcon_core.shell[0m [1;30mLevel 1[0m create_environment_hook('soccer_interfaces', 'cmake_prefix_path')
[3.417s] [34mcolcon.colcon_core.shell[0m [1;30mINFO[0m Creating environment hook '/home/ivan/Webots_YOLOv8/install/soccer_interfaces/share/soccer_interfaces/hook/cmake_prefix_path.ps1'
[3.418s] [34mcolcon.colcon_core.shell[0m [1;30mINFO[0m Creating environment descriptor '/home/ivan/Webots_YOLOv8/install/soccer_interfaces/share/soccer_interfaces/hook/cmake_prefix_path.dsv'
[3.418s] [34mcolcon.colcon_core.shell[0m [1;30mINFO[0m Creating environment hook '/home/ivan/Webots_YOLOv8/install/soccer_interfaces/share/soccer_interfaces/hook/cmake_prefix_path.sh'
[3.419s] [34mcolcon.colcon_core.environment[0m [1;30mLevel 1[0m checking '/home/ivan/Webots_YOLOv8/install/soccer_interfaces/bin'
[3.419s] [34mcolcon.colcon_core.environment[0m [1;30mLevel 1[0m checking '/home/ivan/Webots_YOLOv8/install/soccer_interfaces/lib/pkgconfig/soccer_interfaces.pc'
[3.419s] [34mcolcon.colcon_core.environment[0m [1;30mLevel 1[0m checking '/home/ivan/Webots_YOLOv8/install/soccer_interfaces/lib/python3.10/site-packages'
[3.419s] [34mcolcon.colcon_core.environment[0m [1;30mLevel 1[0m checking '/home/ivan/Webots_YOLOv8/install/soccer_interfaces/bin'
[3.419s] [34mcolcon.colcon_core.shell[0m [1;30mINFO[0m Creating package script '/home/ivan/Webots_YOLOv8/install/soccer_interfaces/share/soccer_interfaces/package.ps1'
[3.420s] [34mcolcon.colcon_core.shell[0m [1;30mINFO[0m Creating package descriptor '/home/ivan/Webots_YOLOv8/install/soccer_interfaces/share/soccer_interfaces/package.dsv'
[3.420s] [34mcolcon.colcon_core.shell[0m [1;30mINFO[0m Creating package script '/home/ivan/Webots_YOLOv8/install/soccer_interfaces/share/soccer_interfaces/package.sh'
[3.421s] [34mcolcon.colcon_core.shell[0m [1;30mINFO[0m Creating package script '/home/ivan/Webots_YOLOv8/install/soccer_interfaces/share/soccer_interfaces/package.bash'
[3.421s] [34mcolcon.colcon_core.shell[0m [1;30mINFO[0m Creating package script '/home/ivan/Webots_YOLOv8/install/soccer_interfaces/share/soccer_interfaces/package.zsh'
[3.422s] [34mcolcon.colcon_core.environment[0m [1;30mLevel 1[0m create_file_with_runtime_dependencies(/home/ivan/Webots_YOLOv8/install/soccer_interfaces/share/colcon-core/packages/soccer_interfaces)
[3.422s] [34mcolcon.colcon_core.environment[0m [1;30mLevel 1[0m create_environment_scripts_only(soccer_interfaces)
[3.423s] [34mcolcon.colcon_core.environment[0m [1;30mLevel 1[0m checking '/home/ivan/Webots_YOLOv8/install/soccer_interfaces' for CMake module files
[3.423s] [34mcolcon.colcon_core.environment[0m [1;30mLevel 1[0m checking '/home/ivan/Webots_YOLOv8/install/soccer_interfaces' for CMake config files
[3.423s] [34mcolcon.colcon_core.shell[0m [1;30mLevel 1[0m create_environment_hook('soccer_interfaces', 'cmake_prefix_path')
[3.424s] [34mcolcon.colcon_core.shell[0m [1;30mINFO[0m Creating environment hook '/home/ivan/Webots_YOLOv8/install/soccer_interfaces/share/soccer_interfaces/hook/cmake_prefix_path.ps1'
[3.424s] [34mcolcon.colcon_core.shell[0m [1;30mINFO[0m Creating environment descriptor '/home/ivan/Webots_YOLOv8/install/soccer_interfaces/share/soccer_interfaces/hook/cmake_prefix_path.dsv'
[3.424s] [34mcolcon.colcon_core.shell[0m [1;30mINFO[0m Creating environment hook '/home/ivan/Webots_YOLOv8/install/soccer_interfaces/share/soccer_interfaces/hook/cmake_prefix_path.sh'
[3.425s] [34mcolcon.colcon_core.environment[0m [1;30mLevel 1[0m checking '/home/ivan/Webots_YOLOv8/install/soccer_interfaces/bin'
[3.425s] [34mcolcon.colcon_core.environment[0m [1;30mLevel 1[0m checking '/home/ivan/Webots_YOLOv8/install/soccer_interfaces/lib/pkgconfig/soccer_interfaces.pc'
[3.425s] [34mcolcon.colcon_core.environment[0m [1;30mLevel 1[0m checking '/home/ivan/Webots_YOLOv8/install/soccer_interfaces/lib/python3.10/site-packages'
[3.426s] [34mcolcon.colcon_core.environment[0m [1;30mLevel 1[0m checking '/home/ivan/Webots_YOLOv8/install/soccer_interfaces/bin'
[3.426s] [34mcolcon.colcon_core.shell[0m [1;30mINFO[0m Creating package script '/home/ivan/Webots_YOLOv8/install/soccer_interfaces/share/soccer_interfaces/package.ps1'
[3.427s] [34mcolcon.colcon_core.shell[0m [1;30mINFO[0m Creating package descriptor '/home/ivan/Webots_YOLOv8/install/soccer_interfaces/share/soccer_interfaces/package.dsv'
[3.427s] [34mcolcon.colcon_core.shell[0m [1;30mINFO[0m Creating package script '/home/ivan/Webots_YOLOv8/install/soccer_interfaces/share/soccer_interfaces/package.sh'
[3.428s] [34mcolcon.colcon_core.shell[0m [1;30mINFO[0m Creating package script '/home/ivan/Webots_YOLOv8/install/soccer_interfaces/share/soccer_interfaces/package.bash'
[3.428s] [34mcolcon.colcon_core.shell[0m [1;30mINFO[0m Creating package script '/home/ivan/Webots_YOLOv8/install/soccer_interfaces/share/soccer_interfaces/package.zsh'
[3.428s] [34mcolcon.colcon_core.environment[0m [1;30mLevel 1[0m create_file_with_runtime_dependencies(/home/ivan/Webots_YOLOv8/install/soccer_interfaces/share/colcon-core/packages/soccer_interfaces)
[3.510s] [34mcolcon.colcon_core.environment[0m [1;30mLevel 1[0m checking '/home/ivan/Webots_YOLOv8/install/ipm_library' for CMake module files
[3.511s] [34mcolcon.colcon_core.event_handler.log_command[0m [1;30mDEBUG[0m [32mInvoked command in '/home/ivan/Webots_YOLOv8/src/ipm/ipm_library' returned '0': CMAKE_PREFIX_PATH=/home/ivan/Webots_YOLOv8/install/ipm_interfaces:/home/ivan/Webots_YOLOv8/install/soccer_interfaces:/home/ivan/Webots_YOLOv8/install/soccer_vision_3d_msgs:/home/ivan/Webots_YOLOv8/install/soccer_vision_2d_msgs:/home/ivan/Webots_YOLOv8/install/soccer_model_msgs:/home/ivan/Webots_YOLOv8/install/soccer_vision_attribute_msgs:/home/ivan/Webots_YOLOv8/install/soccer_geometry_msgs:/home/ivan/ros2_ws/install/edrom_msgs LD_LIBRARY_PATH=/home/ivan/Webots_YOLOv8/install/ipm_interfaces/lib:/home/ivan/Webots_YOLOv8/install/soccer_vision_3d_msgs/lib:/home/ivan/Webots_YOLOv8/install/soccer_vision_2d_msgs/lib:/home/ivan/Webots_YOLOv8/install/soccer_model_msgs/lib:/home/ivan/Webots_YOLOv8/install/soccer_vision_attribute_msgs/lib:/home/ivan/Webots_YOLOv8/install/soccer_geometry_msgs/lib:/home/ivan/ros2_ws/install/edrom_msgs/lib:/opt/ros/humble/opt/rviz_ogre_vendor/lib:/opt/ros/humble/lib/x86_64-linux-gnu:/opt/ros/humble/lib PYTHONPATH=/home/ivan/Webots_YOLOv8/build/ipm_library/prefix_override:/usr/lib/python3/dist-packages/colcon_core/task/python/colcon_distutils_commands:/home/ivan/Webots_YOLOv8/install/ipm_library/lib/python3.10/site-packages:${PYTHONPATH} /usr/bin/python3 -W ignore:setup.py install is deprecated -W ignore:easy_install command is deprecated setup.py egg_info --egg-base ../../../build/ipm_library build --build-base /home/ivan/Webots_YOLOv8/build/ipm_library/build install --record /home/ivan/Webots_YOLOv8/build/ipm_library/install.log --single-version-externally-managed install_data[0m
[3.512s] [34mcolcon.colcon_core.environment[0m [1;30mLevel 1[0m checking '/home/ivan/Webots_YOLOv8/install/ipm_library' for CMake config files
[3.512s] [34mcolcon.colcon_core.environment[0m [1;30mLevel 1[0m checking '/home/ivan/Webots_YOLOv8/install/ipm_library/lib'
[3.512s] [34mcolcon.colcon_core.environment[0m [1;30mLevel 1[0m checking '/home/ivan/Webots_YOLOv8/install/ipm_library/bin'
[3.512s] [34mcolcon.colcon_core.environment[0m [1;30mLevel 1[0m checking '/home/ivan/Webots_YOLOv8/install/ipm_library/lib/pkgconfig/ipm_library.pc'
[3.513s] [34mcolcon.colcon_core.environment[0m [1;30mLevel 1[0m checking '/home/ivan/Webots_YOLOv8/install/ipm_library/lib/python3.10/site-packages'
[3.513s] [34mcolcon.colcon_core.shell[0m [1;30mLevel 1[0m create_environment_hook('ipm_library', 'pythonpath')
[3.513s] [34mcolcon.colcon_core.shell[0m [1;30mINFO[0m Creating environment hook '/home/ivan/Webots_YOLOv8/install/ipm_library/share/ipm_library/hook/pythonpath.ps1'
[3.513s] [34mcolcon.colcon_core.shell[0m [1;30mINFO[0m Creating environment descriptor '/home/ivan/Webots_YOLOv8/install/ipm_library/share/ipm_library/hook/pythonpath.dsv'
[3.514s] [34mcolcon.colcon_core.shell[0m [1;30mINFO[0m Creating environment hook '/home/ivan/Webots_YOLOv8/install/ipm_library/share/ipm_library/hook/pythonpath.sh'
[3.514s] [34mcolcon.colcon_core.environment[0m [1;30mLevel 1[0m checking '/home/ivan/Webots_YOLOv8/install/ipm_library/bin'
[3.515s] [34mcolcon.colcon_core.environment[0m [1;30mLevel 1[0m create_environment_scripts_only(ipm_library)
[3.515s] [34mcolcon.colcon_core.shell[0m [1;30mINFO[0m Creating package script '/home/ivan/Webots_YOLOv8/install/ipm_library/share/ipm_library/package.ps1'
[3.516s] [34mcolcon.colcon_core.shell[0m [1;30mINFO[0m Creating package descriptor '/home/ivan/Webots_YOLOv8/install/ipm_library/share/ipm_library/package.dsv'
[3.516s] [34mcolcon.colcon_core.shell[0m [1;30mINFO[0m Creating package script '/home/ivan/Webots_YOLOv8/install/ipm_library/share/ipm_library/package.sh'
[3.517s] [34mcolcon.colcon_core.shell[0m [1;30mINFO[0m Creating package script '/home/ivan/Webots_YOLOv8/install/ipm_library/share/ipm_library/package.bash'
[3.517s] [34mcolcon.colcon_core.shell[0m [1;30mINFO[0m Creating package script '/home/ivan/Webots_YOLOv8/install/ipm_library/share/ipm_library/package.zsh'
[3.518s] [34mcolcon.colcon_core.environment[0m [1;30mLevel 1[0m create_file_with_runtime_dependencies(/home/ivan/Webots_YOLOv8/install/ipm_library/share/colcon-core/packages/ipm_library)
[3.518s] [34mcolcon.colcon_ros.task.ament_python.build[0m [1;30mINFO[0m Building ROS package in '/home/ivan/Webots_YOLOv8/src/soccer_ipm/soccer_ipm' with build type 'ament_python'
[3.518s] [34mcolcon.colcon_core.shell[0m [1;30mLevel 1[0m create_environment_hook('soccer_ipm', 'ament_prefix_path')
[3.519s] [34mcolcon.colcon_core.shell[0m [1;30mINFO[0m Creating environment hook '/home/ivan/Webots_YOLOv8/install/soccer_ipm/share/soccer_ipm/hook/ament_prefix_path.ps1'
[3.520s] [34mcolcon.colcon_core.shell[0m [1;30mINFO[0m Creating environment descriptor '/home/ivan/Webots_YOLOv8/install/soccer_ipm/share/soccer_ipm/hook/ament_prefix_path.dsv'
[3.520s] [34mcolcon.colcon_core.shell[0m [1;30mINFO[0m Creating environment hook '/home/ivan/Webots_YOLOv8/install/soccer_ipm/share/soccer_ipm/hook/ament_prefix_path.sh'
[3.521s] [34mcolcon.colcon_core.shell[0m [1;30mINFO[0m Skip shell extension 'powershell' for command environment: Not usable outside of PowerShell
[3.521s] [34mcolcon.colcon_core.shell[0m [1;30mDEBUG[0m [32mSkip shell extension 'dsv' for command environment[0m
[3.527s] [34mcolcon.colcon_ros.task.ament_python.build[0m [1;30mINFO[0m Building ROS package in '/home/ivan/Webots_YOLOv8/src/ipm/ipm_image_node' with build type 'ament_python'
[3.527s] [34mcolcon.colcon_core.shell[0m [1;30mLevel 1[0m create_environment_hook('ipm_image_node', 'ament_prefix_path')
[3.528s] [34mcolcon.colcon_core.shell[0m [1;30mINFO[0m Creating environment hook '/home/ivan/Webots_YOLOv8/install/ipm_image_node/share/ipm_image_node/hook/ament_prefix_path.ps1'
[3.529s] [34mcolcon.colcon_core.shell[0m [1;30mINFO[0m Creating environment descriptor '/home/ivan/Webots_YOLOv8/install/ipm_image_node/share/ipm_image_node/hook/ament_prefix_path.dsv'
[3.529s] [34mcolcon.colcon_core.shell[0m [1;30mINFO[0m Creating environment hook '/home/ivan/Webots_YOLOv8/install/ipm_image_node/share/ipm_image_node/hook/ament_prefix_path.sh'
[3.530s] [34mcolcon.colcon_core.shell[0m [1;30mINFO[0m Skip shell extension 'powershell' for command environment: Not usable outside of PowerShell
[3.530s] [34mcolcon.colcon_core.shell[0m [1;30mDEBUG[0m [32mSkip shell extension 'dsv' for command environment[0m
[3.536s] [34mcolcon.colcon_ros.task.ament_python.build[0m [1;30mINFO[0m Building ROS package in '/home/ivan/Webots_YOLOv8/src/ipm/ipm_service' with build type 'ament_python'
[3.536s] [34mcolcon.colcon_core.shell[0m [1;30mLevel 1[0m create_environment_hook('ipm_service', 'ament_prefix_path')
[3.537s] [34mcolcon.colcon_core.shell[0m [1;30mINFO[0m Creating environment hook '/home/ivan/Webots_YOLOv8/install/ipm_service/share/ipm_service/hook/ament_prefix_path.ps1'
[3.538s] [34mcolcon.colcon_core.shell[0m [1;30mINFO[0m Creating environment descriptor '/home/ivan/Webots_YOLOv8/install/ipm_service/share/ipm_service/hook/ament_prefix_path.dsv'
[3.539s] [34mcolcon.colcon_core.shell[0m [1;30mINFO[0m Creating environment hook '/home/ivan/Webots_YOLOv8/install/ipm_service/share/ipm_service/hook/ament_prefix_path.sh'
[3.540s] [34mcolcon.colcon_core.shell[0m [1;30mINFO[0m Skip shell extension 'powershell' for command environment: Not usable outside of PowerShell
[3.540s] [34mcolcon.colcon_core.shell[0m [1;30mDEBUG[0m [32mSkip shell extension 'dsv' for command environment[0m
[3.924s] [34mcolcon.colcon_core.task.python.build[0m [1;30mINFO[0m Building Python package in '/home/ivan/Webots_YOLOv8/src/ipm/ipm_image_node'
[3.925s] [34mcolcon.colcon_core.shell[0m [1;30mINFO[0m Skip shell extension 'powershell' for command environment: Not usable outside of PowerShell
[3.925s] [34mcolcon.colcon_core.shell[0m [1;30mDEBUG[0m [32mSkip shell extension 'dsv' for command environment[0m
[4.304s] [34mcolcon.colcon_core.task.python.build[0m [1;30mINFO[0m Building Python package in '/home/ivan/Webots_YOLOv8/src/soccer_ipm/soccer_ipm'
[4.304s] [34mcolcon.colcon_core.shell[0m [1;30mINFO[0m Skip shell extension 'powershell' for command environment: Not usable outside of PowerShell
[4.304s] [34mcolcon.colcon_core.shell[0m [1;30mDEBUG[0m [32mSkip shell extension 'dsv' for command environment[0m
[4.688s] [34mcolcon.colcon_core.task.python.build[0m [1;30mINFO[0m Building Python package in '/home/ivan/Webots_YOLOv8/src/ipm/ipm_service'
[4.689s] [34mcolcon.colcon_core.shell[0m [1;30mINFO[0m Skip shell extension 'powershell' for command environment: Not usable outside of PowerShell
[4.689s] [34mcolcon.colcon_core.shell[0m [1;30mDEBUG[0m [32mSkip shell extension 'dsv' for command environment[0m
[5.221s] [34mcolcon.colcon_core.event_handler.log_command[0m [1;30mDEBUG[0m [32mInvoking command in '/home/ivan/Webots_YOLOv8/src/ipm/ipm_service': AMENT_PREFIX_PATH=/home/ivan/Webots_YOLOv8/install/ipm_library:/home/ivan/Webots_YOLOv8/install/soccer_ipm:/home/ivan/Webots_YOLOv8/install/soccer_interfaces:/home/ivan/Webots_YOLOv8/install/soccer_vision_3d_msgs:/home/ivan/Webots_YOLOv8/install/Webots_YOLOv8:/home/ivan/Webots_YOLOv8/install/soccer_vision_2d_msgs:/home/ivan/Webots_YOLOv8/install/soccer_model_msgs:/home/ivan/Webots_YOLOv8/install/soccer_vision_attribute_msgs:/home/ivan/Webots_YOLOv8/install/soccer_geometry_msgs:/home/ivan/Webots_YOLOv8/install/my_package:/home/ivan/Webots_YOLOv8/install/ipm_service:/home/ivan/Webots_YOLOv8/install/ipm_image_node:/home/ivan/Webots_YOLOv8/install/ipm_interfaces:/home/ivan/ros2_ws/install/object_finder_onnx:/home/ivan/ros2_ws/install/object_finder:/home/ivan/ros2_ws/install/my_package:/home/ivan/ros2_ws/install/Webots_YOLOv8:/home/ivan/ros2_ws/install/edrom_msgs:/opt/ros/humble CMAKE_PREFIX_PATH=/home/ivan/Webots_YOLOv8/install/ipm_interfaces:/home/ivan/Webots_YOLOv8/install/soccer_interfaces:/home/ivan/Webots_YOLOv8/install/soccer_vision_3d_msgs:/home/ivan/Webots_YOLOv8/install/soccer_vision_2d_msgs:/home/ivan/Webots_YOLOv8/install/soccer_model_msgs:/home/ivan/Webots_YOLOv8/install/soccer_vision_attribute_msgs:/home/ivan/Webots_YOLOv8/install/soccer_geometry_msgs:/home/ivan/ros2_ws/install/edrom_msgs LD_LIBRARY_PATH=/home/ivan/Webots_YOLOv8/install/ipm_interfaces/lib:/home/ivan/Webots_YOLOv8/install/soccer_vision_3d_msgs/lib:/home/ivan/Webots_YOLOv8/install/soccer_vision_2d_msgs/lib:/home/ivan/Webots_YOLOv8/install/soccer_model_msgs/lib:/home/ivan/Webots_YOLOv8/install/soccer_vision_attribute_msgs/lib:/home/ivan/Webots_YOLOv8/install/soccer_geometry_msgs/lib:/home/ivan/ros2_ws/install/edrom_msgs/lib:/opt/ros/humble/opt/rviz_ogre_vendor/lib:/opt/ros/humble/lib/x86_64-linux-gnu:/opt/ros/humble/lib PYTHONPATH=/home/ivan/Webots_YOLOv8/build/ipm_service/prefix_override:/usr/lib/python3/dist-packages/colcon_core/task/python/colcon_distutils_commands:/home/ivan/Webots_YOLOv8/install/ipm_service/lib/python3.10/site-packages:/home/ivan/Webots_YOLOv8/install/ipm_library/lib/python3.10/site-packages:/home/ivan/Webots_YOLOv8/install/soccer_ipm/lib/python3.10/site-packages:/home/ivan/Webots_YOLOv8/install/soccer_vision_3d_msgs/local/lib/python3.10/dist-packages:/home/ivan/Webots_YOLOv8/install/Webots_YOLOv8/lib/python3.10/site-packages:/home/ivan/Webots_YOLOv8/install/soccer_vision_2d_msgs/local/lib/python3.10/dist-packages:/home/ivan/Webots_YOLOv8/install/soccer_model_msgs/local/lib/python3.10/dist-packages:/home/ivan/Webots_YOLOv8/install/soccer_vision_attribute_msgs/local/lib/python3.10/dist-packages:/home/ivan/Webots_YOLOv8/install/soccer_geometry_msgs/local/lib/python3.10/dist-packages:/home/ivan/Webots_YOLOv8/install/my_package/lib/python3.10/site-packages:/home/ivan/Webots_YOLOv8/install/ipm_service/lib/python3.10/site-packages:/home/ivan/Webots_YOLOv8/install/ipm_image_node/lib/python3.10/site-packages:/home/ivan/Webots_YOLOv8/install/ipm_interfaces/local/lib/python3.10/dist-packages:/home/ivan/ros2_ws/install/object_finder_onnx/lib/python3.10/site-packages:/home/ivan/ros2_ws/install/object_finder/lib/python3.10/site-packages:/home/ivan/ros2_ws/install/my_package/lib/python3.10/site-packages:/home/ivan/ros2_ws/install/Webots_YOLOv8/lib/python3.10/site-packages:/home/ivan/ros2_ws/install/edrom_msgs/local/lib/python3.10/dist-packages:/opt/ros/humble/lib/python3.10/site-packages:/opt/ros/humble/local/lib/python3.10/dist-packages /usr/bin/python3 -W ignore:setup.py install is deprecated -W ignore:easy_install command is deprecated setup.py egg_info --egg-base ../../../build/ipm_service build --build-base /home/ivan/Webots_YOLOv8/build/ipm_service/build install --record /home/ivan/Webots_YOLOv8/build/ipm_service/install.log --single-version-externally-managed install_data[0m
[5.226s] [34mcolcon.colcon_core.event_handler.log_command[0m [1;30mDEBUG[0m [32mInvoking command in '/home/ivan/Webots_YOLOv8/src/ipm/ipm_image_node': AMENT_PREFIX_PATH=/home/ivan/Webots_YOLOv8/install/ipm_library:/home/ivan/Webots_YOLOv8/install/soccer_ipm:/home/ivan/Webots_YOLOv8/install/soccer_interfaces:/home/ivan/Webots_YOLOv8/install/soccer_vision_3d_msgs:/home/ivan/Webots_YOLOv8/install/Webots_YOLOv8:/home/ivan/Webots_YOLOv8/install/soccer_vision_2d_msgs:/home/ivan/Webots_YOLOv8/install/soccer_model_msgs:/home/ivan/Webots_YOLOv8/install/soccer_vision_attribute_msgs:/home/ivan/Webots_YOLOv8/install/soccer_geometry_msgs:/home/ivan/Webots_YOLOv8/install/my_package:/home/ivan/Webots_YOLOv8/install/ipm_service:/home/ivan/Webots_YOLOv8/install/ipm_image_node:/home/ivan/Webots_YOLOv8/install/ipm_interfaces:/home/ivan/ros2_ws/install/object_finder_onnx:/home/ivan/ros2_ws/install/object_finder:/home/ivan/ros2_ws/install/my_package:/home/ivan/ros2_ws/install/Webots_YOLOv8:/home/ivan/ros2_ws/install/edrom_msgs:/opt/ros/humble CMAKE_PREFIX_PATH=/home/ivan/Webots_YOLOv8/install/ipm_interfaces:/home/ivan/Webots_YOLOv8/install/soccer_interfaces:/home/ivan/Webots_YOLOv8/install/soccer_vision_3d_msgs:/home/ivan/Webots_YOLOv8/install/soccer_vision_2d_msgs:/home/ivan/Webots_YOLOv8/install/soccer_model_msgs:/home/ivan/Webots_YOLOv8/install/soccer_vision_attribute_msgs:/home/ivan/Webots_YOLOv8/install/soccer_geometry_msgs:/home/ivan/ros2_ws/install/edrom_msgs LD_LIBRARY_PATH=/home/ivan/Webots_YOLOv8/install/ipm_interfaces/lib:/home/ivan/Webots_YOLOv8/install/soccer_vision_3d_msgs/lib:/home/ivan/Webots_YOLOv8/install/soccer_vision_2d_msgs/lib:/home/ivan/Webots_YOLOv8/install/soccer_model_msgs/lib:/home/ivan/Webots_YOLOv8/install/soccer_vision_attribute_msgs/lib:/home/ivan/Webots_YOLOv8/install/soccer_geometry_msgs/lib:/home/ivan/ros2_ws/install/edrom_msgs/lib:/opt/ros/humble/opt/rviz_ogre_vendor/lib:/opt/ros/humble/lib/x86_64-linux-gnu:/opt/ros/humble/lib PYTHONPATH=/home/ivan/Webots_YOLOv8/build/ipm_image_node/prefix_override:/usr/lib/python3/dist-packages/colcon_core/task/python/colcon_distutils_commands:/home/ivan/Webots_YOLOv8/install/ipm_image_node/lib/python3.10/site-packages:/home/ivan/Webots_YOLOv8/install/ipm_library/lib/python3.10/site-packages:/home/ivan/Webots_YOLOv8/install/soccer_ipm/lib/python3.10/site-packages:/home/ivan/Webots_YOLOv8/install/soccer_vision_3d_msgs/local/lib/python3.10/dist-packages:/home/ivan/Webots_YOLOv8/install/Webots_YOLOv8/lib/python3.10/site-packages:/home/ivan/Webots_YOLOv8/install/soccer_vision_2d_msgs/local/lib/python3.10/dist-packages:/home/ivan/Webots_YOLOv8/install/soccer_model_msgs/local/lib/python3.10/dist-packages:/home/ivan/Webots_YOLOv8/install/soccer_vision_attribute_msgs/local/lib/python3.10/dist-packages:/home/ivan/Webots_YOLOv8/install/soccer_geometry_msgs/local/lib/python3.10/dist-packages:/home/ivan/Webots_YOLOv8/install/my_package/lib/python3.10/site-packages:/home/ivan/Webots_YOLOv8/install/ipm_service/lib/python3.10/site-packages:/home/ivan/Webots_YOLOv8/install/ipm_image_node/lib/python3.10/site-packages:/home/ivan/Webots_YOLOv8/install/ipm_interfaces/local/lib/python3.10/dist-packages:/home/ivan/ros2_ws/install/object_finder_onnx/lib/python3.10/site-packages:/home/ivan/ros2_ws/install/object_finder/lib/python3.10/site-packages:/home/ivan/ros2_ws/install/my_package/lib/python3.10/site-packages:/home/ivan/ros2_ws/install/Webots_YOLOv8/lib/python3.10/site-packages:/home/ivan/ros2_ws/install/edrom_msgs/local/lib/python3.10/dist-packages:/opt/ros/humble/lib/python3.10/site-packages:/opt/ros/humble/local/lib/python3.10/dist-packages /usr/bin/python3 -W ignore:setup.py install is deprecated -W ignore:easy_install command is deprecated setup.py egg_info --egg-base ../../../build/ipm_image_node build --build-base /home/ivan/Webots_YOLOv8/build/ipm_image_node/build install --record /home/ivan/Webots_YOLOv8/build/ipm_image_node/install.log --single-version-externally-managed install_data[0m
[5.227s] [34mcolcon.colcon_core.event_handler.log_command[0m [1;30mDEBUG[0m [32mInvoking command in '/home/ivan/Webots_YOLOv8/src/soccer_ipm/soccer_ipm': AMENT_PREFIX_PATH=/home/ivan/Webots_YOLOv8/install/ipm_library:/home/ivan/Webots_YOLOv8/install/soccer_ipm:/home/ivan/Webots_YOLOv8/install/soccer_interfaces:/home/ivan/Webots_YOLOv8/install/soccer_vision_3d_msgs:/home/ivan/Webots_YOLOv8/install/Webots_YOLOv8:/home/ivan/Webots_YOLOv8/install/soccer_vision_2d_msgs:/home/ivan/Webots_YOLOv8/install/soccer_model_msgs:/home/ivan/Webots_YOLOv8/install/soccer_vision_attribute_msgs:/home/ivan/Webots_YOLOv8/install/soccer_geometry_msgs:/home/ivan/Webots_YOLOv8/install/my_package:/home/ivan/Webots_YOLOv8/install/ipm_service:/home/ivan/Webots_YOLOv8/install/ipm_image_node:/home/ivan/Webots_YOLOv8/install/ipm_interfaces:/home/ivan/ros2_ws/install/object_finder_onnx:/home/ivan/ros2_ws/install/object_finder:/home/ivan/ros2_ws/install/my_package:/home/ivan/ros2_ws/install/Webots_YOLOv8:/home/ivan/ros2_ws/install/edrom_msgs:/opt/ros/humble CMAKE_PREFIX_PATH=/home/ivan/Webots_YOLOv8/install/soccer_vision_3d_msgs:/home/ivan/Webots_YOLOv8/install/soccer_vision_2d_msgs:/home/ivan/Webots_YOLOv8/install/soccer_vision_attribute_msgs:/home/ivan/Webots_YOLOv8/install/ipm_interfaces:/home/ivan/Webots_YOLOv8/install/soccer_interfaces:/home/ivan/Webots_YOLOv8/install/soccer_model_msgs:/home/ivan/Webots_YOLOv8/install/soccer_geometry_msgs:/home/ivan/ros2_ws/install/edrom_msgs LD_LIBRARY_PATH=/home/ivan/Webots_YOLOv8/install/soccer_vision_3d_msgs/lib:/home/ivan/Webots_YOLOv8/install/soccer_vision_2d_msgs/lib:/home/ivan/Webots_YOLOv8/install/soccer_vision_attribute_msgs/lib:/home/ivan/Webots_YOLOv8/install/ipm_interfaces/lib:/home/ivan/Webots_YOLOv8/install/soccer_model_msgs/lib:/home/ivan/Webots_YOLOv8/install/soccer_geometry_msgs/lib:/home/ivan/ros2_ws/install/edrom_msgs/lib:/opt/ros/humble/opt/rviz_ogre_vendor/lib:/opt/ros/humble/lib/x86_64-linux-gnu:/opt/ros/humble/lib PYTHONPATH=/home/ivan/Webots_YOLOv8/build/soccer_ipm/prefix_override:/usr/lib/python3/dist-packages/colcon_core/task/python/colcon_distutils_commands:/home/ivan/Webots_YOLOv8/install/soccer_ipm/lib/python3.10/site-packages:/home/ivan/Webots_YOLOv8/install/ipm_library/lib/python3.10/site-packages:/home/ivan/Webots_YOLOv8/install/soccer_ipm/lib/python3.10/site-packages:/home/ivan/Webots_YOLOv8/install/soccer_vision_3d_msgs/local/lib/python3.10/dist-packages:/home/ivan/Webots_YOLOv8/install/Webots_YOLOv8/lib/python3.10/site-packages:/home/ivan/Webots_YOLOv8/install/soccer_vision_2d_msgs/local/lib/python3.10/dist-packages:/home/ivan/Webots_YOLOv8/install/soccer_model_msgs/local/lib/python3.10/dist-packages:/home/ivan/Webots_YOLOv8/install/soccer_vision_attribute_msgs/local/lib/python3.10/dist-packages:/home/ivan/Webots_YOLOv8/install/soccer_geometry_msgs/local/lib/python3.10/dist-packages:/home/ivan/Webots_YOLOv8/install/my_package/lib/python3.10/site-packages:/home/ivan/Webots_YOLOv8/install/ipm_service/lib/python3.10/site-packages:/home/ivan/Webots_YOLOv8/install/ipm_image_node/lib/python3.10/site-packages:/home/ivan/Webots_YOLOv8/install/ipm_interfaces/local/lib/python3.10/dist-packages:/home/ivan/ros2_ws/install/object_finder_onnx/lib/python3.10/site-packages:/home/ivan/ros2_ws/install/object_finder/lib/python3.10/site-packages:/home/ivan/ros2_ws/install/my_package/lib/python3.10/site-packages:/home/ivan/ros2_ws/install/Webots_YOLOv8/lib/python3.10/site-packages:/home/ivan/ros2_ws/install/edrom_msgs/local/lib/python3.10/dist-packages:/opt/ros/humble/lib/python3.10/site-packages:/opt/ros/humble/local/lib/python3.10/dist-packages /usr/bin/python3 -W ignore:setup.py install is deprecated -W ignore:easy_install command is deprecated setup.py egg_info --egg-base ../../../build/soccer_ipm build --build-base /home/ivan/Webots_YOLOv8/build/soccer_ipm/build install --record /home/ivan/Webots_YOLOv8/build/soccer_ipm/install.log --single-version-externally-managed install_data[0m
[5.654s] [34mcolcon.colcon_core.environment[0m [1;30mLevel 1[0m checking '/home/ivan/Webots_YOLOv8/install/ipm_image_node' for CMake module files
[5.655s] [34mcolcon.colcon_core.event_handler.log_command[0m [1;30mDEBUG[0m [32mInvoked command in '/home/ivan/Webots_YOLOv8/src/ipm/ipm_image_node' returned '0': AMENT_PREFIX_PATH=/home/ivan/Webots_YOLOv8/install/ipm_library:/home/ivan/Webots_YOLOv8/install/soccer_ipm:/home/ivan/Webots_YOLOv8/install/soccer_interfaces:/home/ivan/Webots_YOLOv8/install/soccer_vision_3d_msgs:/home/ivan/Webots_YOLOv8/install/Webots_YOLOv8:/home/ivan/Webots_YOLOv8/install/soccer_vision_2d_msgs:/home/ivan/Webots_YOLOv8/install/soccer_model_msgs:/home/ivan/Webots_YOLOv8/install/soccer_vision_attribute_msgs:/home/ivan/Webots_YOLOv8/install/soccer_geometry_msgs:/home/ivan/Webots_YOLOv8/install/my_package:/home/ivan/Webots_YOLOv8/install/ipm_service:/home/ivan/Webots_YOLOv8/install/ipm_image_node:/home/ivan/Webots_YOLOv8/install/ipm_interfaces:/home/ivan/ros2_ws/install/object_finder_onnx:/home/ivan/ros2_ws/install/object_finder:/home/ivan/ros2_ws/install/my_package:/home/ivan/ros2_ws/install/Webots_YOLOv8:/home/ivan/ros2_ws/install/edrom_msgs:/opt/ros/humble CMAKE_PREFIX_PATH=/home/ivan/Webots_YOLOv8/install/ipm_interfaces:/home/ivan/Webots_YOLOv8/install/soccer_interfaces:/home/ivan/Webots_YOLOv8/install/soccer_vision_3d_msgs:/home/ivan/Webots_YOLOv8/install/soccer_vision_2d_msgs:/home/ivan/Webots_YOLOv8/install/soccer_model_msgs:/home/ivan/Webots_YOLOv8/install/soccer_vision_attribute_msgs:/home/ivan/Webots_YOLOv8/install/soccer_geometry_msgs:/home/ivan/ros2_ws/install/edrom_msgs LD_LIBRARY_PATH=/home/ivan/Webots_YOLOv8/install/ipm_interfaces/lib:/home/ivan/Webots_YOLOv8/install/soccer_vision_3d_msgs/lib:/home/ivan/Webots_YOLOv8/install/soccer_vision_2d_msgs/lib:/home/ivan/Webots_YOLOv8/install/soccer_model_msgs/lib:/home/ivan/Webots_YOLOv8/install/soccer_vision_attribute_msgs/lib:/home/ivan/Webots_YOLOv8/install/soccer_geometry_msgs/lib:/home/ivan/ros2_ws/install/edrom_msgs/lib:/opt/ros/humble/opt/rviz_ogre_vendor/lib:/opt/ros/humble/lib/x86_64-linux-gnu:/opt/ros/humble/lib PYTHONPATH=/home/ivan/Webots_YOLOv8/build/ipm_image_node/prefix_override:/usr/lib/python3/dist-packages/colcon_core/task/python/colcon_distutils_commands:/home/ivan/Webots_YOLOv8/install/ipm_image_node/lib/python3.10/site-packages:/home/ivan/Webots_YOLOv8/install/ipm_library/lib/python3.10/site-packages:/home/ivan/Webots_YOLOv8/install/soccer_ipm/lib/python3.10/site-packages:/home/ivan/Webots_YOLOv8/install/soccer_vision_3d_msgs/local/lib/python3.10/dist-packages:/home/ivan/Webots_YOLOv8/install/Webots_YOLOv8/lib/python3.10/site-packages:/home/ivan/Webots_YOLOv8/install/soccer_vision_2d_msgs/local/lib/python3.10/dist-packages:/home/ivan/Webots_YOLOv8/install/soccer_model_msgs/local/lib/python3.10/dist-packages:/home/ivan/Webots_YOLOv8/install/soccer_vision_attribute_msgs/local/lib/python3.10/dist-packages:/home/ivan/Webots_YOLOv8/install/soccer_geometry_msgs/local/lib/python3.10/dist-packages:/home/ivan/Webots_YOLOv8/install/my_package/lib/python3.10/site-packages:/home/ivan/Webots_YOLOv8/install/ipm_service/lib/python3.10/site-packages:/home/ivan/Webots_YOLOv8/install/ipm_image_node/lib/python3.10/site-packages:/home/ivan/Webots_YOLOv8/install/ipm_interfaces/local/lib/python3.10/dist-packages:/home/ivan/ros2_ws/install/object_finder_onnx/lib/python3.10/site-packages:/home/ivan/ros2_ws/install/object_finder/lib/python3.10/site-packages:/home/ivan/ros2_ws/install/my_package/lib/python3.10/site-packages:/home/ivan/ros2_ws/install/Webots_YOLOv8/lib/python3.10/site-packages:/home/ivan/ros2_ws/install/edrom_msgs/local/lib/python3.10/dist-packages:/opt/ros/humble/lib/python3.10/site-packages:/opt/ros/humble/local/lib/python3.10/dist-packages /usr/bin/python3 -W ignore:setup.py install is deprecated -W ignore:easy_install command is deprecated setup.py egg_info --egg-base ../../../build/ipm_image_node build --build-base /home/ivan/Webots_YOLOv8/build/ipm_image_node/build install --record /home/ivan/Webots_YOLOv8/build/ipm_image_node/install.log --single-version-externally-managed install_data[0m
[5.655s] [34mcolcon.colcon_core.environment[0m [1;30mLevel 1[0m checking '/home/ivan/Webots_YOLOv8/install/ipm_image_node' for CMake config files
[5.656s] [34mcolcon.colcon_core.environment[0m [1;30mLevel 1[0m checking '/home/ivan/Webots_YOLOv8/install/ipm_image_node/lib'
[5.656s] [34mcolcon.colcon_core.environment[0m [1;30mLevel 1[0m checking '/home/ivan/Webots_YOLOv8/install/ipm_image_node/bin'
[5.656s] [34mcolcon.colcon_core.environment[0m [1;30mLevel 1[0m checking '/home/ivan/Webots_YOLOv8/install/ipm_image_node/lib/pkgconfig/ipm_image_node.pc'
[5.657s] [34mcolcon.colcon_core.environment[0m [1;30mLevel 1[0m checking '/home/ivan/Webots_YOLOv8/install/ipm_image_node/lib/python3.10/site-packages'
[5.657s] [34mcolcon.colcon_core.shell[0m [1;30mLevel 1[0m create_environment_hook('ipm_image_node', 'pythonpath')
[5.657s] [34mcolcon.colcon_core.shell[0m [1;30mINFO[0m Creating environment hook '/home/ivan/Webots_YOLOv8/install/ipm_image_node/share/ipm_image_node/hook/pythonpath.ps1'
[5.658s] [34mcolcon.colcon_core.shell[0m [1;30mINFO[0m Creating environment descriptor '/home/ivan/Webots_YOLOv8/install/ipm_image_node/share/ipm_image_node/hook/pythonpath.dsv'
[5.659s] [34mcolcon.colcon_core.shell[0m [1;30mINFO[0m Creating environment hook '/home/ivan/Webots_YOLOv8/install/ipm_image_node/share/ipm_image_node/hook/pythonpath.sh'
[5.660s] [34mcolcon.colcon_core.environment[0m [1;30mLevel 1[0m checking '/home/ivan/Webots_YOLOv8/install/ipm_image_node/bin'
[5.660s] [34mcolcon.colcon_core.environment[0m [1;30mLevel 1[0m create_environment_scripts_only(ipm_image_node)
[5.660s] [34mcolcon.colcon_core.shell[0m [1;30mINFO[0m Creating package script '/home/ivan/Webots_YOLOv8/install/ipm_image_node/share/ipm_image_node/package.ps1'
[5.661s] [34mcolcon.colcon_core.shell[0m [1;30mINFO[0m Creating package descriptor '/home/ivan/Webots_YOLOv8/install/ipm_image_node/share/ipm_image_node/package.dsv'
[5.662s] [34mcolcon.colcon_core.shell[0m [1;30mINFO[0m Creating package script '/home/ivan/Webots_YOLOv8/install/ipm_image_node/share/ipm_image_node/package.sh'
[5.663s] [34mcolcon.colcon_core.shell[0m [1;30mINFO[0m Creating package script '/home/ivan/Webots_YOLOv8/install/ipm_image_node/share/ipm_image_node/package.bash'
[5.664s] [34mcolcon.colcon_core.shell[0m [1;30mINFO[0m Creating package script '/home/ivan/Webots_YOLOv8/install/ipm_image_node/share/ipm_image_node/package.zsh'
[5.664s] [34mcolcon.colcon_core.environment[0m [1;30mLevel 1[0m create_file_with_runtime_dependencies(/home/ivan/Webots_YOLOv8/install/ipm_image_node/share/colcon-core/packages/ipm_image_node)
[5.672s] [34mcolcon.colcon_core.environment[0m [1;30mLevel 1[0m checking '/home/ivan/Webots_YOLOv8/install/soccer_ipm' for CMake module files
[5.673s] [34mcolcon.colcon_core.event_handler.log_command[0m [1;30mDEBUG[0m [32mInvoked command in '/home/ivan/Webots_YOLOv8/src/soccer_ipm/soccer_ipm' returned '0': AMENT_PREFIX_PATH=/home/ivan/Webots_YOLOv8/install/ipm_library:/home/ivan/Webots_YOLOv8/install/soccer_ipm:/home/ivan/Webots_YOLOv8/install/soccer_interfaces:/home/ivan/Webots_YOLOv8/install/soccer_vision_3d_msgs:/home/ivan/Webots_YOLOv8/install/Webots_YOLOv8:/home/ivan/Webots_YOLOv8/install/soccer_vision_2d_msgs:/home/ivan/Webots_YOLOv8/install/soccer_model_msgs:/home/ivan/Webots_YOLOv8/install/soccer_vision_attribute_msgs:/home/ivan/Webots_YOLOv8/install/soccer_geometry_msgs:/home/ivan/Webots_YOLOv8/install/my_package:/home/ivan/Webots_YOLOv8/install/ipm_service:/home/ivan/Webots_YOLOv8/install/ipm_image_node:/home/ivan/Webots_YOLOv8/install/ipm_interfaces:/home/ivan/ros2_ws/install/object_finder_onnx:/home/ivan/ros2_ws/install/object_finder:/home/ivan/ros2_ws/install/my_package:/home/ivan/ros2_ws/install/Webots_YOLOv8:/home/ivan/ros2_ws/install/edrom_msgs:/opt/ros/humble CMAKE_PREFIX_PATH=/home/ivan/Webots_YOLOv8/install/soccer_vision_3d_msgs:/home/ivan/Webots_YOLOv8/install/soccer_vision_2d_msgs:/home/ivan/Webots_YOLOv8/install/soccer_vision_attribute_msgs:/home/ivan/Webots_YOLOv8/install/ipm_interfaces:/home/ivan/Webots_YOLOv8/install/soccer_interfaces:/home/ivan/Webots_YOLOv8/install/soccer_model_msgs:/home/ivan/Webots_YOLOv8/install/soccer_geometry_msgs:/home/ivan/ros2_ws/install/edrom_msgs LD_LIBRARY_PATH=/home/ivan/Webots_YOLOv8/install/soccer_vision_3d_msgs/lib:/home/ivan/Webots_YOLOv8/install/soccer_vision_2d_msgs/lib:/home/ivan/Webots_YOLOv8/install/soccer_vision_attribute_msgs/lib:/home/ivan/Webots_YOLOv8/install/ipm_interfaces/lib:/home/ivan/Webots_YOLOv8/install/soccer_model_msgs/lib:/home/ivan/Webots_YOLOv8/install/soccer_geometry_msgs/lib:/home/ivan/ros2_ws/install/edrom_msgs/lib:/opt/ros/humble/opt/rviz_ogre_vendor/lib:/opt/ros/humble/lib/x86_64-linux-gnu:/opt/ros/humble/lib PYTHONPATH=/home/ivan/Webots_YOLOv8/build/soccer_ipm/prefix_override:/usr/lib/python3/dist-packages/colcon_core/task/python/colcon_distutils_commands:/home/ivan/Webots_YOLOv8/install/soccer_ipm/lib/python3.10/site-packages:/home/ivan/Webots_YOLOv8/install/ipm_library/lib/python3.10/site-packages:/home/ivan/Webots_YOLOv8/install/soccer_ipm/lib/python3.10/site-packages:/home/ivan/Webots_YOLOv8/install/soccer_vision_3d_msgs/local/lib/python3.10/dist-packages:/home/ivan/Webots_YOLOv8/install/Webots_YOLOv8/lib/python3.10/site-packages:/home/ivan/Webots_YOLOv8/install/soccer_vision_2d_msgs/local/lib/python3.10/dist-packages:/home/ivan/Webots_YOLOv8/install/soccer_model_msgs/local/lib/python3.10/dist-packages:/home/ivan/Webots_YOLOv8/install/soccer_vision_attribute_msgs/local/lib/python3.10/dist-packages:/home/ivan/Webots_YOLOv8/install/soccer_geometry_msgs/local/lib/python3.10/dist-packages:/home/ivan/Webots_YOLOv8/install/my_package/lib/python3.10/site-packages:/home/ivan/Webots_YOLOv8/install/ipm_service/lib/python3.10/site-packages:/home/ivan/Webots_YOLOv8/install/ipm_image_node/lib/python3.10/site-packages:/home/ivan/Webots_YOLOv8/install/ipm_interfaces/local/lib/python3.10/dist-packages:/home/ivan/ros2_ws/install/object_finder_onnx/lib/python3.10/site-packages:/home/ivan/ros2_ws/install/object_finder/lib/python3.10/site-packages:/home/ivan/ros2_ws/install/my_package/lib/python3.10/site-packages:/home/ivan/ros2_ws/install/Webots_YOLOv8/lib/python3.10/site-packages:/home/ivan/ros2_ws/install/edrom_msgs/local/lib/python3.10/dist-packages:/opt/ros/humble/lib/python3.10/site-packages:/opt/ros/humble/local/lib/python3.10/dist-packages /usr/bin/python3 -W ignore:setup.py install is deprecated -W ignore:easy_install command is deprecated setup.py egg_info --egg-base ../../../build/soccer_ipm build --build-base /home/ivan/Webots_YOLOv8/build/soccer_ipm/build install --record /home/ivan/Webots_YOLOv8/build/soccer_ipm/install.log --single-version-externally-managed install_data[0m
[5.674s] [34mcolcon.colcon_core.environment[0m [1;30mLevel 1[0m checking '/home/ivan/Webots_YOLOv8/install/soccer_ipm' for CMake config files
[5.675s] [34mcolcon.colcon_core.environment[0m [1;30mLevel 1[0m checking '/home/ivan/Webots_YOLOv8/install/soccer_ipm/lib'
[5.675s] [34mcolcon.colcon_core.environment[0m [1;30mLevel 1[0m checking '/home/ivan/Webots_YOLOv8/install/soccer_ipm/bin'
[5.675s] [34mcolcon.colcon_core.environment[0m [1;30mLevel 1[0m checking '/home/ivan/Webots_YOLOv8/install/soccer_ipm/lib/pkgconfig/soccer_ipm.pc'
[5.675s] [34mcolcon.colcon_core.environment[0m [1;30mLevel 1[0m checking '/home/ivan/Webots_YOLOv8/install/soccer_ipm/lib/python3.10/site-packages'
[5.675s] [34mcolcon.colcon_core.shell[0m [1;30mLevel 1[0m create_environment_hook('soccer_ipm', 'pythonpath')
[5.675s] [34mcolcon.colcon_core.shell[0m [1;30mINFO[0m Creating environment hook '/home/ivan/Webots_YOLOv8/install/soccer_ipm/share/soccer_ipm/hook/pythonpath.ps1'
[5.676s] [34mcolcon.colcon_core.shell[0m [1;30mINFO[0m Creating environment descriptor '/home/ivan/Webots_YOLOv8/install/soccer_ipm/share/soccer_ipm/hook/pythonpath.dsv'
[5.676s] [34mcolcon.colcon_core.shell[0m [1;30mINFO[0m Creating environment hook '/home/ivan/Webots_YOLOv8/install/soccer_ipm/share/soccer_ipm/hook/pythonpath.sh'
[5.677s] [34mcolcon.colcon_core.environment[0m [1;30mLevel 1[0m checking '/home/ivan/Webots_YOLOv8/install/soccer_ipm/bin'
[5.677s] [34mcolcon.colcon_core.environment[0m [1;30mLevel 1[0m create_environment_scripts_only(soccer_ipm)
[5.677s] [34mcolcon.colcon_core.shell[0m [1;30mINFO[0m Creating package script '/home/ivan/Webots_YOLOv8/install/soccer_ipm/share/soccer_ipm/package.ps1'
[5.678s] [34mcolcon.colcon_core.shell[0m [1;30mINFO[0m Creating package descriptor '/home/ivan/Webots_YOLOv8/install/soccer_ipm/share/soccer_ipm/package.dsv'
[5.678s] [34mcolcon.colcon_core.shell[0m [1;30mINFO[0m Creating package script '/home/ivan/Webots_YOLOv8/install/soccer_ipm/share/soccer_ipm/package.sh'
[5.679s] [34mcolcon.colcon_core.shell[0m [1;30mINFO[0m Creating package script '/home/ivan/Webots_YOLOv8/install/soccer_ipm/share/soccer_ipm/package.bash'
[5.679s] [34mcolcon.colcon_core.shell[0m [1;30mINFO[0m Creating package script '/home/ivan/Webots_YOLOv8/install/soccer_ipm/share/soccer_ipm/package.zsh'
[5.680s] [34mcolcon.colcon_core.environment[0m [1;30mLevel 1[0m create_file_with_runtime_dependencies(/home/ivan/Webots_YOLOv8/install/soccer_ipm/share/colcon-core/packages/soccer_ipm)
[5.680s] [34mcolcon.colcon_ros.task.ament_python.build[0m [1;30mINFO[0m Building ROS package in '/home/ivan/Webots_YOLOv8/src/Webots_YOLOv8' with build type 'ament_python'
[5.680s] [34mcolcon.colcon_core.shell[0m [1;30mLevel 1[0m create_environment_hook('Webots_YOLOv8', 'ament_prefix_path')
[5.681s] [34mcolcon.colcon_core.shell[0m [1;30mINFO[0m Creating environment hook '/home/ivan/Webots_YOLOv8/install/Webots_YOLOv8/share/Webots_YOLOv8/hook/ament_prefix_path.ps1'
[5.682s] [34mcolcon.colcon_core.shell[0m [1;30mINFO[0m Creating environment descriptor '/home/ivan/Webots_YOLOv8/install/Webots_YOLOv8/share/Webots_YOLOv8/hook/ament_prefix_path.dsv'
[5.682s] [34mcolcon.colcon_core.shell[0m [1;30mINFO[0m Creating environment hook '/home/ivan/Webots_YOLOv8/install/Webots_YOLOv8/share/Webots_YOLOv8/hook/ament_prefix_path.sh'
[5.683s] [34mcolcon.colcon_core.shell[0m [1;30mINFO[0m Skip shell extension 'powershell' for command environment: Not usable outside of PowerShell
[5.683s] [34mcolcon.colcon_core.shell[0m [1;30mDEBUG[0m [32mSkip shell extension 'dsv' for command environment[0m
[5.689s] [34mcolcon.colcon_core.environment[0m [1;30mLevel 1[0m checking '/home/ivan/Webots_YOLOv8/install/ipm_service' for CMake module files
[5.690s] [34mcolcon.colcon_core.event_handler.log_command[0m [1;30mDEBUG[0m [32mInvoked command in '/home/ivan/Webots_YOLOv8/src/ipm/ipm_service' returned '0': AMENT_PREFIX_PATH=/home/ivan/Webots_YOLOv8/install/ipm_library:/home/ivan/Webots_YOLOv8/install/soccer_ipm:/home/ivan/Webots_YOLOv8/install/soccer_interfaces:/home/ivan/Webots_YOLOv8/install/soccer_vision_3d_msgs:/home/ivan/Webots_YOLOv8/install/Webots_YOLOv8:/home/ivan/Webots_YOLOv8/install/soccer_vision_2d_msgs:/home/ivan/Webots_YOLOv8/install/soccer_model_msgs:/home/ivan/Webots_YOLOv8/install/soccer_vision_attribute_msgs:/home/ivan/Webots_YOLOv8/install/soccer_geometry_msgs:/home/ivan/Webots_YOLOv8/install/my_package:/home/ivan/Webots_YOLOv8/install/ipm_service:/home/ivan/Webots_YOLOv8/install/ipm_image_node:/home/ivan/Webots_YOLOv8/install/ipm_interfaces:/home/ivan/ros2_ws/install/object_finder_onnx:/home/ivan/ros2_ws/install/object_finder:/home/ivan/ros2_ws/install/my_package:/home/ivan/ros2_ws/install/Webots_YOLOv8:/home/ivan/ros2_ws/install/edrom_msgs:/opt/ros/humble CMAKE_PREFIX_PATH=/home/ivan/Webots_YOLOv8/install/ipm_interfaces:/home/ivan/Webots_YOLOv8/install/soccer_interfaces:/home/ivan/Webots_YOLOv8/install/soccer_vision_3d_msgs:/home/ivan/Webots_YOLOv8/install/soccer_vision_2d_msgs:/home/ivan/Webots_YOLOv8/install/soccer_model_msgs:/home/ivan/Webots_YOLOv8/install/soccer_vision_attribute_msgs:/home/ivan/Webots_YOLOv8/install/soccer_geometry_msgs:/home/ivan/ros2_ws/install/edrom_msgs LD_LIBRARY_PATH=/home/ivan/Webots_YOLOv8/install/ipm_interfaces/lib:/home/ivan/Webots_YOLOv8/install/soccer_vision_3d_msgs/lib:/home/ivan/Webots_YOLOv8/install/soccer_vision_2d_msgs/lib:/home/ivan/Webots_YOLOv8/install/soccer_model_msgs/lib:/home/ivan/Webots_YOLOv8/install/soccer_vision_attribute_msgs/lib:/home/ivan/Webots_YOLOv8/install/soccer_geometry_msgs/lib:/home/ivan/ros2_ws/install/edrom_msgs/lib:/opt/ros/humble/opt/rviz_ogre_vendor/lib:/opt/ros/humble/lib/x86_64-linux-gnu:/opt/ros/humble/lib PYTHONPATH=/home/ivan/Webots_YOLOv8/build/ipm_service/prefix_override:/usr/lib/python3/dist-packages/colcon_core/task/python/colcon_distutils_commands:/home/ivan/Webots_YOLOv8/install/ipm_service/lib/python3.10/site-packages:/home/ivan/Webots_YOLOv8/install/ipm_library/lib/python3.10/site-packages:/home/ivan/Webots_YOLOv8/install/soccer_ipm/lib/python3.10/site-packages:/home/ivan/Webots_YOLOv8/install/soccer_vision_3d_msgs/local/lib/python3.10/dist-packages:/home/ivan/Webots_YOLOv8/install/Webots_YOLOv8/lib/python3.10/site-packages:/home/ivan/Webots_YOLOv8/install/soccer_vision_2d_msgs/local/lib/python3.10/dist-packages:/home/ivan/Webots_YOLOv8/install/soccer_model_msgs/local/lib/python3.10/dist-packages:/home/ivan/Webots_YOLOv8/install/soccer_vision_attribute_msgs/local/lib/python3.10/dist-packages:/home/ivan/Webots_YOLOv8/install/soccer_geometry_msgs/local/lib/python3.10/dist-packages:/home/ivan/Webots_YOLOv8/install/my_package/lib/python3.10/site-packages:/home/ivan/Webots_YOLOv8/install/ipm_service/lib/python3.10/site-packages:/home/ivan/Webots_YOLOv8/install/ipm_image_node/lib/python3.10/site-packages:/home/ivan/Webots_YOLOv8/install/ipm_interfaces/local/lib/python3.10/dist-packages:/home/ivan/ros2_ws/install/object_finder_onnx/lib/python3.10/site-packages:/home/ivan/ros2_ws/install/object_finder/lib/python3.10/site-packages:/home/ivan/ros2_ws/install/my_package/lib/python3.10/site-packages:/home/ivan/ros2_ws/install/Webots_YOLOv8/lib/python3.10/site-packages:/home/ivan/ros2_ws/install/edrom_msgs/local/lib/python3.10/dist-packages:/opt/ros/humble/lib/python3.10/site-packages:/opt/ros/humble/local/lib/python3.10/dist-packages /usr/bin/python3 -W ignore:setup.py install is deprecated -W ignore:easy_install command is deprecated setup.py egg_info --egg-base ../../../build/ipm_service build --build-base /home/ivan/Webots_YOLOv8/build/ipm_service/build install --record /home/ivan/Webots_YOLOv8/build/ipm_service/install.log --single-version-externally-managed install_data[0m
[5.691s] [34mcolcon.colcon_core.environment[0m [1;30mLevel 1[0m checking '/home/ivan/Webots_YOLOv8/install/ipm_service' for CMake config files
[5.691s] [34mcolcon.colcon_core.environment[0m [1;30mLevel 1[0m checking '/home/ivan/Webots_YOLOv8/install/ipm_service/lib'
[5.691s] [34mcolcon.colcon_core.environment[0m [1;30mLevel 1[0m checking '/home/ivan/Webots_YOLOv8/install/ipm_service/bin'
[5.691s] [34mcolcon.colcon_core.environment[0m [1;30mLevel 1[0m checking '/home/ivan/Webots_YOLOv8/install/ipm_service/lib/pkgconfig/ipm_service.pc'
[5.692s] [34mcolcon.colcon_core.environment[0m [1;30mLevel 1[0m checking '/home/ivan/Webots_YOLOv8/install/ipm_service/lib/python3.10/site-packages'
[5.692s] [34mcolcon.colcon_core.shell[0m [1;30mLevel 1[0m create_environment_hook('ipm_service', 'pythonpath')
[5.692s] [34mcolcon.colcon_core.shell[0m [1;30mINFO[0m Creating environment hook '/home/ivan/Webots_YOLOv8/install/ipm_service/share/ipm_service/hook/pythonpath.ps1'
[5.693s] [34mcolcon.colcon_core.shell[0m [1;30mINFO[0m Creating environment descriptor '/home/ivan/Webots_YOLOv8/install/ipm_service/share/ipm_service/hook/pythonpath.dsv'
[5.693s] [34mcolcon.colcon_core.shell[0m [1;30mINFO[0m Creating environment hook '/home/ivan/Webots_YOLOv8/install/ipm_service/share/ipm_service/hook/pythonpath.sh'
[5.694s] [34mcolcon.colcon_core.environment[0m [1;30mLevel 1[0m checking '/home/ivan/Webots_YOLOv8/install/ipm_service/bin'
[5.694s] [34mcolcon.colcon_core.environment[0m [1;30mLevel 1[0m create_environment_scripts_only(ipm_service)
[5.694s] [34mcolcon.colcon_core.shell[0m [1;30mINFO[0m Creating package script '/home/ivan/Webots_YOLOv8/install/ipm_service/share/ipm_service/package.ps1'
[5.695s] [34mcolcon.colcon_core.shell[0m [1;30mINFO[0m Creating package descriptor '/home/ivan/Webots_YOLOv8/install/ipm_service/share/ipm_service/package.dsv'
[5.695s] [34mcolcon.colcon_core.shell[0m [1;30mINFO[0m Creating package script '/home/ivan/Webots_YOLOv8/install/ipm_service/share/ipm_service/package.sh'
[5.695s] [34mcolcon.colcon_core.shell[0m [1;30mINFO[0m Creating package script '/home/ivan/Webots_YOLOv8/install/ipm_service/share/ipm_service/package.bash'
[5.696s] [34mcolcon.colcon_core.shell[0m [1;30mINFO[0m Creating package script '/home/ivan/Webots_YOLOv8/install/ipm_service/share/ipm_service/package.zsh'
[5.696s] [34mcolcon.colcon_core.environment[0m [1;30mLevel 1[0m create_file_with_runtime_dependencies(/home/ivan/Webots_YOLOv8/install/ipm_service/share/colcon-core/packages/ipm_service)
[6.089s] [34mcolcon.colcon_ros.task.ament_python.build[0m [1;30mWARNING[0m [33mPackage 'Webots_YOLOv8' doesn't explicitly install a marker in the package index (colcon-ros currently does it implicitly but that fallback will be removed in the future)[0m
[6.090s] [34mcolcon.colcon_core.task.python.build[0m [1;30mINFO[0m Building Python package in '/home/ivan/Webots_YOLOv8/src/Webots_YOLOv8'
[6.090s] [34mcolcon.colcon_core.shell[0m [1;30mINFO[0m Skip shell extension 'powershell' for command environment: Not usable outside of PowerShell
[6.090s] [34mcolcon.colcon_core.shell[0m [1;30mDEBUG[0m [32mSkip shell extension 'dsv' for command environment[0m
[6.628s] [34mcolcon.colcon_core.event_handler.log_command[0m [1;30mDEBUG[0m [32mInvoking command in '/home/ivan/Webots_YOLOv8/src/Webots_YOLOv8': AMENT_PREFIX_PATH=/home/ivan/Webots_YOLOv8/install/soccer_ipm:/home/ivan/Webots_YOLOv8/install/ipm_library:/home/ivan/Webots_YOLOv8/install/soccer_interfaces:/home/ivan/Webots_YOLOv8/install/soccer_vision_3d_msgs:/home/ivan/Webots_YOLOv8/install/Webots_YOLOv8:/home/ivan/Webots_YOLOv8/install/soccer_vision_2d_msgs:/home/ivan/Webots_YOLOv8/install/soccer_model_msgs:/home/ivan/Webots_YOLOv8/install/soccer_vision_attribute_msgs:/home/ivan/Webots_YOLOv8/install/soccer_geometry_msgs:/home/ivan/Webots_YOLOv8/install/my_package:/home/ivan/Webots_YOLOv8/install/ipm_service:/home/ivan/Webots_YOLOv8/install/ipm_image_node:/home/ivan/Webots_YOLOv8/install/ipm_interfaces:/home/ivan/ros2_ws/install/object_finder_onnx:/home/ivan/ros2_ws/install/object_finder:/home/ivan/ros2_ws/install/my_package:/home/ivan/ros2_ws/install/Webots_YOLOv8:/home/ivan/ros2_ws/install/edrom_msgs:/opt/ros/humble CMAKE_PREFIX_PATH=/home/ivan/Webots_YOLOv8/install/soccer_vision_3d_msgs:/home/ivan/Webots_YOLOv8/install/soccer_vision_2d_msgs:/home/ivan/Webots_YOLOv8/install/soccer_vision_attribute_msgs:/home/ivan/Webots_YOLOv8/install/ipm_interfaces:/home/ivan/Webots_YOLOv8/install/soccer_interfaces:/home/ivan/Webots_YOLOv8/install/soccer_model_msgs:/home/ivan/Webots_YOLOv8/install/soccer_geometry_msgs:/home/ivan/ros2_ws/install/edrom_msgs LD_LIBRARY_PATH=/home/ivan/Webots_YOLOv8/install/soccer_vision_3d_msgs/lib:/home/ivan/Webots_YOLOv8/install/soccer_vision_2d_msgs/lib:/home/ivan/Webots_YOLOv8/install/soccer_vision_attribute_msgs/lib:/home/ivan/Webots_YOLOv8/install/ipm_interfaces/lib:/home/ivan/Webots_YOLOv8/install/soccer_model_msgs/lib:/home/ivan/Webots_YOLOv8/install/soccer_geometry_msgs/lib:/home/ivan/ros2_ws/install/edrom_msgs/lib:/opt/ros/humble/opt/rviz_ogre_vendor/lib:/opt/ros/humble/lib/x86_64-linux-gnu:/opt/ros/humble/lib PYTHONPATH=/home/ivan/Webots_YOLOv8/build/Webots_YOLOv8/prefix_override:/usr/lib/python3/dist-packages/colcon_core/task/python/colcon_distutils_commands:/home/ivan/Webots_YOLOv8/install/Webots_YOLOv8/lib/python3.10/site-packages:/home/ivan/Webots_YOLOv8/install/soccer_ipm/lib/python3.10/site-packages:/home/ivan/Webots_YOLOv8/install/ipm_library/lib/python3.10/site-packages:/home/ivan/Webots_YOLOv8/install/soccer_vision_3d_msgs/local/lib/python3.10/dist-packages:/home/ivan/Webots_YOLOv8/install/Webots_YOLOv8/lib/python3.10/site-packages:/home/ivan/Webots_YOLOv8/install/soccer_vision_2d_msgs/local/lib/python3.10/dist-packages:/home/ivan/Webots_YOLOv8/install/soccer_model_msgs/local/lib/python3.10/dist-packages:/home/ivan/Webots_YOLOv8/install/soccer_vision_attribute_msgs/local/lib/python3.10/dist-packages:/home/ivan/Webots_YOLOv8/install/soccer_geometry_msgs/local/lib/python3.10/dist-packages:/home/ivan/Webots_YOLOv8/install/my_package/lib/python3.10/site-packages:/home/ivan/Webots_YOLOv8/install/ipm_service/lib/python3.10/site-packages:/home/ivan/Webots_YOLOv8/install/ipm_image_node/lib/python3.10/site-packages:/home/ivan/Webots_YOLOv8/install/ipm_interfaces/local/lib/python3.10/dist-packages:/home/ivan/ros2_ws/install/object_finder_onnx/lib/python3.10/site-packages:/home/ivan/ros2_ws/install/object_finder/lib/python3.10/site-packages:/home/ivan/ros2_ws/install/my_package/lib/python3.10/site-packages:/home/ivan/ros2_ws/install/Webots_YOLOv8/lib/python3.10/site-packages:/home/ivan/ros2_ws/install/edrom_msgs/local/lib/python3.10/dist-packages:/opt/ros/humble/lib/python3.10/site-packages:/opt/ros/humble/local/lib/python3.10/dist-packages /usr/bin/python3 -W ignore:setup.py install is deprecated -W ignore:easy_install command is deprecated setup.py egg_info --egg-base ../../build/Webots_YOLOv8 build --build-base /home/ivan/Webots_YOLOv8/build/Webots_YOLOv8/build install --record /home/ivan/Webots_YOLOv8/build/Webots_YOLOv8/install.log --single-version-externally-managed install_data[0m
[7.051s] [34mcolcon.colcon_core.environment[0m [1;30mLevel 1[0m checking '/home/ivan/Webots_YOLOv8/install/Webots_YOLOv8' for CMake module files
[7.052s] [34mcolcon.colcon_core.event_handler.log_command[0m [1;30mDEBUG[0m [32mInvoked command in '/home/ivan/Webots_YOLOv8/src/Webots_YOLOv8' returned '0': AMENT_PREFIX_PATH=/home/ivan/Webots_YOLOv8/install/soccer_ipm:/home/ivan/Webots_YOLOv8/install/ipm_library:/home/ivan/Webots_YOLOv8/install/soccer_interfaces:/home/ivan/Webots_YOLOv8/install/soccer_vision_3d_msgs:/home/ivan/Webots_YOLOv8/install/Webots_YOLOv8:/home/ivan/Webots_YOLOv8/install/soccer_vision_2d_msgs:/home/ivan/Webots_YOLOv8/install/soccer_model_msgs:/home/ivan/Webots_YOLOv8/install/soccer_vision_attribute_msgs:/home/ivan/Webots_YOLOv8/install/soccer_geometry_msgs:/home/ivan/Webots_YOLOv8/install/my_package:/home/ivan/Webots_YOLOv8/install/ipm_service:/home/ivan/Webots_YOLOv8/install/ipm_image_node:/home/ivan/Webots_YOLOv8/install/ipm_interfaces:/home/ivan/ros2_ws/install/object_finder_onnx:/home/ivan/ros2_ws/install/object_finder:/home/ivan/ros2_ws/install/my_package:/home/ivan/ros2_ws/install/Webots_YOLOv8:/home/ivan/ros2_ws/install/edrom_msgs:/opt/ros/humble CMAKE_PREFIX_PATH=/home/ivan/Webots_YOLOv8/install/soccer_vision_3d_msgs:/home/ivan/Webots_YOLOv8/install/soccer_vision_2d_msgs:/home/ivan/Webots_YOLOv8/install/soccer_vision_attribute_msgs:/home/ivan/Webots_YOLOv8/install/ipm_interfaces:/home/ivan/Webots_YOLOv8/install/soccer_interfaces:/home/ivan/Webots_YOLOv8/install/soccer_model_msgs:/home/ivan/Webots_YOLOv8/install/soccer_geometry_msgs:/home/ivan/ros2_ws/install/edrom_msgs LD_LIBRARY_PATH=/home/ivan/Webots_YOLOv8/install/soccer_vision_3d_msgs/lib:/home/ivan/Webots_YOLOv8/install/soccer_vision_2d_msgs/lib:/home/ivan/Webots_YOLOv8/install/soccer_vision_attribute_msgs/lib:/home/ivan/Webots_YOLOv8/install/ipm_interfaces/lib:/home/ivan/Webots_YOLOv8/install/soccer_model_msgs/lib:/home/ivan/Webots_YOLOv8/install/soccer_geometry_msgs/lib:/home/ivan/ros2_ws/install/edrom_msgs/lib:/opt/ros/humble/opt/rviz_ogre_vendor/lib:/opt/ros/humble/lib/x86_64-linux-gnu:/opt/ros/humble/lib PYTHONPATH=/home/ivan/Webots_YOLOv8/build/Webots_YOLOv8/prefix_override:/usr/lib/python3/dist-packages/colcon_core/task/python/colcon_distutils_commands:/home/ivan/Webots_YOLOv8/install/Webots_YOLOv8/lib/python3.10/site-packages:/home/ivan/Webots_YOLOv8/install/soccer_ipm/lib/python3.10/site-packages:/home/ivan/Webots_YOLOv8/install/ipm_library/lib/python3.10/site-packages:/home/ivan/Webots_YOLOv8/install/soccer_vision_3d_msgs/local/lib/python3.10/dist-packages:/home/ivan/Webots_YOLOv8/install/Webots_YOLOv8/lib/python3.10/site-packages:/home/ivan/Webots_YOLOv8/install/soccer_vision_2d_msgs/local/lib/python3.10/dist-packages:/home/ivan/Webots_YOLOv8/install/soccer_model_msgs/local/lib/python3.10/dist-packages:/home/ivan/Webots_YOLOv8/install/soccer_vision_attribute_msgs/local/lib/python3.10/dist-packages:/home/ivan/Webots_YOLOv8/install/soccer_geometry_msgs/local/lib/python3.10/dist-packages:/home/ivan/Webots_YOLOv8/install/my_package/lib/python3.10/site-packages:/home/ivan/Webots_YOLOv8/install/ipm_service/lib/python3.10/site-packages:/home/ivan/Webots_YOLOv8/install/ipm_image_node/lib/python3.10/site-packages:/home/ivan/Webots_YOLOv8/install/ipm_interfaces/local/lib/python3.10/dist-packages:/home/ivan/ros2_ws/install/object_finder_onnx/lib/python3.10/site-packages:/home/ivan/ros2_ws/install/object_finder/lib/python3.10/site-packages:/home/ivan/ros2_ws/install/my_package/lib/python3.10/site-packages:/home/ivan/ros2_ws/install/Webots_YOLOv8/lib/python3.10/site-packages:/home/ivan/ros2_ws/install/edrom_msgs/local/lib/python3.10/dist-packages:/opt/ros/humble/lib/python3.10/site-packages:/opt/ros/humble/local/lib/python3.10/dist-packages /usr/bin/python3 -W ignore:setup.py install is deprecated -W ignore:easy_install command is deprecated setup.py egg_info --egg-base ../../build/Webots_YOLOv8 build --build-base /home/ivan/Webots_YOLOv8/build/Webots_YOLOv8/build install --record /home/ivan/Webots_YOLOv8/build/Webots_YOLOv8/install.log --single-version-externally-managed install_data[0m
[7.052s] [34mcolcon.colcon_core.environment[0m [1;30mLevel 1[0m checking '/home/ivan/Webots_YOLOv8/install/Webots_YOLOv8' for CMake config files
[7.053s] [34mcolcon.colcon_core.environment[0m [1;30mLevel 1[0m checking '/home/ivan/Webots_YOLOv8/install/Webots_YOLOv8/lib'
[7.053s] [34mcolcon.colcon_core.environment[0m [1;30mLevel 1[0m checking '/home/ivan/Webots_YOLOv8/install/Webots_YOLOv8/bin'
[7.053s] [34mcolcon.colcon_core.environment[0m [1;30mLevel 1[0m checking '/home/ivan/Webots_YOLOv8/install/Webots_YOLOv8/lib/pkgconfig/Webots_YOLOv8.pc'
[7.054s] [34mcolcon.colcon_core.environment[0m [1;30mLevel 1[0m checking '/home/ivan/Webots_YOLOv8/install/Webots_YOLOv8/lib/python3.10/site-packages'
[7.054s] [34mcolcon.colcon_core.shell[0m [1;30mLevel 1[0m create_environment_hook('Webots_YOLOv8', 'pythonpath')
[7.054s] [34mcolcon.colcon_core.shell[0m [1;30mINFO[0m Creating environment hook '/home/ivan/Webots_YOLOv8/install/Webots_YOLOv8/share/Webots_YOLOv8/hook/pythonpath.ps1'
[7.054s] [34mcolcon.colcon_core.shell[0m [1;30mINFO[0m Creating environment descriptor '/home/ivan/Webots_YOLOv8/install/Webots_YOLOv8/share/Webots_YOLOv8/hook/pythonpath.dsv'
[7.055s] [34mcolcon.colcon_core.shell[0m [1;30mINFO[0m Creating environment hook '/home/ivan/Webots_YOLOv8/install/Webots_YOLOv8/share/Webots_YOLOv8/hook/pythonpath.sh'
[7.055s] [34mcolcon.colcon_core.environment[0m [1;30mLevel 1[0m checking '/home/ivan/Webots_YOLOv8/install/Webots_YOLOv8/bin'
[7.056s] [34mcolcon.colcon_core.environment[0m [1;30mLevel 1[0m create_environment_scripts_only(Webots_YOLOv8)
[7.056s] [34mcolcon.colcon_core.shell[0m [1;30mINFO[0m Creating package script '/home/ivan/Webots_YOLOv8/install/Webots_YOLOv8/share/Webots_YOLOv8/package.ps1'
[7.057s] [34mcolcon.colcon_core.shell[0m [1;30mINFO[0m Creating package descriptor '/home/ivan/Webots_YOLOv8/install/Webots_YOLOv8/share/Webots_YOLOv8/package.dsv'
[7.057s] [34mcolcon.colcon_core.shell[0m [1;30mINFO[0m Creating package script '/home/ivan/Webots_YOLOv8/install/Webots_YOLOv8/share/Webots_YOLOv8/package.sh'
[7.058s] [34mcolcon.colcon_core.shell[0m [1;30mINFO[0m Creating package script '/home/ivan/Webots_YOLOv8/install/Webots_YOLOv8/share/Webots_YOLOv8/package.bash'
[7.058s] [34mcolcon.colcon_core.shell[0m [1;30mINFO[0m Creating package script '/home/ivan/Webots_YOLOv8/install/Webots_YOLOv8/share/Webots_YOLOv8/package.zsh'
[7.058s] [34mcolcon.colcon_core.environment[0m [1;30mLevel 1[0m create_file_with_runtime_dependencies(/home/ivan/Webots_YOLOv8/install/Webots_YOLOv8/share/colcon-core/packages/Webots_YOLOv8)
[7.059s] [34mcolcon.colcon_parallel_executor.executor.parallel[0m [1;30mDEBUG[0m [32mclosing loop[0m
[7.059s] [34mcolcon.colcon_parallel_executor.executor.parallel[0m [1;30mDEBUG[0m [32mloop closed[0m
[7.059s] [34mcolcon.colcon_parallel_executor.executor.parallel[0m [1;30mDEBUG[0m [32mrun_until_complete finished with '0'[0m
[7.059s] [34mcolcon.colcon_core.event_reactor[0m [1;30mDEBUG[0m [32mjoining thread[0m
[7.071s] [34mcolcon.colcon_core.plugin_system[0m [1;30mINFO[0m Skipping extension 'colcon_notification.desktop_notification.terminal_notifier': Not used on non-Darwin systems
[7.071s] [34mcolcon.colcon_core.plugin_system[0m [1;30mINFO[0m Skipping extension 'colcon_notification.desktop_notification.win32': Not used on non-Windows systems
[7.071s] [34mcolcon.colcon_notification.desktop_notification[0m [1;30mINFO[0m Sending desktop notification using 'notify2'
[7.092s] [34mcolcon.colcon_core.event_reactor[0m [1;30mDEBUG[0m [32mjoined thread[0m
[7.093s] [34mcolcon.colcon_core.shell[0m [1;30mINFO[0m Creating prefix script '/home/ivan/Webots_YOLOv8/install/local_setup.ps1'
[7.094s] [34mcolcon.colcon_core.shell[0m [1;30mINFO[0m Creating prefix util module '/home/ivan/Webots_YOLOv8/install/_local_setup_util_ps1.py'
[7.098s] [34mcolcon.colcon_core.shell[0m [1;30mINFO[0m Creating prefix chain script '/home/ivan/Webots_YOLOv8/install/setup.ps1'
[7.102s] [34mcolcon.colcon_core.shell[0m [1;30mINFO[0m Creating prefix script '/home/ivan/Webots_YOLOv8/install/local_setup.sh'
[7.103s] [34mcolcon.colcon_core.shell[0m [1;30mINFO[0m Creating prefix util module '/home/ivan/Webots_YOLOv8/install/_local_setup_util_sh.py'
[7.104s] [34mcolcon.colcon_core.shell[0m [1;30mINFO[0m Creating prefix chain script '/home/ivan/Webots_YOLOv8/install/setup.sh'
[7.108s] [34mcolcon.colcon_core.shell[0m [1;30mINFO[0m Creating prefix script '/home/ivan/Webots_YOLOv8/install/local_setup.bash'
[7.109s] [34mcolcon.colcon_core.shell[0m [1;30mINFO[0m Creating prefix chain script '/home/ivan/Webots_YOLOv8/install/setup.bash'
[7.113s] [34mcolcon.colcon_core.shell[0m [1;30mINFO[0m Creating prefix script '/home/ivan/Webots_YOLOv8/install/local_setup.zsh'
[7.114s] [34mcolcon.colcon_core.shell[0m [1;30mINFO[0m Creating prefix chain script '/home/ivan/Webots_YOLOv8/install/setup.zsh'
